timestamp,datetime_utc,scene_id,split,eligible,valid_keypoints,height,width,depth_path,confidence_path,pose_path,drop_reason
1751160892,2025-06-29T01:34:52Z,scene_000,test,true,15,180,240,data/raw/arducam/depth/1751160892.npy,data/raw/arducam/confidence/1751160892.npy,data/processed/arducam/pose_coco17/1751160892.json,
1751160893,2025-06-29T01:34:53Z,scene_000,test,true,17,180,240,data/raw/arducam/depth/1751160893.npy,data/raw/arducam/confidence/1751160893.npy,data/processed/arducam/pose_coco17/1751160893.json,
1751160894,2025-06-29T01:34:54Z,scene_000,test,true,17,180,240,data/raw/arducam/depth/1751160894.npy,data/raw/arducam/confidence/1751160894.npy,data/processed/arducam/pose_coco17/1751160894.json,
1751160895,2025-06-29T01:34:55Z,scene_000,test,true,15,180,240,data/raw/arducam/depth/1751160895.npy,data/raw/arducam/confidence/1751160895.npy,data/processed/arducam/pose_coco17/1751160895.json,
1751160896,2025-06-29T01:34:56Z,scene_000,test,true,17,180,240,data/raw/arducam/depth/1751160896.npy,data/raw/arducam/confidence/1751160896.npy,data/processed/arducam/pose_coco17/1751160896.json,
1751160897,2025-06-29T01:34:57Z,scene_000,test,true,17,180,240,data/raw/arducam/depth/1751160897.npy,data/raw/arducam/confidence/1751160897.npy,data/processed/arducam/pose_coco17/1751160897.json,
1751160898,2025-06-29T01:34:58Z,scene_000,test,true,17,180,240,data/raw/arducam/depth/1751160898.npy,data/raw/arducam/confidence/1751160898.npy,data/processed/arducam/pose_coco17/1751160898.json,
1751160899,2025-06-29T01:34:59Z,scene_000,test,true,17,180,240,data/raw/arducam/depth/1751160899.npy,data/raw/arducam/confidence/1751160899.npy,data/processed/arducam/pose_coco17/1751160899.json,
1751160900,2025-06-29T01:35:00Z,scene_000,test,true,17,180,240,data/raw/arducam/depth/1751160900.npy,data/raw/arducam/confidence/1751160900.npy,data/processed/arducam/pose_coco17/1751160900.json,
1751160901,2025-06-29T01:35:01Z,scene_000,test,true,17,180,240,data/raw/arducam/depth/1751160901.npy,data/raw/arducam/confidence/1751160901.npy,data/processed/arducam/pose_coco17/1751160901.json,
1751160902,2025-06-29T01:35:02Z,scene_000,test,true,17,180,240,data/raw/arducam/depth/1751160902.npy,data/raw/arducam/confidence/1751160902.npy,data/processed/arducam/pose_coco17/1751160902.json,
1751160903,2025-06-29T01:35:03Z,scene_000,test,true,15,180,240,data/raw/arducam/depth/1751160903.npy,data/raw/arducam/confidence/1751160903.npy,data/processed/arducam/pose_coco17/1751160903.json,
1751160904,2025-06-29T01:35:04Z,scene_000,test,true,16,180,240,data/raw/arducam/depth/1751160904.npy,data/raw/arducam/confidence/1751160904.npy,data/processed/arducam/pose_coco17/1751160904.json,
1751160905,2025-06-29T01:35:05Z,scene_000,test,true,17,180,240,data/raw/arducam/depth/1751160905.npy,data/raw/arducam/confidence/1751160905.npy,data/processed/arducam/pose_coco17/1751160905.json,
1751160906,2025-06-29T01:35:06Z,scene_000,test,true,17,180,240,data/raw/arducam/depth/1751160906.npy,data/raw/arducam/confidence/1751160906.npy,data/processed/arducam/pose_coco17/1751160906.json,
1751160907,2025-06-29T01:35:07Z,scene_000,test,true,16,180,240,data/raw/arducam/depth/1751160907.npy,data/raw/arducam/confidence/1751160907.npy,data/processed/arducam/pose_coco17/1751160907.json,
1751160908,2025-06-29T01:35:08Z,scene_000,test,true,16,180,240,data/raw/arducam/depth/1751160908.npy,data/raw/arducam/confidence/1751160908.npy,data/processed/arducam/pose_coco17/1751160908.json,
1751160909,2025-06-29T01:35:09Z,scene_000,test,true,17,180,240,data/raw/arducam/depth/1751160909.npy,data/raw/arducam/confidence/1751160909.npy,data/processed/arducam/pose_coco17/1751160909.json,
1751160910,2025-06-29T01:35:10Z,scene_000,test,true,15,180,240,data/raw/arducam/depth/1751160910.npy,data/raw/arducam/confidence/1751160910.npy,data/processed/arducam/pose_coco17/1751160910.json,
1751160911,2025-06-29T01:35:11Z,scene_000,test,true,15,180,240,data/raw/arducam/depth/1751160911.npy,data/raw/arducam/confidence/1751160911.npy,data/processed/arducam/pose_coco17/1751160911.json,
1751160912,2025-06-29T01:35:12Z,scene_000,test,true,13,180,240,data/raw/arducam/depth/1751160912.npy,data/raw/arducam/confidence/1751160912.npy,data/processed/arducam/pose_coco17/1751160912.json,
1751160913,2025-06-29T01:35:13Z,scene_000,test,true,15,180,240,data/raw/arducam/depth/1751160913.npy,data/raw/arducam/confidence/1751160913.npy,data/processed/arducam/pose_coco17/1751160913.json,
1751160914,2025-06-29T01:35:14Z,scene_000,test,false,10,180,240,data/raw/arducam/depth/1751160914.npy,data/raw/arducam/confidence/1751160914.npy,data/processed/arducam/pose_coco17/1751160914.json,fewer_than_12_valid_keypoints
1751160915,2025-06-29T01:35:15Z,scene_000,test,true,13,180,240,data/raw/arducam/depth/1751160915.npy,data/raw/arducam/confidence/1751160915.npy,data/processed/arducam/pose_coco17/1751160915.json,
1751160916,2025-06-29T01:35:16Z,scene_000,test,true,17,180,240,data/raw/arducam/depth/1751160916.npy,data/raw/arducam/confidence/1751160916.npy,data/processed/arducam/pose_coco17/1751160916.json,
1751160917,2025-06-29T01:35:17Z,scene_000,test,true,13,180,240,data/raw/arducam/depth/1751160917.npy,data/raw/arducam/confidence/1751160917.npy,data/processed/arducam/pose_coco17/1751160917.json,
1751160918,2025-06-29T01:35:18Z,scene_000,test,true,17,180,240,data/raw/arducam/depth/1751160918.npy,data/raw/arducam/confidence/1751160918.npy,data/processed/arducam/pose_coco17/1751160918.json,
1751160919,2025-06-29T01:35:19Z,scene_000,test,true,17,180,240,data/raw/arducam/depth/1751160919.npy,data/raw/arducam/confidence/1751160919.npy,data/processed/arducam/pose_coco17/1751160919.json,
1751160920,2025-06-29T01:35:20Z,scene_000,test,true,17,180,240,data/raw/arducam/depth/1751160920.npy,data/raw/arducam/confidence/1751160920.npy,data/processed/arducam/pose_coco17/1751160920.json,
1751160921,2025-06-29T01:35:21Z,scene_000,test,true,17,180,240,data/raw/arducam/depth/1751160921.npy,data/raw/arducam/confidence/1751160921.npy,data/processed/arducam/pose_coco17/1751160921.json,
1751160922,2025-06-29T01:35:22Z,scene_000,test,true,17,180,240,data/raw/arducam/depth/1751160922.npy,data/raw/arducam/confidence/1751160922.npy,data/processed/arducam/pose_coco17/1751160922.json,
1751160923,2025-06-29T01:35:23Z,scene_000,test,true,17,180,240,data/raw/arducam/depth/1751160923.npy,data/raw/arducam/confidence/1751160923.npy,data/processed/arducam/pose_coco17/1751160923.json,
1751160924,2025-06-29T01:35:24Z,scene_000,test,true,16,180,240,data/raw/arducam/depth/1751160924.npy,data/raw/arducam/confidence/1751160924.npy,data/processed/arducam/pose_coco17/1751160924.json,
1751160925,2025-06-29T01:35:25Z,scene_000,test,true,15,180,240,data/raw/arducam/depth/1751160925.npy,data/raw/arducam/confidence/1751160925.npy,data/processed/arducam/pose_coco17/1751160925.json,
1751160926,2025-06-29T01:35:26Z,scene_000,test,true,16,180,240,data/raw/arducam/depth/1751160926.npy,data/raw/arducam/confidence/1751160926.npy,data/processed/arducam/pose_coco17/1751160926.json,
1751160927,2025-06-29T01:35:27Z,scene_000,test,true,17,180,240,data/raw/arducam/depth/1751160927.npy,data/raw/arducam/confidence/1751160927.npy,data/processed/arducam/pose_coco17/1751160927.json,
1751160928,2025-06-29T01:35:28Z,scene_000,test,true,13,180,240,data/raw/arducam/depth/1751160928.npy,data/raw/arducam/confidence/1751160928.npy,data/processed/arducam/pose_coco17/1751160928.json,
1751160929,2025-06-29T01:35:29Z,scene_000,test,true,17,180,240,data/raw/arducam/depth/1751160929.npy,data/raw/arducam/confidence/1751160929.npy,data/processed/arducam/pose_coco17/1751160929.json,
1751160930,2025-06-29T01:35:30Z,scene_000,test,true,17,180,240,data/raw/arducam/depth/1751160930.npy,data/raw/arducam/confidence/1751160930.npy,data/processed/arducam/pose_coco17/1751160930.json,
1751160931,2025-06-29T01:35:31Z,scene_000,test,true,17,180,240,data/raw/arducam/depth/1751160931.npy,data/raw/arducam/confidence/1751160931.npy,data/processed/arducam/pose_coco17/1751160931.json,
1751160932,2025-06-29T01:35:32Z,scene_000,test,true,16,180,240,data/raw/arducam/depth/1751160932.npy,data/raw/arducam/confidence/1751160932.npy,data/processed/arducam/pose_coco17/1751160932.json,
1751160933,2025-06-29T01:35:33Z,scene_000,test,true,17,180,240,data/raw/arducam/depth/1751160933.npy,data/raw/arducam/confidence/1751160933.npy,data/processed/arducam/pose_coco17/1751160933.json,
1751160934,2025-06-29T01:35:34Z,scene_000,test,true,17,180,240,data/raw/arducam/depth/1751160934.npy,data/raw/arducam/confidence/1751160934.npy,data/processed/arducam/pose_coco17/1751160934.json,
1751160935,2025-06-29T01:35:35Z,scene_000,test,true,17,180,240,data/raw/arducam/depth/1751160935.npy,data/raw/arducam/confidence/1751160935.npy,data/processed/arducam/pose_coco17/1751160935.json,
1751160936,2025-06-29T01:35:36Z,scene_000,test,true,17,180,240,data/raw/arducam/depth/1751160936.npy,data/raw/arducam/confidence/1751160936.npy,data/processed/arducam/pose_coco17/1751160936.json,
1751160937,2025-06-29T01:35:37Z,scene_000,test,true,17,180,240,data/raw/arducam/depth/1751160937.npy,data/raw/arducam/confidence/1751160937.npy,data/processed/arducam/pose_coco17/1751160937.json,
1751160938,2025-06-29T01:35:38Z,scene_000,test,true,17,180,240,data/raw/arducam/depth/1751160938.npy,data/raw/arducam/confidence/1751160938.npy,data/processed/arducam/pose_coco17/1751160938.json,
1751160939,2025-06-29T01:35:39Z,scene_000,test,true,17,180,240,data/raw/arducam/depth/1751160939.npy,data/raw/arducam/confidence/1751160939.npy,data/processed/arducam/pose_coco17/1751160939.json,
1751160940,2025-06-29T01:35:40Z,scene_000,test,true,17,180,240,data/raw/arducam/depth/1751160940.npy,data/raw/arducam/confidence/1751160940.npy,data/processed/arducam/pose_coco17/1751160940.json,
1751160941,2025-06-29T01:35:41Z,scene_000,test,true,17,180,240,data/raw/arducam/depth/1751160941.npy,data/raw/arducam/confidence/1751160941.npy,data/processed/arducam/pose_coco17/1751160941.json,
1751160942,2025-06-29T01:35:42Z,scene_000,test,true,15,180,240,data/raw/arducam/depth/1751160942.npy,data/raw/arducam/confidence/1751160942.npy,data/processed/arducam/pose_coco17/1751160942.json,
1751160943,2025-06-29T01:35:43Z,scene_000,test,true,17,180,240,data/raw/arducam/depth/1751160943.npy,data/raw/arducam/confidence/1751160943.npy,data/processed/arducam/pose_coco17/1751160943.json,
1751160944,2025-06-29T01:35:44Z,scene_000,test,true,16,180,240,data/raw/arducam/depth/1751160944.npy,data/raw/arducam/confidence/1751160944.npy,data/processed/arducam/pose_coco17/1751160944.json,
1751160945,2025-06-29T01:35:45Z,scene_000,test,true,17,180,240,data/raw/arducam/depth/1751160945.npy,data/raw/arducam/confidence/1751160945.npy,data/processed/arducam/pose_coco17/1751160945.json,
1751160946,2025-06-29T01:35:46Z,scene_000,test,true,16,180,240,data/raw/arducam/depth/1751160946.npy,data/raw/arducam/confidence/1751160946.npy,data/processed/arducam/pose_coco17/1751160946.json,
1751160947,2025-06-29T01:35:47Z,scene_000,test,true,17,180,240,data/raw/arducam/depth/1751160947.npy,data/raw/arducam/confidence/1751160947.npy,data/processed/arducam/pose_coco17/1751160947.json,
1751160948,2025-06-29T01:35:48Z,scene_000,test,true,17,180,240,data/raw/arducam/depth/1751160948.npy,data/raw/arducam/confidence/1751160948.npy,data/processed/arducam/pose_coco17/1751160948.json,
1751160949,2025-06-29T01:35:49Z,scene_000,test,true,16,180,240,data/raw/arducam/depth/1751160949.npy,data/raw/arducam/confidence/1751160949.npy,data/processed/arducam/pose_coco17/1751160949.json,
1751160950,2025-06-29T01:35:50Z,scene_000,test,true,17,180,240,data/raw/arducam/depth/1751160950.npy,data/raw/arducam/confidence/1751160950.npy,data/processed/arducam/pose_coco17/1751160950.json,
1751160951,2025-06-29T01:35:51Z,scene_000,test,true,17,180,240,data/raw/arducam/depth/1751160951.npy,data/raw/arducam/confidence/1751160951.npy,data/processed/arducam/pose_coco17/1751160951.json,
1751160952,2025-06-29T01:35:52Z,scene_000,test,true,17,180,240,data/raw/arducam/depth/1751160952.npy,data/raw/arducam/confidence/1751160952.npy,data/processed/arducam/pose_coco17/1751160952.json,
1751160953,2025-06-29T01:35:53Z,scene_000,test,true,17,180,240,data/raw/arducam/depth/1751160953.npy,data/raw/arducam/confidence/1751160953.npy,data/processed/arducam/pose_coco17/1751160953.json,
1751160954,2025-06-29T01:35:54Z,scene_000,test,true,17,180,240,data/raw/arducam/depth/1751160954.npy,data/raw/arducam/confidence/1751160954.npy,data/processed/arducam/pose_coco17/1751160954.json,
1751160955,2025-06-29T01:35:55Z,scene_000,test,true,17,180,240,data/raw/arducam/depth/1751160955.npy,data/raw/arducam/confidence/1751160955.npy,data/processed/arducam/pose_coco17/1751160955.json,
1751160956,2025-06-29T01:35:56Z,scene_000,test,true,17,180,240,data/raw/arducam/depth/1751160956.npy,data/raw/arducam/confidence/1751160956.npy,data/processed/arducam/pose_coco17/1751160956.json,
1751160957,2025-06-29T01:35:57Z,scene_000,test,true,17,180,240,data/raw/arducam/depth/1751160957.npy,data/raw/arducam/confidence/1751160957.npy,data/processed/arducam/pose_coco17/1751160957.json,
1751160958,2025-06-29T01:35:58Z,scene_000,test,true,16,180,240,data/raw/arducam/depth/1751160958.npy,data/raw/arducam/confidence/1751160958.npy,data/processed/arducam/pose_coco17/1751160958.json,
1751160959,2025-06-29T01:35:59Z,scene_000,test,true,15,180,240,data/raw/arducam/depth/1751160959.npy,data/raw/arducam/confidence/1751160959.npy,data/processed/arducam/pose_coco17/1751160959.json,
1751160960,2025-06-29T01:36:00Z,scene_000,test,true,15,180,240,data/raw/arducam/depth/1751160960.npy,data/raw/arducam/confidence/1751160960.npy,data/processed/arducam/pose_coco17/1751160960.json,
1751160961,2025-06-29T01:36:01Z,scene_000,test,true,13,180,240,data/raw/arducam/depth/1751160961.npy,data/raw/arducam/confidence/1751160961.npy,data/processed/arducam/pose_coco17/1751160961.json,
1751160965,2025-06-29T01:36:05Z,scene_000,test,false,0,180,240,data/raw/arducam/depth/1751160965.npy,data/raw/arducam/confidence/1751160965.npy,data/processed/arducam/pose_coco17/1751160965.json,fewer_than_12_valid_keypoints
1751160966,2025-06-29T01:36:06Z,scene_000,test,false,6,180,240,data/raw/arducam/depth/1751160966.npy,data/raw/arducam/confidence/1751160966.npy,data/processed/arducam/pose_coco17/1751160966.json,fewer_than_12_valid_keypoints
1751160967,2025-06-29T01:36:07Z,scene_000,test,true,16,180,240,data/raw/arducam/depth/1751160967.npy,data/raw/arducam/confidence/1751160967.npy,data/processed/arducam/pose_coco17/1751160967.json,
1751160968,2025-06-29T01:36:08Z,scene_000,test,true,17,180,240,data/raw/arducam/depth/1751160968.npy,data/raw/arducam/confidence/1751160968.npy,data/processed/arducam/pose_coco17/1751160968.json,
1751160969,2025-06-29T01:36:09Z,scene_000,test,true,17,180,240,data/raw/arducam/depth/1751160969.npy,data/raw/arducam/confidence/1751160969.npy,data/processed/arducam/pose_coco17/1751160969.json,
1751160970,2025-06-29T01:36:10Z,scene_000,test,true,17,180,240,data/raw/arducam/depth/1751160970.npy,data/raw/arducam/confidence/1751160970.npy,data/processed/arducam/pose_coco17/1751160970.json,
1751160971,2025-06-29T01:36:11Z,scene_000,test,true,17,180,240,data/raw/arducam/depth/1751160971.npy,data/raw/arducam/confidence/1751160971.npy,data/processed/arducam/pose_coco17/1751160971.json,
1751160972,2025-06-29T01:36:12Z,scene_000,test,true,17,180,240,data/raw/arducam/depth/1751160972.npy,data/raw/arducam/confidence/1751160972.npy,data/processed/arducam/pose_coco17/1751160972.json,
1751160973,2025-06-29T01:36:13Z,scene_000,test,true,17,180,240,data/raw/arducam/depth/1751160973.npy,data/raw/arducam/confidence/1751160973.npy,data/processed/arducam/pose_coco17/1751160973.json,
1751160974,2025-06-29T01:36:14Z,scene_000,test,true,17,180,240,data/raw/arducam/depth/1751160974.npy,data/raw/arducam/confidence/1751160974.npy,data/processed/arducam/pose_coco17/1751160974.json,
1751160975,2025-06-29T01:36:15Z,scene_000,test,true,17,180,240,data/raw/arducam/depth/1751160975.npy,data/raw/arducam/confidence/1751160975.npy,data/processed/arducam/pose_coco17/1751160975.json,
1751160976,2025-06-29T01:36:16Z,scene_000,test,true,17,180,240,data/raw/arducam/depth/1751160976.npy,data/raw/arducam/confidence/1751160976.npy,data/processed/arducam/pose_coco17/1751160976.json,
1751160977,2025-06-29T01:36:17Z,scene_000,test,true,17,180,240,data/raw/arducam/depth/1751160977.npy,data/raw/arducam/confidence/1751160977.npy,data/processed/arducam/pose_coco17/1751160977.json,
1751160978,2025-06-29T01:36:18Z,scene_000,test,false,0,180,240,data/raw/arducam/depth/1751160978.npy,data/raw/arducam/confidence/1751160978.npy,data/processed/arducam/pose_coco17/1751160978.json,fewer_than_12_valid_keypoints
1751160986,2025-06-29T01:36:26Z,scene_000,test,false,0,180,240,data/raw/arducam/depth/1751160986.npy,data/raw/arducam/confidence/1751160986.npy,data/processed/arducam/pose_coco17/1751160986.json,fewer_than_12_valid_keypoints
1751160987,2025-06-29T01:36:27Z,scene_000,test,false,0,180,240,data/raw/arducam/depth/1751160987.npy,data/raw/arducam/confidence/1751160987.npy,data/processed/arducam/pose_coco17/1751160987.json,fewer_than_12_valid_keypoints
1751160988,2025-06-29T01:36:28Z,scene_000,test,true,17,180,240,data/raw/arducam/depth/1751160988.npy,data/raw/arducam/confidence/1751160988.npy,data/processed/arducam/pose_coco17/1751160988.json,
1751160989,2025-06-29T01:36:29Z,scene_000,test,true,17,180,240,data/raw/arducam/depth/1751160989.npy,data/raw/arducam/confidence/1751160989.npy,data/processed/arducam/pose_coco17/1751160989.json,
1751160990,2025-06-29T01:36:30Z,scene_000,test,true,17,180,240,data/raw/arducam/depth/1751160990.npy,data/raw/arducam/confidence/1751160990.npy,data/processed/arducam/pose_coco17/1751160990.json,
1751160991,2025-06-29T01:36:31Z,scene_000,test,true,17,180,240,data/raw/arducam/depth/1751160991.npy,data/raw/arducam/confidence/1751160991.npy,data/processed/arducam/pose_coco17/1751160991.json,
1751160992,2025-06-29T01:36:32Z,scene_000,test,true,17,180,240,data/raw/arducam/depth/1751160992.npy,data/raw/arducam/confidence/1751160992.npy,data/processed/arducam/pose_coco17/1751160992.json,
1751160993,2025-06-29T01:36:33Z,scene_000,test,true,17,180,240,data/raw/arducam/depth/1751160993.npy,data/raw/arducam/confidence/1751160993.npy,data/processed/arducam/pose_coco17/1751160993.json,
1751160994,2025-06-29T01:36:34Z,scene_000,test,true,17,180,240,data/raw/arducam/depth/1751160994.npy,data/raw/arducam/confidence/1751160994.npy,data/processed/arducam/pose_coco17/1751160994.json,
1751160995,2025-06-29T01:36:35Z,scene_000,test,true,17,180,240,data/raw/arducam/depth/1751160995.npy,data/raw/arducam/confidence/1751160995.npy,data/processed/arducam/pose_coco17/1751160995.json,
1751160996,2025-06-29T01:36:36Z,scene_000,test,true,17,180,240,data/raw/arducam/depth/1751160996.npy,data/raw/arducam/confidence/1751160996.npy,data/processed/arducam/pose_coco17/1751160996.json,
1751160997,2025-06-29T01:36:37Z,scene_000,test,true,17,180,240,data/raw/arducam/depth/1751160997.npy,data/raw/arducam/confidence/1751160997.npy,data/processed/arducam/pose_coco17/1751160997.json,
1751160998,2025-06-29T01:36:38Z,scene_000,test,true,17,180,240,data/raw/arducam/depth/1751160998.npy,data/raw/arducam/confidence/1751160998.npy,data/processed/arducam/pose_coco17/1751160998.json,
1751160999,2025-06-29T01:36:39Z,scene_000,test,true,17,180,240,data/raw/arducam/depth/1751160999.npy,data/raw/arducam/confidence/1751160999.npy,data/processed/arducam/pose_coco17/1751160999.json,
1751161000,2025-06-29T01:36:40Z,scene_000,test,true,17,180,240,data/raw/arducam/depth/1751161000.npy,data/raw/arducam/confidence/1751161000.npy,data/processed/arducam/pose_coco17/1751161000.json,
1751161001,2025-06-29T01:36:41Z,scene_000,test,true,17,180,240,data/raw/arducam/depth/1751161001.npy,data/raw/arducam/confidence/1751161001.npy,data/processed/arducam/pose_coco17/1751161001.json,
1751161002,2025-06-29T01:36:42Z,scene_000,test,true,17,180,240,data/raw/arducam/depth/1751161002.npy,data/raw/arducam/confidence/1751161002.npy,data/processed/arducam/pose_coco17/1751161002.json,
1751161003,2025-06-29T01:36:43Z,scene_000,test,true,17,180,240,data/raw/arducam/depth/1751161003.npy,data/raw/arducam/confidence/1751161003.npy,data/processed/arducam/pose_coco17/1751161003.json,
1751161004,2025-06-29T01:36:44Z,scene_000,test,true,17,180,240,data/raw/arducam/depth/1751161004.npy,data/raw/arducam/confidence/1751161004.npy,data/processed/arducam/pose_coco17/1751161004.json,
1751161005,2025-06-29T01:36:45Z,scene_000,test,true,17,180,240,data/raw/arducam/depth/1751161005.npy,data/raw/arducam/confidence/1751161005.npy,data/processed/arducam/pose_coco17/1751161005.json,
1751161006,2025-06-29T01:36:46Z,scene_000,test,true,17,180,240,data/raw/arducam/depth/1751161006.npy,data/raw/arducam/confidence/1751161006.npy,data/processed/arducam/pose_coco17/1751161006.json,
1751161007,2025-06-29T01:36:47Z,scene_000,test,true,17,180,240,data/raw/arducam/depth/1751161007.npy,data/raw/arducam/confidence/1751161007.npy,data/processed/arducam/pose_coco17/1751161007.json,
1751161008,2025-06-29T01:36:48Z,scene_000,test,true,12,180,240,data/raw/arducam/depth/1751161008.npy,data/raw/arducam/confidence/1751161008.npy,data/processed/arducam/pose_coco17/1751161008.json,
1751161009,2025-06-29T01:36:49Z,scene_000,test,false,0,180,240,data/raw/arducam/depth/1751161009.npy,data/raw/arducam/confidence/1751161009.npy,data/processed/arducam/pose_coco17/1751161009.json,fewer_than_12_valid_keypoints
1751161010,2025-06-29T01:36:50Z,scene_000,test,true,17,180,240,data/raw/arducam/depth/1751161010.npy,data/raw/arducam/confidence/1751161010.npy,data/processed/arducam/pose_coco17/1751161010.json,
1751161011,2025-06-29T01:36:51Z,scene_000,test,true,17,180,240,data/raw/arducam/depth/1751161011.npy,data/raw/arducam/confidence/1751161011.npy,data/processed/arducam/pose_coco17/1751161011.json,
1751161012,2025-06-29T01:36:52Z,scene_000,test,true,17,180,240,data/raw/arducam/depth/1751161012.npy,data/raw/arducam/confidence/1751161012.npy,data/processed/arducam/pose_coco17/1751161012.json,
1751161013,2025-06-29T01:36:53Z,scene_000,test,true,17,180,240,data/raw/arducam/depth/1751161013.npy,data/raw/arducam/confidence/1751161013.npy,data/processed/arducam/pose_coco17/1751161013.json,
1751161014,2025-06-29T01:36:54Z,scene_000,test,true,17,180,240,data/raw/arducam/depth/1751161014.npy,data/raw/arducam/confidence/1751161014.npy,data/processed/arducam/pose_coco17/1751161014.json,
1751161015,2025-06-29T01:36:55Z,scene_000,test,true,17,180,240,data/raw/arducam/depth/1751161015.npy,data/raw/arducam/confidence/1751161015.npy,data/processed/arducam/pose_coco17/1751161015.json,
1751161016,2025-06-29T01:36:56Z,scene_000,test,true,17,180,240,data/raw/arducam/depth/1751161016.npy,data/raw/arducam/confidence/1751161016.npy,data/processed/arducam/pose_coco17/1751161016.json,
1751161017,2025-06-29T01:36:57Z,scene_000,test,true,17,180,240,data/raw/arducam/depth/1751161017.npy,data/raw/arducam/confidence/1751161017.npy,data/processed/arducam/pose_coco17/1751161017.json,
1751161018,2025-06-29T01:36:58Z,scene_000,test,true,17,180,240,data/raw/arducam/depth/1751161018.npy,data/raw/arducam/confidence/1751161018.npy,data/processed/arducam/pose_coco17/1751161018.json,
1751161019,2025-06-29T01:36:59Z,scene_000,test,true,16,180,240,data/raw/arducam/depth/1751161019.npy,data/raw/arducam/confidence/1751161019.npy,data/processed/arducam/pose_coco17/1751161019.json,
1751161020,2025-06-29T01:37:00Z,scene_000,test,true,16,180,240,data/raw/arducam/depth/1751161020.npy,data/raw/arducam/confidence/1751161020.npy,data/processed/arducam/pose_coco17/1751161020.json,
1751161021,2025-06-29T01:37:01Z,scene_000,test,true,17,180,240,data/raw/arducam/depth/1751161021.npy,data/raw/arducam/confidence/1751161021.npy,data/processed/arducam/pose_coco17/1751161021.json,
1751161022,2025-06-29T01:37:02Z,scene_000,test,true,17,180,240,data/raw/arducam/depth/1751161022.npy,data/raw/arducam/confidence/1751161022.npy,data/processed/arducam/pose_coco17/1751161022.json,
1751161023,2025-06-29T01:37:03Z,scene_000,test,true,17,180,240,data/raw/arducam/depth/1751161023.npy,data/raw/arducam/confidence/1751161023.npy,data/processed/arducam/pose_coco17/1751161023.json,
1751161024,2025-06-29T01:37:04Z,scene_000,test,true,15,180,240,data/raw/arducam/depth/1751161024.npy,data/raw/arducam/confidence/1751161024.npy,data/processed/arducam/pose_coco17/1751161024.json,
1751161025,2025-06-29T01:37:05Z,scene_000,test,true,16,180,240,data/raw/arducam/depth/1751161025.npy,data/raw/arducam/confidence/1751161025.npy,data/processed/arducam/pose_coco17/1751161025.json,
1751161026,2025-06-29T01:37:06Z,scene_000,test,true,15,180,240,data/raw/arducam/depth/1751161026.npy,data/raw/arducam/confidence/1751161026.npy,data/processed/arducam/pose_coco17/1751161026.json,
1751161027,2025-06-29T01:37:07Z,scene_000,test,true,15,180,240,data/raw/arducam/depth/1751161027.npy,data/raw/arducam/confidence/1751161027.npy,data/processed/arducam/pose_coco17/1751161027.json,
1751161028,2025-06-29T01:37:08Z,scene_000,test,true,17,180,240,data/raw/arducam/depth/1751161028.npy,data/raw/arducam/confidence/1751161028.npy,data/processed/arducam/pose_coco17/1751161028.json,
1751161029,2025-06-29T01:37:09Z,scene_000,test,false,10,180,240,data/raw/arducam/depth/1751161029.npy,data/raw/arducam/confidence/1751161029.npy,data/processed/arducam/pose_coco17/1751161029.json,fewer_than_12_valid_keypoints
1751161030,2025-06-29T01:37:10Z,scene_000,test,true,17,180,240,data/raw/arducam/depth/1751161030.npy,data/raw/arducam/confidence/1751161030.npy,data/processed/arducam/pose_coco17/1751161030.json,
1751161031,2025-06-29T01:37:11Z,scene_000,test,true,17,180,240,data/raw/arducam/depth/1751161031.npy,data/raw/arducam/confidence/1751161031.npy,data/processed/arducam/pose_coco17/1751161031.json,
1751161032,2025-06-29T01:37:12Z,scene_000,test,true,17,180,240,data/raw/arducam/depth/1751161032.npy,data/raw/arducam/confidence/1751161032.npy,data/processed/arducam/pose_coco17/1751161032.json,
1751161033,2025-06-29T01:37:13Z,scene_000,test,true,17,180,240,data/raw/arducam/depth/1751161033.npy,data/raw/arducam/confidence/1751161033.npy,data/processed/arducam/pose_coco17/1751161033.json,
1751161034,2025-06-29T01:37:14Z,scene_000,test,true,16,180,240,data/raw/arducam/depth/1751161034.npy,data/raw/arducam/confidence/1751161034.npy,data/processed/arducam/pose_coco17/1751161034.json,
1751161035,2025-06-29T01:37:15Z,scene_000,test,true,17,180,240,data/raw/arducam/depth/1751161035.npy,data/raw/arducam/confidence/1751161035.npy,data/processed/arducam/pose_coco17/1751161035.json,
1751161036,2025-06-29T01:37:16Z,scene_000,test,true,17,180,240,data/raw/arducam/depth/1751161036.npy,data/raw/arducam/confidence/1751161036.npy,data/processed/arducam/pose_coco17/1751161036.json,
1751161037,2025-06-29T01:37:17Z,scene_000,test,true,17,180,240,data/raw/arducam/depth/1751161037.npy,data/raw/arducam/confidence/1751161037.npy,data/processed/arducam/pose_coco17/1751161037.json,
1751161038,2025-06-29T01:37:18Z,scene_000,test,true,17,180,240,data/raw/arducam/depth/1751161038.npy,data/raw/arducam/confidence/1751161038.npy,data/processed/arducam/pose_coco17/1751161038.json,
1751161039,2025-06-29T01:37:19Z,scene_000,test,true,17,180,240,data/raw/arducam/depth/1751161039.npy,data/raw/arducam/confidence/1751161039.npy,data/processed/arducam/pose_coco17/1751161039.json,
1751161040,2025-06-29T01:37:20Z,scene_000,test,false,3,180,240,data/raw/arducam/depth/1751161040.npy,data/raw/arducam/confidence/1751161040.npy,data/processed/arducam/pose_coco17/1751161040.json,fewer_than_12_valid_keypoints
1751161041,2025-06-29T01:37:21Z,scene_000,test,true,17,180,240,data/raw/arducam/depth/1751161041.npy,data/raw/arducam/confidence/1751161041.npy,data/processed/arducam/pose_coco17/1751161041.json,
1751161042,2025-06-29T01:37:22Z,scene_000,test,true,17,180,240,data/raw/arducam/depth/1751161042.npy,data/raw/arducam/confidence/1751161042.npy,data/processed/arducam/pose_coco17/1751161042.json,
1751161043,2025-06-29T01:37:23Z,scene_000,test,true,17,180,240,data/raw/arducam/depth/1751161043.npy,data/raw/arducam/confidence/1751161043.npy,data/processed/arducam/pose_coco17/1751161043.json,
1751161044,2025-06-29T01:37:24Z,scene_000,test,true,17,180,240,data/raw/arducam/depth/1751161044.npy,data/raw/arducam/confidence/1751161044.npy,data/processed/arducam/pose_coco17/1751161044.json,
1751161045,2025-06-29T01:37:25Z,scene_000,test,true,17,180,240,data/raw/arducam/depth/1751161045.npy,data/raw/arducam/confidence/1751161045.npy,data/processed/arducam/pose_coco17/1751161045.json,
1751161046,2025-06-29T01:37:26Z,scene_000,test,true,12,180,240,data/raw/arducam/depth/1751161046.npy,data/raw/arducam/confidence/1751161046.npy,data/processed/arducam/pose_coco17/1751161046.json,
1751161047,2025-06-29T01:37:27Z,scene_000,test,true,17,180,240,data/raw/arducam/depth/1751161047.npy,data/raw/arducam/confidence/1751161047.npy,data/processed/arducam/pose_coco17/1751161047.json,
1751161048,2025-06-29T01:37:28Z,scene_000,test,true,17,180,240,data/raw/arducam/depth/1751161048.npy,data/raw/arducam/confidence/1751161048.npy,data/processed/arducam/pose_coco17/1751161048.json,
1751161049,2025-06-29T01:37:29Z,scene_000,test,true,16,180,240,data/raw/arducam/depth/1751161049.npy,data/raw/arducam/confidence/1751161049.npy,data/processed/arducam/pose_coco17/1751161049.json,
1751161050,2025-06-29T01:37:30Z,scene_000,test,true,17,180,240,data/raw/arducam/depth/1751161050.npy,data/raw/arducam/confidence/1751161050.npy,data/processed/arducam/pose_coco17/1751161050.json,
1751161051,2025-06-29T01:37:31Z,scene_000,test,true,17,180,240,data/raw/arducam/depth/1751161051.npy,data/raw/arducam/confidence/1751161051.npy,data/processed/arducam/pose_coco17/1751161051.json,
1751161052,2025-06-29T01:37:32Z,scene_000,test,true,17,180,240,data/raw/arducam/depth/1751161052.npy,data/raw/arducam/confidence/1751161052.npy,data/processed/arducam/pose_coco17/1751161052.json,
1751161053,2025-06-29T01:37:33Z,scene_000,test,true,17,180,240,data/raw/arducam/depth/1751161053.npy,data/raw/arducam/confidence/1751161053.npy,data/processed/arducam/pose_coco17/1751161053.json,
1751161054,2025-06-29T01:37:34Z,scene_000,test,true,17,180,240,data/raw/arducam/depth/1751161054.npy,data/raw/arducam/confidence/1751161054.npy,data/processed/arducam/pose_coco17/1751161054.json,
1751161055,2025-06-29T01:37:35Z,scene_000,test,false,11,180,240,data/raw/arducam/depth/1751161055.npy,data/raw/arducam/confidence/1751161055.npy,data/processed/arducam/pose_coco17/1751161055.json,fewer_than_12_valid_keypoints
1751161056,2025-06-29T01:37:36Z,scene_000,test,true,16,180,240,data/raw/arducam/depth/1751161056.npy,data/raw/arducam/confidence/1751161056.npy,data/processed/arducam/pose_coco17/1751161056.json,
1751161057,2025-06-29T01:37:37Z,scene_000,test,true,17,180,240,data/raw/arducam/depth/1751161057.npy,data/raw/arducam/confidence/1751161057.npy,data/processed/arducam/pose_coco17/1751161057.json,
1751161058,2025-06-29T01:37:38Z,scene_000,test,true,17,180,240,data/raw/arducam/depth/1751161058.npy,data/raw/arducam/confidence/1751161058.npy,data/processed/arducam/pose_coco17/1751161058.json,
1751161059,2025-06-29T01:37:39Z,scene_000,test,false,11,180,240,data/raw/arducam/depth/1751161059.npy,data/raw/arducam/confidence/1751161059.npy,data/processed/arducam/pose_coco17/1751161059.json,fewer_than_12_valid_keypoints
1751161061,2025-06-29T01:37:41Z,scene_000,test,false,2,180,240,data/raw/arducam/depth/1751161061.npy,data/raw/arducam/confidence/1751161061.npy,data/processed/arducam/pose_coco17/1751161061.json,fewer_than_12_valid_keypoints
1751161062,2025-06-29T01:37:42Z,scene_000,test,true,13,180,240,data/raw/arducam/depth/1751161062.npy,data/raw/arducam/confidence/1751161062.npy,data/processed/arducam/pose_coco17/1751161062.json,
1751161063,2025-06-29T01:37:43Z,scene_000,test,true,17,180,240,data/raw/arducam/depth/1751161063.npy,data/raw/arducam/confidence/1751161063.npy,data/processed/arducam/pose_coco17/1751161063.json,
1751161064,2025-06-29T01:37:44Z,scene_000,test,true,17,180,240,data/raw/arducam/depth/1751161064.npy,data/raw/arducam/confidence/1751161064.npy,data/processed/arducam/pose_coco17/1751161064.json,
1751161065,2025-06-29T01:37:45Z,scene_000,test,true,17,180,240,data/raw/arducam/depth/1751161065.npy,data/raw/arducam/confidence/1751161065.npy,data/processed/arducam/pose_coco17/1751161065.json,
1751161066,2025-06-29T01:37:46Z,scene_000,test,true,17,180,240,data/raw/arducam/depth/1751161066.npy,data/raw/arducam/confidence/1751161066.npy,data/processed/arducam/pose_coco17/1751161066.json,
1751161067,2025-06-29T01:37:47Z,scene_000,test,true,15,180,240,data/raw/arducam/depth/1751161067.npy,data/raw/arducam/confidence/1751161067.npy,data/processed/arducam/pose_coco17/1751161067.json,
1751161068,2025-06-29T01:37:48Z,scene_000,test,true,17,180,240,data/raw/arducam/depth/1751161068.npy,data/raw/arducam/confidence/1751161068.npy,data/processed/arducam/pose_coco17/1751161068.json,
1751161069,2025-06-29T01:37:49Z,scene_000,test,true,17,180,240,data/raw/arducam/depth/1751161069.npy,data/raw/arducam/confidence/1751161069.npy,data/processed/arducam/pose_coco17/1751161069.json,
1751161070,2025-06-29T01:37:50Z,scene_000,test,true,13,180,240,data/raw/arducam/depth/1751161070.npy,data/raw/arducam/confidence/1751161070.npy,data/processed/arducam/pose_coco17/1751161070.json,
1751161071,2025-06-29T01:37:51Z,scene_000,test,true,17,180,240,data/raw/arducam/depth/1751161071.npy,data/raw/arducam/confidence/1751161071.npy,data/processed/arducam/pose_coco17/1751161071.json,
1751161072,2025-06-29T01:37:52Z,scene_000,test,true,17,180,240,data/raw/arducam/depth/1751161072.npy,data/raw/arducam/confidence/1751161072.npy,data/processed/arducam/pose_coco17/1751161072.json,
1751161073,2025-06-29T01:37:53Z,scene_000,test,true,13,180,240,data/raw/arducam/depth/1751161073.npy,data/raw/arducam/confidence/1751161073.npy,data/processed/arducam/pose_coco17/1751161073.json,
1751161074,2025-06-29T01:37:54Z,scene_000,test,true,15,180,240,data/raw/arducam/depth/1751161074.npy,data/raw/arducam/confidence/1751161074.npy,data/processed/arducam/pose_coco17/1751161074.json,
1751161075,2025-06-29T01:37:55Z,scene_000,test,false,9,180,240,data/raw/arducam/depth/1751161075.npy,data/raw/arducam/confidence/1751161075.npy,data/processed/arducam/pose_coco17/1751161075.json,fewer_than_12_valid_keypoints
1751161076,2025-06-29T01:37:56Z,scene_000,test,true,15,180,240,data/raw/arducam/depth/1751161076.npy,data/raw/arducam/confidence/1751161076.npy,data/processed/arducam/pose_coco17/1751161076.json,
1751161077,2025-06-29T01:37:57Z,scene_000,test,true,17,180,240,data/raw/arducam/depth/1751161077.npy,data/raw/arducam/confidence/1751161077.npy,data/processed/arducam/pose_coco17/1751161077.json,
1751161078,2025-06-29T01:37:58Z,scene_000,test,true,17,180,240,data/raw/arducam/depth/1751161078.npy,data/raw/arducam/confidence/1751161078.npy,data/processed/arducam/pose_coco17/1751161078.json,
1751161079,2025-06-29T01:37:59Z,scene_000,test,true,17,180,240,data/raw/arducam/depth/1751161079.npy,data/raw/arducam/confidence/1751161079.npy,data/processed/arducam/pose_coco17/1751161079.json,
1751161080,2025-06-29T01:38:00Z,scene_000,test,true,14,180,240,data/raw/arducam/depth/1751161080.npy,data/raw/arducam/confidence/1751161080.npy,data/processed/arducam/pose_coco17/1751161080.json,
1751161081,2025-06-29T01:38:01Z,scene_000,test,true,15,180,240,data/raw/arducam/depth/1751161081.npy,data/raw/arducam/confidence/1751161081.npy,data/processed/arducam/pose_coco17/1751161081.json,
1751161082,2025-06-29T01:38:02Z,scene_000,test,true,16,180,240,data/raw/arducam/depth/1751161082.npy,data/raw/arducam/confidence/1751161082.npy,data/processed/arducam/pose_coco17/1751161082.json,
1751161083,2025-06-29T01:38:03Z,scene_000,test,true,17,180,240,data/raw/arducam/depth/1751161083.npy,data/raw/arducam/confidence/1751161083.npy,data/processed/arducam/pose_coco17/1751161083.json,
1751161084,2025-06-29T01:38:04Z,scene_000,test,true,17,180,240,data/raw/arducam/depth/1751161084.npy,data/raw/arducam/confidence/1751161084.npy,data/processed/arducam/pose_coco17/1751161084.json,
1751161085,2025-06-29T01:38:05Z,scene_000,test,true,17,180,240,data/raw/arducam/depth/1751161085.npy,data/raw/arducam/confidence/1751161085.npy,data/processed/arducam/pose_coco17/1751161085.json,
1751161086,2025-06-29T01:38:06Z,scene_000,test,true,17,180,240,data/raw/arducam/depth/1751161086.npy,data/raw/arducam/confidence/1751161086.npy,data/processed/arducam/pose_coco17/1751161086.json,
1751161087,2025-06-29T01:38:07Z,scene_000,test,true,16,180,240,data/raw/arducam/depth/1751161087.npy,data/raw/arducam/confidence/1751161087.npy,data/processed/arducam/pose_coco17/1751161087.json,
1751161088,2025-06-29T01:38:08Z,scene_000,test,true,16,180,240,data/raw/arducam/depth/1751161088.npy,data/raw/arducam/confidence/1751161088.npy,data/processed/arducam/pose_coco17/1751161088.json,
1751161089,2025-06-29T01:38:09Z,scene_000,test,true,17,180,240,data/raw/arducam/depth/1751161089.npy,data/raw/arducam/confidence/1751161089.npy,data/processed/arducam/pose_coco17/1751161089.json,
1751161090,2025-06-29T01:38:10Z,scene_000,test,true,17,180,240,data/raw/arducam/depth/1751161090.npy,data/raw/arducam/confidence/1751161090.npy,data/processed/arducam/pose_coco17/1751161090.json,
1751161091,2025-06-29T01:38:11Z,scene_000,test,true,17,180,240,data/raw/arducam/depth/1751161091.npy,data/raw/arducam/confidence/1751161091.npy,data/processed/arducam/pose_coco17/1751161091.json,
1751161092,2025-06-29T01:38:12Z,scene_000,test,true,16,180,240,data/raw/arducam/depth/1751161092.npy,data/raw/arducam/confidence/1751161092.npy,data/processed/arducam/pose_coco17/1751161092.json,
1751161093,2025-06-29T01:38:13Z,scene_000,test,true,17,180,240,data/raw/arducam/depth/1751161093.npy,data/raw/arducam/confidence/1751161093.npy,data/processed/arducam/pose_coco17/1751161093.json,
1751161094,2025-06-29T01:38:14Z,scene_000,test,true,15,180,240,data/raw/arducam/depth/1751161094.npy,data/raw/arducam/confidence/1751161094.npy,data/processed/arducam/pose_coco17/1751161094.json,
1751161095,2025-06-29T01:38:15Z,scene_000,test,true,13,180,240,data/raw/arducam/depth/1751161095.npy,data/raw/arducam/confidence/1751161095.npy,data/processed/arducam/pose_coco17/1751161095.json,
1751161096,2025-06-29T01:38:16Z,scene_000,test,true,17,180,240,data/raw/arducam/depth/1751161096.npy,data/raw/arducam/confidence/1751161096.npy,data/processed/arducam/pose_coco17/1751161096.json,
1751161097,2025-06-29T01:38:17Z,scene_000,test,true,17,180,240,data/raw/arducam/depth/1751161097.npy,data/raw/arducam/confidence/1751161097.npy,data/processed/arducam/pose_coco17/1751161097.json,
1751161098,2025-06-29T01:38:18Z,scene_000,test,true,17,180,240,data/raw/arducam/depth/1751161098.npy,data/raw/arducam/confidence/1751161098.npy,data/processed/arducam/pose_coco17/1751161098.json,
1751161099,2025-06-29T01:38:19Z,scene_000,test,false,0,180,240,data/raw/arducam/depth/1751161099.npy,data/raw/arducam/confidence/1751161099.npy,data/processed/arducam/pose_coco17/1751161099.json,fewer_than_12_valid_keypoints
1751161100,2025-06-29T01:38:20Z,scene_000,test,false,4,180,240,data/raw/arducam/depth/1751161100.npy,data/raw/arducam/confidence/1751161100.npy,data/processed/arducam/pose_coco17/1751161100.json,fewer_than_12_valid_keypoints
1751161101,2025-06-29T01:38:21Z,scene_000,test,true,15,180,240,data/raw/arducam/depth/1751161101.npy,data/raw/arducam/confidence/1751161101.npy,data/processed/arducam/pose_coco17/1751161101.json,
1751161102,2025-06-29T01:38:22Z,scene_000,test,true,17,180,240,data/raw/arducam/depth/1751161102.npy,data/raw/arducam/confidence/1751161102.npy,data/processed/arducam/pose_coco17/1751161102.json,
1751161103,2025-06-29T01:38:23Z,scene_000,test,true,17,180,240,data/raw/arducam/depth/1751161103.npy,data/raw/arducam/confidence/1751161103.npy,data/processed/arducam/pose_coco17/1751161103.json,
1751161104,2025-06-29T01:38:24Z,scene_000,test,true,17,180,240,data/raw/arducam/depth/1751161104.npy,data/raw/arducam/confidence/1751161104.npy,data/processed/arducam/pose_coco17/1751161104.json,
1751161105,2025-06-29T01:38:25Z,scene_000,test,true,17,180,240,data/raw/arducam/depth/1751161105.npy,data/raw/arducam/confidence/1751161105.npy,data/processed/arducam/pose_coco17/1751161105.json,
1751161106,2025-06-29T01:38:26Z,scene_000,test,true,15,180,240,data/raw/arducam/depth/1751161106.npy,data/raw/arducam/confidence/1751161106.npy,data/processed/arducam/pose_coco17/1751161106.json,
1751161107,2025-06-29T01:38:27Z,scene_000,test,true,15,180,240,data/raw/arducam/depth/1751161107.npy,data/raw/arducam/confidence/1751161107.npy,data/processed/arducam/pose_coco17/1751161107.json,
1751161108,2025-06-29T01:38:28Z,scene_000,test,true,15,180,240,data/raw/arducam/depth/1751161108.npy,data/raw/arducam/confidence/1751161108.npy,data/processed/arducam/pose_coco17/1751161108.json,
1751161109,2025-06-29T01:38:29Z,scene_000,test,false,4,180,240,data/raw/arducam/depth/1751161109.npy,data/raw/arducam/confidence/1751161109.npy,data/processed/arducam/pose_coco17/1751161109.json,fewer_than_12_valid_keypoints
1751161110,2025-06-29T01:38:30Z,scene_000,test,true,12,180,240,data/raw/arducam/depth/1751161110.npy,data/raw/arducam/confidence/1751161110.npy,data/processed/arducam/pose_coco17/1751161110.json,
1751161111,2025-06-29T01:38:31Z,scene_000,test,true,17,180,240,data/raw/arducam/depth/1751161111.npy,data/raw/arducam/confidence/1751161111.npy,data/processed/arducam/pose_coco17/1751161111.json,
1751161112,2025-06-29T01:38:32Z,scene_000,test,true,17,180,240,data/raw/arducam/depth/1751161112.npy,data/raw/arducam/confidence/1751161112.npy,data/processed/arducam/pose_coco17/1751161112.json,
1751161113,2025-06-29T01:38:33Z,scene_000,test,true,17,180,240,data/raw/arducam/depth/1751161113.npy,data/raw/arducam/confidence/1751161113.npy,data/processed/arducam/pose_coco17/1751161113.json,
1751161114,2025-06-29T01:38:34Z,scene_000,test,true,17,180,240,data/raw/arducam/depth/1751161114.npy,data/raw/arducam/confidence/1751161114.npy,data/processed/arducam/pose_coco17/1751161114.json,
1751161115,2025-06-29T01:38:35Z,scene_000,test,true,16,180,240,data/raw/arducam/depth/1751161115.npy,data/raw/arducam/confidence/1751161115.npy,data/processed/arducam/pose_coco17/1751161115.json,
1751161116,2025-06-29T01:38:36Z,scene_000,test,true,15,180,240,data/raw/arducam/depth/1751161116.npy,data/raw/arducam/confidence/1751161116.npy,data/processed/arducam/pose_coco17/1751161116.json,
1751161117,2025-06-29T01:38:37Z,scene_000,test,true,17,180,240,data/raw/arducam/depth/1751161117.npy,data/raw/arducam/confidence/1751161117.npy,data/processed/arducam/pose_coco17/1751161117.json,
1751161118,2025-06-29T01:38:38Z,scene_000,test,true,17,180,240,data/raw/arducam/depth/1751161118.npy,data/raw/arducam/confidence/1751161118.npy,data/processed/arducam/pose_coco17/1751161118.json,
1751161119,2025-06-29T01:38:39Z,scene_000,test,true,17,180,240,data/raw/arducam/depth/1751161119.npy,data/raw/arducam/confidence/1751161119.npy,data/processed/arducam/pose_coco17/1751161119.json,
1751161120,2025-06-29T01:38:40Z,scene_000,test,true,15,180,240,data/raw/arducam/depth/1751161120.npy,data/raw/arducam/confidence/1751161120.npy,data/processed/arducam/pose_coco17/1751161120.json,
1751161121,2025-06-29T01:38:41Z,scene_000,test,true,14,180,240,data/raw/arducam/depth/1751161121.npy,data/raw/arducam/confidence/1751161121.npy,data/processed/arducam/pose_coco17/1751161121.json,
1751161122,2025-06-29T01:38:42Z,scene_000,test,true,13,180,240,data/raw/arducam/depth/1751161122.npy,data/raw/arducam/confidence/1751161122.npy,data/processed/arducam/pose_coco17/1751161122.json,
1751161126,2025-06-29T01:38:46Z,scene_000,test,true,17,180,240,data/raw/arducam/depth/1751161126.npy,data/raw/arducam/confidence/1751161126.npy,data/processed/arducam/pose_coco17/1751161126.json,
1751161127,2025-06-29T01:38:47Z,scene_000,test,true,17,180,240,data/raw/arducam/depth/1751161127.npy,data/raw/arducam/confidence/1751161127.npy,data/processed/arducam/pose_coco17/1751161127.json,
1751161128,2025-06-29T01:38:48Z,scene_000,test,true,17,180,240,data/raw/arducam/depth/1751161128.npy,data/raw/arducam/confidence/1751161128.npy,data/processed/arducam/pose_coco17/1751161128.json,
1751161129,2025-06-29T01:38:49Z,scene_000,test,true,15,180,240,data/raw/arducam/depth/1751161129.npy,data/raw/arducam/confidence/1751161129.npy,data/processed/arducam/pose_coco17/1751161129.json,
1751161130,2025-06-29T01:38:50Z,scene_000,test,true,13,180,240,data/raw/arducam/depth/1751161130.npy,data/raw/arducam/confidence/1751161130.npy,data/processed/arducam/pose_coco17/1751161130.json,
1751161131,2025-06-29T01:38:51Z,scene_000,test,true,14,180,240,data/raw/arducam/depth/1751161131.npy,data/raw/arducam/confidence/1751161131.npy,data/processed/arducam/pose_coco17/1751161131.json,
1751161132,2025-06-29T01:38:52Z,scene_000,test,true,17,180,240,data/raw/arducam/depth/1751161132.npy,data/raw/arducam/confidence/1751161132.npy,data/processed/arducam/pose_coco17/1751161132.json,
1751161133,2025-06-29T01:38:53Z,scene_000,test,true,17,180,240,data/raw/arducam/depth/1751161133.npy,data/raw/arducam/confidence/1751161133.npy,data/processed/arducam/pose_coco17/1751161133.json,
1751161134,2025-06-29T01:38:54Z,scene_000,test,true,17,180,240,data/raw/arducam/depth/1751161134.npy,data/raw/arducam/confidence/1751161134.npy,data/processed/arducam/pose_coco17/1751161134.json,
1751161138,2025-06-29T01:38:58Z,scene_000,test,true,17,180,240,data/raw/arducam/depth/1751161138.npy,data/raw/arducam/confidence/1751161138.npy,data/processed/arducam/pose_coco17/1751161138.json,
1751161139,2025-06-29T01:38:59Z,scene_000,test,true,17,180,240,data/raw/arducam/depth/1751161139.npy,data/raw/arducam/confidence/1751161139.npy,data/processed/arducam/pose_coco17/1751161139.json,
1751161140,2025-06-29T01:39:00Z,scene_000,test,true,15,180,240,data/raw/arducam/depth/1751161140.npy,data/raw/arducam/confidence/1751161140.npy,data/processed/arducam/pose_coco17/1751161140.json,
1751161141,2025-06-29T01:39:01Z,scene_000,test,true,15,180,240,data/raw/arducam/depth/1751161141.npy,data/raw/arducam/confidence/1751161141.npy,data/processed/arducam/pose_coco17/1751161141.json,
1751161142,2025-06-29T01:39:02Z,scene_000,test,true,17,180,240,data/raw/arducam/depth/1751161142.npy,data/raw/arducam/confidence/1751161142.npy,data/processed/arducam/pose_coco17/1751161142.json,
1751161143,2025-06-29T01:39:03Z,scene_000,test,true,17,180,240,data/raw/arducam/depth/1751161143.npy,data/raw/arducam/confidence/1751161143.npy,data/processed/arducam/pose_coco17/1751161143.json,
1751161144,2025-06-29T01:39:04Z,scene_000,test,true,17,180,240,data/raw/arducam/depth/1751161144.npy,data/raw/arducam/confidence/1751161144.npy,data/processed/arducam/pose_coco17/1751161144.json,
1751161148,2025-06-29T01:39:08Z,scene_000,test,true,15,180,240,data/raw/arducam/depth/1751161148.npy,data/raw/arducam/confidence/1751161148.npy,data/processed/arducam/pose_coco17/1751161148.json,
1751161149,2025-06-29T01:39:09Z,scene_000,test,false,8,180,240,data/raw/arducam/depth/1751161149.npy,data/raw/arducam/confidence/1751161149.npy,data/processed/arducam/pose_coco17/1751161149.json,fewer_than_12_valid_keypoints
1751161150,2025-06-29T01:39:10Z,scene_000,test,true,13,180,240,data/raw/arducam/depth/1751161150.npy,data/raw/arducam/confidence/1751161150.npy,data/processed/arducam/pose_coco17/1751161150.json,
1751161151,2025-06-29T01:39:11Z,scene_000,test,true,13,180,240,data/raw/arducam/depth/1751161151.npy,data/raw/arducam/confidence/1751161151.npy,data/processed/arducam/pose_coco17/1751161151.json,
1751161152,2025-06-29T01:39:12Z,scene_000,test,true,15,180,240,data/raw/arducam/depth/1751161152.npy,data/raw/arducam/confidence/1751161152.npy,data/processed/arducam/pose_coco17/1751161152.json,
1751161153,2025-06-29T01:39:13Z,scene_000,test,true,17,180,240,data/raw/arducam/depth/1751161153.npy,data/raw/arducam/confidence/1751161153.npy,data/processed/arducam/pose_coco17/1751161153.json,
1751161154,2025-06-29T01:39:14Z,scene_000,test,true,17,180,240,data/raw/arducam/depth/1751161154.npy,data/raw/arducam/confidence/1751161154.npy,data/processed/arducam/pose_coco17/1751161154.json,
1751161155,2025-06-29T01:39:15Z,scene_000,test,true,17,180,240,data/raw/arducam/depth/1751161155.npy,data/raw/arducam/confidence/1751161155.npy,data/processed/arducam/pose_coco17/1751161155.json,
1751161156,2025-06-29T01:39:16Z,scene_000,test,true,17,180,240,data/raw/arducam/depth/1751161156.npy,data/raw/arducam/confidence/1751161156.npy,data/processed/arducam/pose_coco17/1751161156.json,
1751161157,2025-06-29T01:39:17Z,scene_000,test,true,17,180,240,data/raw/arducam/depth/1751161157.npy,data/raw/arducam/confidence/1751161157.npy,data/processed/arducam/pose_coco17/1751161157.json,
1751161158,2025-06-29T01:39:18Z,scene_000,test,true,16,180,240,data/raw/arducam/depth/1751161158.npy,data/raw/arducam/confidence/1751161158.npy,data/processed/arducam/pose_coco17/1751161158.json,
1751161159,2025-06-29T01:39:19Z,scene_000,test,true,15,180,240,data/raw/arducam/depth/1751161159.npy,data/raw/arducam/confidence/1751161159.npy,data/processed/arducam/pose_coco17/1751161159.json,
1751161160,2025-06-29T01:39:20Z,scene_000,test,true,15,180,240,data/raw/arducam/depth/1751161160.npy,data/raw/arducam/confidence/1751161160.npy,data/processed/arducam/pose_coco17/1751161160.json,
1751161161,2025-06-29T01:39:21Z,scene_000,test,true,17,180,240,data/raw/arducam/depth/1751161161.npy,data/raw/arducam/confidence/1751161161.npy,data/processed/arducam/pose_coco17/1751161161.json,
1751161162,2025-06-29T01:39:22Z,scene_000,test,true,17,180,240,data/raw/arducam/depth/1751161162.npy,data/raw/arducam/confidence/1751161162.npy,data/processed/arducam/pose_coco17/1751161162.json,
1751161163,2025-06-29T01:39:23Z,scene_000,test,true,17,180,240,data/raw/arducam/depth/1751161163.npy,data/raw/arducam/confidence/1751161163.npy,data/processed/arducam/pose_coco17/1751161163.json,
1751161164,2025-06-29T01:39:24Z,scene_000,test,true,16,180,240,data/raw/arducam/depth/1751161164.npy,data/raw/arducam/confidence/1751161164.npy,data/processed/arducam/pose_coco17/1751161164.json,
1751161165,2025-06-29T01:39:25Z,scene_000,test,false,0,180,240,data/raw/arducam/depth/1751161165.npy,data/raw/arducam/confidence/1751161165.npy,data/processed/arducam/pose_coco17/1751161165.json,fewer_than_12_valid_keypoints
1751161166,2025-06-29T01:39:26Z,scene_000,test,false,3,180,240,data/raw/arducam/depth/1751161166.npy,data/raw/arducam/confidence/1751161166.npy,data/processed/arducam/pose_coco17/1751161166.json,fewer_than_12_valid_keypoints
1751161167,2025-06-29T01:39:27Z,scene_000,test,true,14,180,240,data/raw/arducam/depth/1751161167.npy,data/raw/arducam/confidence/1751161167.npy,data/processed/arducam/pose_coco17/1751161167.json,
1751161168,2025-06-29T01:39:28Z,scene_000,test,true,14,180,240,data/raw/arducam/depth/1751161168.npy,data/raw/arducam/confidence/1751161168.npy,data/processed/arducam/pose_coco17/1751161168.json,
1751161169,2025-06-29T01:39:29Z,scene_000,test,true,15,180,240,data/raw/arducam/depth/1751161169.npy,data/raw/arducam/confidence/1751161169.npy,data/processed/arducam/pose_coco17/1751161169.json,
1751161170,2025-06-29T01:39:30Z,scene_000,test,true,15,180,240,data/raw/arducam/depth/1751161170.npy,data/raw/arducam/confidence/1751161170.npy,data/processed/arducam/pose_coco17/1751161170.json,
1751161171,2025-06-29T01:39:31Z,scene_000,test,true,15,180,240,data/raw/arducam/depth/1751161171.npy,data/raw/arducam/confidence/1751161171.npy,data/processed/arducam/pose_coco17/1751161171.json,
1751161172,2025-06-29T01:39:32Z,scene_000,test,true,13,180,240,data/raw/arducam/depth/1751161172.npy,data/raw/arducam/confidence/1751161172.npy,data/processed/arducam/pose_coco17/1751161172.json,
1751161173,2025-06-29T01:39:33Z,scene_000,test,true,14,180,240,data/raw/arducam/depth/1751161173.npy,data/raw/arducam/confidence/1751161173.npy,data/processed/arducam/pose_coco17/1751161173.json,
1751161174,2025-06-29T01:39:34Z,scene_000,test,true,17,180,240,data/raw/arducam/depth/1751161174.npy,data/raw/arducam/confidence/1751161174.npy,data/processed/arducam/pose_coco17/1751161174.json,
1751161175,2025-06-29T01:39:35Z,scene_000,test,true,17,180,240,data/raw/arducam/depth/1751161175.npy,data/raw/arducam/confidence/1751161175.npy,data/processed/arducam/pose_coco17/1751161175.json,
1751161176,2025-06-29T01:39:36Z,scene_000,test,true,17,180,240,data/raw/arducam/depth/1751161176.npy,data/raw/arducam/confidence/1751161176.npy,data/processed/arducam/pose_coco17/1751161176.json,
1751161177,2025-06-29T01:39:37Z,scene_000,test,true,17,180,240,data/raw/arducam/depth/1751161177.npy,data/raw/arducam/confidence/1751161177.npy,data/processed/arducam/pose_coco17/1751161177.json,
1751161178,2025-06-29T01:39:38Z,scene_000,test,true,17,180,240,data/raw/arducam/depth/1751161178.npy,data/raw/arducam/confidence/1751161178.npy,data/processed/arducam/pose_coco17/1751161178.json,
1751161179,2025-06-29T01:39:39Z,scene_000,test,true,17,180,240,data/raw/arducam/depth/1751161179.npy,data/raw/arducam/confidence/1751161179.npy,data/processed/arducam/pose_coco17/1751161179.json,
1751161180,2025-06-29T01:39:40Z,scene_000,test,true,17,180,240,data/raw/arducam/depth/1751161180.npy,data/raw/arducam/confidence/1751161180.npy,data/processed/arducam/pose_coco17/1751161180.json,
1751161181,2025-06-29T01:39:41Z,scene_000,test,true,17,180,240,data/raw/arducam/depth/1751161181.npy,data/raw/arducam/confidence/1751161181.npy,data/processed/arducam/pose_coco17/1751161181.json,
1751161182,2025-06-29T01:39:42Z,scene_000,test,true,17,180,240,data/raw/arducam/depth/1751161182.npy,data/raw/arducam/confidence/1751161182.npy,data/processed/arducam/pose_coco17/1751161182.json,
1751161183,2025-06-29T01:39:43Z,scene_000,test,true,17,180,240,data/raw/arducam/depth/1751161183.npy,data/raw/arducam/confidence/1751161183.npy,data/processed/arducam/pose_coco17/1751161183.json,
1751161184,2025-06-29T01:39:44Z,scene_000,test,true,17,180,240,data/raw/arducam/depth/1751161184.npy,data/raw/arducam/confidence/1751161184.npy,data/processed/arducam/pose_coco17/1751161184.json,
1751161185,2025-06-29T01:39:45Z,scene_000,test,true,17,180,240,data/raw/arducam/depth/1751161185.npy,data/raw/arducam/confidence/1751161185.npy,data/processed/arducam/pose_coco17/1751161185.json,
1751161186,2025-06-29T01:39:46Z,scene_000,test,true,17,180,240,data/raw/arducam/depth/1751161186.npy,data/raw/arducam/confidence/1751161186.npy,data/processed/arducam/pose_coco17/1751161186.json,
1751161187,2025-06-29T01:39:47Z,scene_000,test,true,17,180,240,data/raw/arducam/depth/1751161187.npy,data/raw/arducam/confidence/1751161187.npy,data/processed/arducam/pose_coco17/1751161187.json,
1751161188,2025-06-29T01:39:48Z,scene_000,test,true,17,180,240,data/raw/arducam/depth/1751161188.npy,data/raw/arducam/confidence/1751161188.npy,data/processed/arducam/pose_coco17/1751161188.json,
1751161189,2025-06-29T01:39:49Z,scene_000,test,true,17,180,240,data/raw/arducam/depth/1751161189.npy,data/raw/arducam/confidence/1751161189.npy,data/processed/arducam/pose_coco17/1751161189.json,
1751161190,2025-06-29T01:39:50Z,scene_000,test,true,17,180,240,data/raw/arducam/depth/1751161190.npy,data/raw/arducam/confidence/1751161190.npy,data/processed/arducam/pose_coco17/1751161190.json,
1751161191,2025-06-29T01:39:51Z,scene_000,test,true,17,180,240,data/raw/arducam/depth/1751161191.npy,data/raw/arducam/confidence/1751161191.npy,data/processed/arducam/pose_coco17/1751161191.json,
1751161192,2025-06-29T01:39:52Z,scene_000,test,true,17,180,240,data/raw/arducam/depth/1751161192.npy,data/raw/arducam/confidence/1751161192.npy,data/processed/arducam/pose_coco17/1751161192.json,
1751161193,2025-06-29T01:39:53Z,scene_000,test,true,17,180,240,data/raw/arducam/depth/1751161193.npy,data/raw/arducam/confidence/1751161193.npy,data/processed/arducam/pose_coco17/1751161193.json,
1751161194,2025-06-29T01:39:54Z,scene_000,test,true,15,180,240,data/raw/arducam/depth/1751161194.npy,data/raw/arducam/confidence/1751161194.npy,data/processed/arducam/pose_coco17/1751161194.json,
1751161195,2025-06-29T01:39:55Z,scene_000,test,true,15,180,240,data/raw/arducam/depth/1751161195.npy,data/raw/arducam/confidence/1751161195.npy,data/processed/arducam/pose_coco17/1751161195.json,
1751161196,2025-06-29T01:39:56Z,scene_000,test,true,16,180,240,data/raw/arducam/depth/1751161196.npy,data/raw/arducam/confidence/1751161196.npy,data/processed/arducam/pose_coco17/1751161196.json,
1751161197,2025-06-29T01:39:57Z,scene_000,test,true,12,180,240,data/raw/arducam/depth/1751161197.npy,data/raw/arducam/confidence/1751161197.npy,data/processed/arducam/pose_coco17/1751161197.json,
1751161198,2025-06-29T01:39:58Z,scene_000,test,false,10,180,240,data/raw/arducam/depth/1751161198.npy,data/raw/arducam/confidence/1751161198.npy,data/processed/arducam/pose_coco17/1751161198.json,fewer_than_12_valid_keypoints
1751161199,2025-06-29T01:39:59Z,scene_000,test,true,17,180,240,data/raw/arducam/depth/1751161199.npy,data/raw/arducam/confidence/1751161199.npy,data/processed/arducam/pose_coco17/1751161199.json,
1751161200,2025-06-29T01:40:00Z,scene_000,test,true,15,180,240,data/raw/arducam/depth/1751161200.npy,data/raw/arducam/confidence/1751161200.npy,data/processed/arducam/pose_coco17/1751161200.json,
1751161201,2025-06-29T01:40:01Z,scene_000,test,true,16,180,240,data/raw/arducam/depth/1751161201.npy,data/raw/arducam/confidence/1751161201.npy,data/processed/arducam/pose_coco17/1751161201.json,
1751161202,2025-06-29T01:40:02Z,scene_000,test,true,17,180,240,data/raw/arducam/depth/1751161202.npy,data/raw/arducam/confidence/1751161202.npy,data/processed/arducam/pose_coco17/1751161202.json,
1751161203,2025-06-29T01:40:03Z,scene_000,test,true,17,180,240,data/raw/arducam/depth/1751161203.npy,data/raw/arducam/confidence/1751161203.npy,data/processed/arducam/pose_coco17/1751161203.json,
1751161204,2025-06-29T01:40:04Z,scene_000,test,true,16,180,240,data/raw/arducam/depth/1751161204.npy,data/raw/arducam/confidence/1751161204.npy,data/processed/arducam/pose_coco17/1751161204.json,
1751161205,2025-06-29T01:40:05Z,scene_000,test,true,12,180,240,data/raw/arducam/depth/1751161205.npy,data/raw/arducam/confidence/1751161205.npy,data/processed/arducam/pose_coco17/1751161205.json,
1751161206,2025-06-29T01:40:06Z,scene_000,test,true,17,180,240,data/raw/arducam/depth/1751161206.npy,data/raw/arducam/confidence/1751161206.npy,data/processed/arducam/pose_coco17/1751161206.json,
1751161207,2025-06-29T01:40:07Z,scene_000,test,true,17,180,240,data/raw/arducam/depth/1751161207.npy,data/raw/arducam/confidence/1751161207.npy,data/processed/arducam/pose_coco17/1751161207.json,
1751161208,2025-06-29T01:40:08Z,scene_000,test,true,17,180,240,data/raw/arducam/depth/1751161208.npy,data/raw/arducam/confidence/1751161208.npy,data/processed/arducam/pose_coco17/1751161208.json,
1751161209,2025-06-29T01:40:09Z,scene_000,test,true,17,180,240,data/raw/arducam/depth/1751161209.npy,data/raw/arducam/confidence/1751161209.npy,data/processed/arducam/pose_coco17/1751161209.json,
1751161210,2025-06-29T01:40:10Z,scene_000,test,true,17,180,240,data/raw/arducam/depth/1751161210.npy,data/raw/arducam/confidence/1751161210.npy,data/processed/arducam/pose_coco17/1751161210.json,
1751161211,2025-06-29T01:40:11Z,scene_000,test,true,17,180,240,data/raw/arducam/depth/1751161211.npy,data/raw/arducam/confidence/1751161211.npy,data/processed/arducam/pose_coco17/1751161211.json,
1751161212,2025-06-29T01:40:12Z,scene_000,test,true,17,180,240,data/raw/arducam/depth/1751161212.npy,data/raw/arducam/confidence/1751161212.npy,data/processed/arducam/pose_coco17/1751161212.json,
1751161213,2025-06-29T01:40:13Z,scene_000,test,true,17,180,240,data/raw/arducam/depth/1751161213.npy,data/raw/arducam/confidence/1751161213.npy,data/processed/arducam/pose_coco17/1751161213.json,
1751161214,2025-06-29T01:40:14Z,scene_000,test,true,17,180,240,data/raw/arducam/depth/1751161214.npy,data/raw/arducam/confidence/1751161214.npy,data/processed/arducam/pose_coco17/1751161214.json,
1751161215,2025-06-29T01:40:15Z,scene_000,test,true,17,180,240,data/raw/arducam/depth/1751161215.npy,data/raw/arducam/confidence/1751161215.npy,data/processed/arducam/pose_coco17/1751161215.json,
1751161216,2025-06-29T01:40:16Z,scene_000,test,true,17,180,240,data/raw/arducam/depth/1751161216.npy,data/raw/arducam/confidence/1751161216.npy,data/processed/arducam/pose_coco17/1751161216.json,
1751161217,2025-06-29T01:40:17Z,scene_000,test,true,15,180,240,data/raw/arducam/depth/1751161217.npy,data/raw/arducam/confidence/1751161217.npy,data/processed/arducam/pose_coco17/1751161217.json,
1751161218,2025-06-29T01:40:18Z,scene_000,test,true,15,180,240,data/raw/arducam/depth/1751161218.npy,data/raw/arducam/confidence/1751161218.npy,data/processed/arducam/pose_coco17/1751161218.json,
1751161219,2025-06-29T01:40:19Z,scene_000,test,true,14,180,240,data/raw/arducam/depth/1751161219.npy,data/raw/arducam/confidence/1751161219.npy,data/processed/arducam/pose_coco17/1751161219.json,
1751161220,2025-06-29T01:40:20Z,scene_000,test,true,17,180,240,data/raw/arducam/depth/1751161220.npy,data/raw/arducam/confidence/1751161220.npy,data/processed/arducam/pose_coco17/1751161220.json,
1751161221,2025-06-29T01:40:21Z,scene_000,test,true,17,180,240,data/raw/arducam/depth/1751161221.npy,data/raw/arducam/confidence/1751161221.npy,data/processed/arducam/pose_coco17/1751161221.json,
1751161222,2025-06-29T01:40:22Z,scene_000,test,true,17,180,240,data/raw/arducam/depth/1751161222.npy,data/raw/arducam/confidence/1751161222.npy,data/processed/arducam/pose_coco17/1751161222.json,
1751161223,2025-06-29T01:40:23Z,scene_000,test,true,17,180,240,data/raw/arducam/depth/1751161223.npy,data/raw/arducam/confidence/1751161223.npy,data/processed/arducam/pose_coco17/1751161223.json,
1751161224,2025-06-29T01:40:24Z,scene_000,test,true,15,180,240,data/raw/arducam/depth/1751161224.npy,data/raw/arducam/confidence/1751161224.npy,data/processed/arducam/pose_coco17/1751161224.json,
1751161225,2025-06-29T01:40:25Z,scene_000,test,true,15,180,240,data/raw/arducam/depth/1751161225.npy,data/raw/arducam/confidence/1751161225.npy,data/processed/arducam/pose_coco17/1751161225.json,
1751161226,2025-06-29T01:40:26Z,scene_000,test,true,17,180,240,data/raw/arducam/depth/1751161226.npy,data/raw/arducam/confidence/1751161226.npy,data/processed/arducam/pose_coco17/1751161226.json,
1751161227,2025-06-29T01:40:27Z,scene_000,test,true,17,180,240,data/raw/arducam/depth/1751161227.npy,data/raw/arducam/confidence/1751161227.npy,data/processed/arducam/pose_coco17/1751161227.json,
1751161228,2025-06-29T01:40:28Z,scene_000,test,true,17,180,240,data/raw/arducam/depth/1751161228.npy,data/raw/arducam/confidence/1751161228.npy,data/processed/arducam/pose_coco17/1751161228.json,
1751161229,2025-06-29T01:40:29Z,scene_000,test,true,17,180,240,data/raw/arducam/depth/1751161229.npy,data/raw/arducam/confidence/1751161229.npy,data/processed/arducam/pose_coco17/1751161229.json,
1751161230,2025-06-29T01:40:30Z,scene_000,test,true,17,180,240,data/raw/arducam/depth/1751161230.npy,data/raw/arducam/confidence/1751161230.npy,data/processed/arducam/pose_coco17/1751161230.json,
1751161231,2025-06-29T01:40:31Z,scene_000,test,true,17,180,240,data/raw/arducam/depth/1751161231.npy,data/raw/arducam/confidence/1751161231.npy,data/processed/arducam/pose_coco17/1751161231.json,
1751161232,2025-06-29T01:40:32Z,scene_000,test,true,17,180,240,data/raw/arducam/depth/1751161232.npy,data/raw/arducam/confidence/1751161232.npy,data/processed/arducam/pose_coco17/1751161232.json,
1751161233,2025-06-29T01:40:33Z,scene_000,test,true,17,180,240,data/raw/arducam/depth/1751161233.npy,data/raw/arducam/confidence/1751161233.npy,data/processed/arducam/pose_coco17/1751161233.json,
1751161234,2025-06-29T01:40:34Z,scene_000,test,true,17,180,240,data/raw/arducam/depth/1751161234.npy,data/raw/arducam/confidence/1751161234.npy,data/processed/arducam/pose_coco17/1751161234.json,
1751161235,2025-06-29T01:40:35Z,scene_000,test,true,15,180,240,data/raw/arducam/depth/1751161235.npy,data/raw/arducam/confidence/1751161235.npy,data/processed/arducam/pose_coco17/1751161235.json,
1751161236,2025-06-29T01:40:36Z,scene_000,test,false,0,180,240,data/raw/arducam/depth/1751161236.npy,data/raw/arducam/confidence/1751161236.npy,data/processed/arducam/pose_coco17/1751161236.json,fewer_than_12_valid_keypoints
1751161262,2025-06-29T01:41:02Z,scene_000,test,false,0,180,240,data/raw/arducam/depth/1751161262.npy,data/raw/arducam/confidence/1751161262.npy,data/processed/arducam/pose_coco17/1751161262.json,fewer_than_12_valid_keypoints
1751161263,2025-06-29T01:41:03Z,scene_000,test,true,13,180,240,data/raw/arducam/depth/1751161263.npy,data/raw/arducam/confidence/1751161263.npy,data/processed/arducam/pose_coco17/1751161263.json,
1751161264,2025-06-29T01:41:04Z,scene_000,test,true,13,180,240,data/raw/arducam/depth/1751161264.npy,data/raw/arducam/confidence/1751161264.npy,data/processed/arducam/pose_coco17/1751161264.json,
1751161265,2025-06-29T01:41:05Z,scene_000,test,true,13,180,240,data/raw/arducam/depth/1751161265.npy,data/raw/arducam/confidence/1751161265.npy,data/processed/arducam/pose_coco17/1751161265.json,
1751161266,2025-06-29T01:41:06Z,scene_000,test,true,13,180,240,data/raw/arducam/depth/1751161266.npy,data/raw/arducam/confidence/1751161266.npy,data/processed/arducam/pose_coco17/1751161266.json,
1751161267,2025-06-29T01:41:07Z,scene_000,test,true,13,180,240,data/raw/arducam/depth/1751161267.npy,data/raw/arducam/confidence/1751161267.npy,data/processed/arducam/pose_coco17/1751161267.json,
1751161268,2025-06-29T01:41:08Z,scene_000,test,true,17,180,240,data/raw/arducam/depth/1751161268.npy,data/raw/arducam/confidence/1751161268.npy,data/processed/arducam/pose_coco17/1751161268.json,
1751161269,2025-06-29T01:41:09Z,scene_000,test,true,17,180,240,data/raw/arducam/depth/1751161269.npy,data/raw/arducam/confidence/1751161269.npy,data/processed/arducam/pose_coco17/1751161269.json,
1751161270,2025-06-29T01:41:10Z,scene_000,test,true,17,180,240,data/raw/arducam/depth/1751161270.npy,data/raw/arducam/confidence/1751161270.npy,data/processed/arducam/pose_coco17/1751161270.json,
1751161271,2025-06-29T01:41:11Z,scene_000,test,true,17,180,240,data/raw/arducam/depth/1751161271.npy,data/raw/arducam/confidence/1751161271.npy,data/processed/arducam/pose_coco17/1751161271.json,
1751161272,2025-06-29T01:41:12Z,scene_000,test,true,17,180,240,data/raw/arducam/depth/1751161272.npy,data/raw/arducam/confidence/1751161272.npy,data/processed/arducam/pose_coco17/1751161272.json,
1751161273,2025-06-29T01:41:13Z,scene_000,test,true,17,180,240,data/raw/arducam/depth/1751161273.npy,data/raw/arducam/confidence/1751161273.npy,data/processed/arducam/pose_coco17/1751161273.json,
1751161274,2025-06-29T01:41:14Z,scene_000,test,true,17,180,240,data/raw/arducam/depth/1751161274.npy,data/raw/arducam/confidence/1751161274.npy,data/processed/arducam/pose_coco17/1751161274.json,
1751161275,2025-06-29T01:41:15Z,scene_000,test,true,17,180,240,data/raw/arducam/depth/1751161275.npy,data/raw/arducam/confidence/1751161275.npy,data/processed/arducam/pose_coco17/1751161275.json,
1751161276,2025-06-29T01:41:16Z,scene_000,test,true,17,180,240,data/raw/arducam/depth/1751161276.npy,data/raw/arducam/confidence/1751161276.npy,data/processed/arducam/pose_coco17/1751161276.json,
1751161277,2025-06-29T01:41:17Z,scene_000,test,true,17,180,240,data/raw/arducam/depth/1751161277.npy,data/raw/arducam/confidence/1751161277.npy,data/processed/arducam/pose_coco17/1751161277.json,
1751161278,2025-06-29T01:41:18Z,scene_000,test,true,17,180,240,data/raw/arducam/depth/1751161278.npy,data/raw/arducam/confidence/1751161278.npy,data/processed/arducam/pose_coco17/1751161278.json,
1751161279,2025-06-29T01:41:19Z,scene_000,test,true,17,180,240,data/raw/arducam/depth/1751161279.npy,data/raw/arducam/confidence/1751161279.npy,data/processed/arducam/pose_coco17/1751161279.json,
1751161280,2025-06-29T01:41:20Z,scene_000,test,true,17,180,240,data/raw/arducam/depth/1751161280.npy,data/raw/arducam/confidence/1751161280.npy,data/processed/arducam/pose_coco17/1751161280.json,
1751161281,2025-06-29T01:41:21Z,scene_000,test,true,17,180,240,data/raw/arducam/depth/1751161281.npy,data/raw/arducam/confidence/1751161281.npy,data/processed/arducam/pose_coco17/1751161281.json,
1751161282,2025-06-29T01:41:22Z,scene_000,test,true,17,180,240,data/raw/arducam/depth/1751161282.npy,data/raw/arducam/confidence/1751161282.npy,data/processed/arducam/pose_coco17/1751161282.json,
1751161283,2025-06-29T01:41:23Z,scene_000,test,true,17,180,240,data/raw/arducam/depth/1751161283.npy,data/raw/arducam/confidence/1751161283.npy,data/processed/arducam/pose_coco17/1751161283.json,
1751161284,2025-06-29T01:41:24Z,scene_000,test,true,17,180,240,data/raw/arducam/depth/1751161284.npy,data/raw/arducam/confidence/1751161284.npy,data/processed/arducam/pose_coco17/1751161284.json,
1751161285,2025-06-29T01:41:25Z,scene_000,test,true,17,180,240,data/raw/arducam/depth/1751161285.npy,data/raw/arducam/confidence/1751161285.npy,data/processed/arducam/pose_coco17/1751161285.json,
1751161286,2025-06-29T01:41:26Z,scene_000,test,true,17,180,240,data/raw/arducam/depth/1751161286.npy,data/raw/arducam/confidence/1751161286.npy,data/processed/arducam/pose_coco17/1751161286.json,
1751161287,2025-06-29T01:41:27Z,scene_000,test,true,17,180,240,data/raw/arducam/depth/1751161287.npy,data/raw/arducam/confidence/1751161287.npy,data/processed/arducam/pose_coco17/1751161287.json,
1751161288,2025-06-29T01:41:28Z,scene_000,test,true,17,180,240,data/raw/arducam/depth/1751161288.npy,data/raw/arducam/confidence/1751161288.npy,data/processed/arducam/pose_coco17/1751161288.json,
1751161289,2025-06-29T01:41:29Z,scene_000,test,true,17,180,240,data/raw/arducam/depth/1751161289.npy,data/raw/arducam/confidence/1751161289.npy,data/processed/arducam/pose_coco17/1751161289.json,
1751161290,2025-06-29T01:41:30Z,scene_000,test,true,17,180,240,data/raw/arducam/depth/1751161290.npy,data/raw/arducam/confidence/1751161290.npy,data/processed/arducam/pose_coco17/1751161290.json,
1751161291,2025-06-29T01:41:31Z,scene_000,test,true,17,180,240,data/raw/arducam/depth/1751161291.npy,data/raw/arducam/confidence/1751161291.npy,data/processed/arducam/pose_coco17/1751161291.json,
1751161292,2025-06-29T01:41:32Z,scene_000,test,true,17,180,240,data/raw/arducam/depth/1751161292.npy,data/raw/arducam/confidence/1751161292.npy,data/processed/arducam/pose_coco17/1751161292.json,
1751161293,2025-06-29T01:41:33Z,scene_000,test,true,17,180,240,data/raw/arducam/depth/1751161293.npy,data/raw/arducam/confidence/1751161293.npy,data/processed/arducam/pose_coco17/1751161293.json,
1751161294,2025-06-29T01:41:34Z,scene_000,test,true,17,180,240,data/raw/arducam/depth/1751161294.npy,data/raw/arducam/confidence/1751161294.npy,data/processed/arducam/pose_coco17/1751161294.json,
1751161295,2025-06-29T01:41:35Z,scene_000,test,true,15,180,240,data/raw/arducam/depth/1751161295.npy,data/raw/arducam/confidence/1751161295.npy,data/processed/arducam/pose_coco17/1751161295.json,
1751161296,2025-06-29T01:41:36Z,scene_000,test,true,15,180,240,data/raw/arducam/depth/1751161296.npy,data/raw/arducam/confidence/1751161296.npy,data/processed/arducam/pose_coco17/1751161296.json,
1751161297,2025-06-29T01:41:37Z,scene_000,test,true,15,180,240,data/raw/arducam/depth/1751161297.npy,data/raw/arducam/confidence/1751161297.npy,data/processed/arducam/pose_coco17/1751161297.json,
1751161298,2025-06-29T01:41:38Z,scene_000,test,true,17,180,240,data/raw/arducam/depth/1751161298.npy,data/raw/arducam/confidence/1751161298.npy,data/processed/arducam/pose_coco17/1751161298.json,
1751161299,2025-06-29T01:41:39Z,scene_000,test,true,17,180,240,data/raw/arducam/depth/1751161299.npy,data/raw/arducam/confidence/1751161299.npy,data/processed/arducam/pose_coco17/1751161299.json,
1751161300,2025-06-29T01:41:40Z,scene_000,test,true,13,180,240,data/raw/arducam/depth/1751161300.npy,data/raw/arducam/confidence/1751161300.npy,data/processed/arducam/pose_coco17/1751161300.json,
1751161301,2025-06-29T01:41:41Z,scene_000,test,true,15,180,240,data/raw/arducam/depth/1751161301.npy,data/raw/arducam/confidence/1751161301.npy,data/processed/arducam/pose_coco17/1751161301.json,
1751161302,2025-06-29T01:41:42Z,scene_000,test,true,16,180,240,data/raw/arducam/depth/1751161302.npy,data/raw/arducam/confidence/1751161302.npy,data/processed/arducam/pose_coco17/1751161302.json,
1751161303,2025-06-29T01:41:43Z,scene_000,test,true,17,180,240,data/raw/arducam/depth/1751161303.npy,data/raw/arducam/confidence/1751161303.npy,data/processed/arducam/pose_coco17/1751161303.json,
1751161304,2025-06-29T01:41:44Z,scene_000,test,true,15,180,240,data/raw/arducam/depth/1751161304.npy,data/raw/arducam/confidence/1751161304.npy,data/processed/arducam/pose_coco17/1751161304.json,
1751161305,2025-06-29T01:41:45Z,scene_000,test,true,17,180,240,data/raw/arducam/depth/1751161305.npy,data/raw/arducam/confidence/1751161305.npy,data/processed/arducam/pose_coco17/1751161305.json,
1751161306,2025-06-29T01:41:46Z,scene_000,test,true,17,180,240,data/raw/arducam/depth/1751161306.npy,data/raw/arducam/confidence/1751161306.npy,data/processed/arducam/pose_coco17/1751161306.json,
1751161307,2025-06-29T01:41:47Z,scene_000,test,true,17,180,240,data/raw/arducam/depth/1751161307.npy,data/raw/arducam/confidence/1751161307.npy,data/processed/arducam/pose_coco17/1751161307.json,
1751161308,2025-06-29T01:41:48Z,scene_000,test,true,16,180,240,data/raw/arducam/depth/1751161308.npy,data/raw/arducam/confidence/1751161308.npy,data/processed/arducam/pose_coco17/1751161308.json,
1751161309,2025-06-29T01:41:49Z,scene_000,test,true,14,180,240,data/raw/arducam/depth/1751161309.npy,data/raw/arducam/confidence/1751161309.npy,data/processed/arducam/pose_coco17/1751161309.json,
1751161310,2025-06-29T01:41:50Z,scene_000,test,true,17,180,240,data/raw/arducam/depth/1751161310.npy,data/raw/arducam/confidence/1751161310.npy,data/processed/arducam/pose_coco17/1751161310.json,
1751161311,2025-06-29T01:41:51Z,scene_000,test,true,17,180,240,data/raw/arducam/depth/1751161311.npy,data/raw/arducam/confidence/1751161311.npy,data/processed/arducam/pose_coco17/1751161311.json,
1751161312,2025-06-29T01:41:52Z,scene_000,test,true,17,180,240,data/raw/arducam/depth/1751161312.npy,data/raw/arducam/confidence/1751161312.npy,data/processed/arducam/pose_coco17/1751161312.json,
1751161313,2025-06-29T01:41:53Z,scene_000,test,true,17,180,240,data/raw/arducam/depth/1751161313.npy,data/raw/arducam/confidence/1751161313.npy,data/processed/arducam/pose_coco17/1751161313.json,
1751161314,2025-06-29T01:41:54Z,scene_000,test,true,17,180,240,data/raw/arducam/depth/1751161314.npy,data/raw/arducam/confidence/1751161314.npy,data/processed/arducam/pose_coco17/1751161314.json,
1751161315,2025-06-29T01:41:55Z,scene_000,test,true,17,180,240,data/raw/arducam/depth/1751161315.npy,data/raw/arducam/confidence/1751161315.npy,data/processed/arducam/pose_coco17/1751161315.json,
1751161316,2025-06-29T01:41:56Z,scene_000,test,true,17,180,240,data/raw/arducam/depth/1751161316.npy,data/raw/arducam/confidence/1751161316.npy,data/processed/arducam/pose_coco17/1751161316.json,
1751161317,2025-06-29T01:41:57Z,scene_000,test,true,17,180,240,data/raw/arducam/depth/1751161317.npy,data/raw/arducam/confidence/1751161317.npy,data/processed/arducam/pose_coco17/1751161317.json,
1751161318,2025-06-29T01:41:58Z,scene_000,test,true,17,180,240,data/raw/arducam/depth/1751161318.npy,data/raw/arducam/confidence/1751161318.npy,data/processed/arducam/pose_coco17/1751161318.json,
1751161319,2025-06-29T01:41:59Z,scene_000,test,true,17,180,240,data/raw/arducam/depth/1751161319.npy,data/raw/arducam/confidence/1751161319.npy,data/processed/arducam/pose_coco17/1751161319.json,
1751161320,2025-06-29T01:42:00Z,scene_000,test,true,17,180,240,data/raw/arducam/depth/1751161320.npy,data/raw/arducam/confidence/1751161320.npy,data/processed/arducam/pose_coco17/1751161320.json,
1751161321,2025-06-29T01:42:01Z,scene_000,test,true,17,180,240,data/raw/arducam/depth/1751161321.npy,data/raw/arducam/confidence/1751161321.npy,data/processed/arducam/pose_coco17/1751161321.json,
1751161322,2025-06-29T01:42:02Z,scene_000,test,true,17,180,240,data/raw/arducam/depth/1751161322.npy,data/raw/arducam/confidence/1751161322.npy,data/processed/arducam/pose_coco17/1751161322.json,
1751161323,2025-06-29T01:42:03Z,scene_000,test,true,17,180,240,data/raw/arducam/depth/1751161323.npy,data/raw/arducam/confidence/1751161323.npy,data/processed/arducam/pose_coco17/1751161323.json,
1751161324,2025-06-29T01:42:04Z,scene_000,test,true,17,180,240,data/raw/arducam/depth/1751161324.npy,data/raw/arducam/confidence/1751161324.npy,data/processed/arducam/pose_coco17/1751161324.json,
1751161325,2025-06-29T01:42:05Z,scene_000,test,true,17,180,240,data/raw/arducam/depth/1751161325.npy,data/raw/arducam/confidence/1751161325.npy,data/processed/arducam/pose_coco17/1751161325.json,
1751161326,2025-06-29T01:42:06Z,scene_000,test,true,17,180,240,data/raw/arducam/depth/1751161326.npy,data/raw/arducam/confidence/1751161326.npy,data/processed/arducam/pose_coco17/1751161326.json,
1751161327,2025-06-29T01:42:07Z,scene_000,test,true,17,180,240,data/raw/arducam/depth/1751161327.npy,data/raw/arducam/confidence/1751161327.npy,data/processed/arducam/pose_coco17/1751161327.json,
1751161328,2025-06-29T01:42:08Z,scene_000,test,true,17,180,240,data/raw/arducam/depth/1751161328.npy,data/raw/arducam/confidence/1751161328.npy,data/processed/arducam/pose_coco17/1751161328.json,
1751161329,2025-06-29T01:42:09Z,scene_000,test,true,17,180,240,data/raw/arducam/depth/1751161329.npy,data/raw/arducam/confidence/1751161329.npy,data/processed/arducam/pose_coco17/1751161329.json,
1751161330,2025-06-29T01:42:10Z,scene_000,test,true,17,180,240,data/raw/arducam/depth/1751161330.npy,data/raw/arducam/confidence/1751161330.npy,data/processed/arducam/pose_coco17/1751161330.json,
1751161331,2025-06-29T01:42:11Z,scene_000,test,true,17,180,240,data/raw/arducam/depth/1751161331.npy,data/raw/arducam/confidence/1751161331.npy,data/processed/arducam/pose_coco17/1751161331.json,
1751161332,2025-06-29T01:42:12Z,scene_000,test,true,17,180,240,data/raw/arducam/depth/1751161332.npy,data/raw/arducam/confidence/1751161332.npy,data/processed/arducam/pose_coco17/1751161332.json,
1751161333,2025-06-29T01:42:13Z,scene_000,test,true,17,180,240,data/raw/arducam/depth/1751161333.npy,data/raw/arducam/confidence/1751161333.npy,data/processed/arducam/pose_coco17/1751161333.json,
1751161334,2025-06-29T01:42:14Z,scene_000,test,true,16,180,240,data/raw/arducam/depth/1751161334.npy,data/raw/arducam/confidence/1751161334.npy,data/processed/arducam/pose_coco17/1751161334.json,
1751161335,2025-06-29T01:42:15Z,scene_000,test,true,17,180,240,data/raw/arducam/depth/1751161335.npy,data/raw/arducam/confidence/1751161335.npy,data/processed/arducam/pose_coco17/1751161335.json,
1751161336,2025-06-29T01:42:16Z,scene_000,test,true,17,180,240,data/raw/arducam/depth/1751161336.npy,data/raw/arducam/confidence/1751161336.npy,data/processed/arducam/pose_coco17/1751161336.json,
1751161337,2025-06-29T01:42:17Z,scene_000,test,true,17,180,240,data/raw/arducam/depth/1751161337.npy,data/raw/arducam/confidence/1751161337.npy,data/processed/arducam/pose_coco17/1751161337.json,
1751161338,2025-06-29T01:42:18Z,scene_000,test,true,17,180,240,data/raw/arducam/depth/1751161338.npy,data/raw/arducam/confidence/1751161338.npy,data/processed/arducam/pose_coco17/1751161338.json,
1751161339,2025-06-29T01:42:19Z,scene_000,test,true,17,180,240,data/raw/arducam/depth/1751161339.npy,data/raw/arducam/confidence/1751161339.npy,data/processed/arducam/pose_coco17/1751161339.json,
1751161340,2025-06-29T01:42:20Z,scene_000,test,true,17,180,240,data/raw/arducam/depth/1751161340.npy,data/raw/arducam/confidence/1751161340.npy,data/processed/arducam/pose_coco17/1751161340.json,
1751161341,2025-06-29T01:42:21Z,scene_000,test,true,17,180,240,data/raw/arducam/depth/1751161341.npy,data/raw/arducam/confidence/1751161341.npy,data/processed/arducam/pose_coco17/1751161341.json,
1751161342,2025-06-29T01:42:22Z,scene_000,test,true,17,180,240,data/raw/arducam/depth/1751161342.npy,data/raw/arducam/confidence/1751161342.npy,data/processed/arducam/pose_coco17/1751161342.json,
1751161343,2025-06-29T01:42:23Z,scene_000,test,true,17,180,240,data/raw/arducam/depth/1751161343.npy,data/raw/arducam/confidence/1751161343.npy,data/processed/arducam/pose_coco17/1751161343.json,
1751161344,2025-06-29T01:42:24Z,scene_000,test,true,17,180,240,data/raw/arducam/depth/1751161344.npy,data/raw/arducam/confidence/1751161344.npy,data/processed/arducam/pose_coco17/1751161344.json,
1751161345,2025-06-29T01:42:25Z,scene_000,test,true,17,180,240,data/raw/arducam/depth/1751161345.npy,data/raw/arducam/confidence/1751161345.npy,data/processed/arducam/pose_coco17/1751161345.json,
1751161346,2025-06-29T01:42:26Z,scene_000,test,true,17,180,240,data/raw/arducam/depth/1751161346.npy,data/raw/arducam/confidence/1751161346.npy,data/processed/arducam/pose_coco17/1751161346.json,
1751161347,2025-06-29T01:42:27Z,scene_000,test,true,17,180,240,data/raw/arducam/depth/1751161347.npy,data/raw/arducam/confidence/1751161347.npy,data/processed/arducam/pose_coco17/1751161347.json,
1751161348,2025-06-29T01:42:28Z,scene_000,test,true,17,180,240,data/raw/arducam/depth/1751161348.npy,data/raw/arducam/confidence/1751161348.npy,data/processed/arducam/pose_coco17/1751161348.json,
1751161349,2025-06-29T01:42:29Z,scene_000,test,true,17,180,240,data/raw/arducam/depth/1751161349.npy,data/raw/arducam/confidence/1751161349.npy,data/processed/arducam/pose_coco17/1751161349.json,
1751161350,2025-06-29T01:42:30Z,scene_000,test,true,17,180,240,data/raw/arducam/depth/1751161350.npy,data/raw/arducam/confidence/1751161350.npy,data/processed/arducam/pose_coco17/1751161350.json,
1751161351,2025-06-29T01:42:31Z,scene_000,test,true,17,180,240,data/raw/arducam/depth/1751161351.npy,data/raw/arducam/confidence/1751161351.npy,data/processed/arducam/pose_coco17/1751161351.json,
1751161352,2025-06-29T01:42:32Z,scene_000,test,true,17,180,240,data/raw/arducam/depth/1751161352.npy,data/raw/arducam/confidence/1751161352.npy,data/processed/arducam/pose_coco17/1751161352.json,
1751161353,2025-06-29T01:42:33Z,scene_000,test,true,17,180,240,data/raw/arducam/depth/1751161353.npy,data/raw/arducam/confidence/1751161353.npy,data/processed/arducam/pose_coco17/1751161353.json,
1751161354,2025-06-29T01:42:34Z,scene_000,test,true,17,180,240,data/raw/arducam/depth/1751161354.npy,data/raw/arducam/confidence/1751161354.npy,data/processed/arducam/pose_coco17/1751161354.json,
1751161355,2025-06-29T01:42:35Z,scene_000,test,true,17,180,240,data/raw/arducam/depth/1751161355.npy,data/raw/arducam/confidence/1751161355.npy,data/processed/arducam/pose_coco17/1751161355.json,
1751161356,2025-06-29T01:42:36Z,scene_000,test,true,17,180,240,data/raw/arducam/depth/1751161356.npy,data/raw/arducam/confidence/1751161356.npy,data/processed/arducam/pose_coco17/1751161356.json,
1751161357,2025-06-29T01:42:37Z,scene_000,test,true,17,180,240,data/raw/arducam/depth/1751161357.npy,data/raw/arducam/confidence/1751161357.npy,data/processed/arducam/pose_coco17/1751161357.json,
1751161358,2025-06-29T01:42:38Z,scene_000,test,true,17,180,240,data/raw/arducam/depth/1751161358.npy,data/raw/arducam/confidence/1751161358.npy,data/processed/arducam/pose_coco17/1751161358.json,
1751161359,2025-06-29T01:42:39Z,scene_000,test,true,17,180,240,data/raw/arducam/depth/1751161359.npy,data/raw/arducam/confidence/1751161359.npy,data/processed/arducam/pose_coco17/1751161359.json,
1751161360,2025-06-29T01:42:40Z,scene_000,test,true,17,180,240,data/raw/arducam/depth/1751161360.npy,data/raw/arducam/confidence/1751161360.npy,data/processed/arducam/pose_coco17/1751161360.json,
1751161361,2025-06-29T01:42:41Z,scene_000,test,true,17,180,240,data/raw/arducam/depth/1751161361.npy,data/raw/arducam/confidence/1751161361.npy,data/processed/arducam/pose_coco17/1751161361.json,
1751161362,2025-06-29T01:42:42Z,scene_000,test,true,17,180,240,data/raw/arducam/depth/1751161362.npy,data/raw/arducam/confidence/1751161362.npy,data/processed/arducam/pose_coco17/1751161362.json,
1751161363,2025-06-29T01:42:43Z,scene_000,test,true,17,180,240,data/raw/arducam/depth/1751161363.npy,data/raw/arducam/confidence/1751161363.npy,data/processed/arducam/pose_coco17/1751161363.json,
1751161364,2025-06-29T01:42:44Z,scene_000,test,true,17,180,240,data/raw/arducam/depth/1751161364.npy,data/raw/arducam/confidence/1751161364.npy,data/processed/arducam/pose_coco17/1751161364.json,
1751161365,2025-06-29T01:42:45Z,scene_000,test,true,17,180,240,data/raw/arducam/depth/1751161365.npy,data/raw/arducam/confidence/1751161365.npy,data/processed/arducam/pose_coco17/1751161365.json,
1751161366,2025-06-29T01:42:46Z,scene_000,test,true,17,180,240,data/raw/arducam/depth/1751161366.npy,data/raw/arducam/confidence/1751161366.npy,data/processed/arducam/pose_coco17/1751161366.json,
1751161367,2025-06-29T01:42:47Z,scene_000,test,true,17,180,240,data/raw/arducam/depth/1751161367.npy,data/raw/arducam/confidence/1751161367.npy,data/processed/arducam/pose_coco17/1751161367.json,
1751161368,2025-06-29T01:42:48Z,scene_000,test,true,17,180,240,data/raw/arducam/depth/1751161368.npy,data/raw/arducam/confidence/1751161368.npy,data/processed/arducam/pose_coco17/1751161368.json,
1751161369,2025-06-29T01:42:49Z,scene_000,test,true,17,180,240,data/raw/arducam/depth/1751161369.npy,data/raw/arducam/confidence/1751161369.npy,data/processed/arducam/pose_coco17/1751161369.json,
1751161370,2025-06-29T01:42:50Z,scene_000,test,true,17,180,240,data/raw/arducam/depth/1751161370.npy,data/raw/arducam/confidence/1751161370.npy,data/processed/arducam/pose_coco17/1751161370.json,
1751161371,2025-06-29T01:42:51Z,scene_000,test,true,17,180,240,data/raw/arducam/depth/1751161371.npy,data/raw/arducam/confidence/1751161371.npy,data/processed/arducam/pose_coco17/1751161371.json,
1751161372,2025-06-29T01:42:52Z,scene_000,test,true,17,180,240,data/raw/arducam/depth/1751161372.npy,data/raw/arducam/confidence/1751161372.npy,data/processed/arducam/pose_coco17/1751161372.json,
1751161373,2025-06-29T01:42:53Z,scene_000,test,true,17,180,240,data/raw/arducam/depth/1751161373.npy,data/raw/arducam/confidence/1751161373.npy,data/processed/arducam/pose_coco17/1751161373.json,
1751161374,2025-06-29T01:42:54Z,scene_000,test,true,17,180,240,data/raw/arducam/depth/1751161374.npy,data/raw/arducam/confidence/1751161374.npy,data/processed/arducam/pose_coco17/1751161374.json,
1751161375,2025-06-29T01:42:55Z,scene_000,test,true,17,180,240,data/raw/arducam/depth/1751161375.npy,data/raw/arducam/confidence/1751161375.npy,data/processed/arducam/pose_coco17/1751161375.json,
1751161376,2025-06-29T01:42:56Z,scene_000,test,true,17,180,240,data/raw/arducam/depth/1751161376.npy,data/raw/arducam/confidence/1751161376.npy,data/processed/arducam/pose_coco17/1751161376.json,
1751161377,2025-06-29T01:42:57Z,scene_000,test,true,17,180,240,data/raw/arducam/depth/1751161377.npy,data/raw/arducam/confidence/1751161377.npy,data/processed/arducam/pose_coco17/1751161377.json,
1751161378,2025-06-29T01:42:58Z,scene_000,test,true,17,180,240,data/raw/arducam/depth/1751161378.npy,data/raw/arducam/confidence/1751161378.npy,data/processed/arducam/pose_coco17/1751161378.json,
1751161379,2025-06-29T01:42:59Z,scene_000,test,true,17,180,240,data/raw/arducam/depth/1751161379.npy,data/raw/arducam/confidence/1751161379.npy,data/processed/arducam/pose_coco17/1751161379.json,
1751161380,2025-06-29T01:43:00Z,scene_000,test,true,17,180,240,data/raw/arducam/depth/1751161380.npy,data/raw/arducam/confidence/1751161380.npy,data/processed/arducam/pose_coco17/1751161380.json,
1751161381,2025-06-29T01:43:01Z,scene_000,test,true,17,180,240,data/raw/arducam/depth/1751161381.npy,data/raw/arducam/confidence/1751161381.npy,data/processed/arducam/pose_coco17/1751161381.json,
1751161382,2025-06-29T01:43:02Z,scene_000,test,true,17,180,240,data/raw/arducam/depth/1751161382.npy,data/raw/arducam/confidence/1751161382.npy,data/processed/arducam/pose_coco17/1751161382.json,
1751161383,2025-06-29T01:43:03Z,scene_000,test,true,17,180,240,data/raw/arducam/depth/1751161383.npy,data/raw/arducam/confidence/1751161383.npy,data/processed/arducam/pose_coco17/1751161383.json,
1751161384,2025-06-29T01:43:04Z,scene_000,test,true,17,180,240,data/raw/arducam/depth/1751161384.npy,data/raw/arducam/confidence/1751161384.npy,data/processed/arducam/pose_coco17/1751161384.json,
1751161385,2025-06-29T01:43:05Z,scene_000,test,true,17,180,240,data/raw/arducam/depth/1751161385.npy,data/raw/arducam/confidence/1751161385.npy,data/processed/arducam/pose_coco17/1751161385.json,
1751161386,2025-06-29T01:43:06Z,scene_000,test,true,17,180,240,data/raw/arducam/depth/1751161386.npy,data/raw/arducam/confidence/1751161386.npy,data/processed/arducam/pose_coco17/1751161386.json,
1751161387,2025-06-29T01:43:07Z,scene_000,test,true,17,180,240,data/raw/arducam/depth/1751161387.npy,data/raw/arducam/confidence/1751161387.npy,data/processed/arducam/pose_coco17/1751161387.json,
1751161388,2025-06-29T01:43:08Z,scene_000,test,true,17,180,240,data/raw/arducam/depth/1751161388.npy,data/raw/arducam/confidence/1751161388.npy,data/processed/arducam/pose_coco17/1751161388.json,
1751161389,2025-06-29T01:43:09Z,scene_000,test,true,17,180,240,data/raw/arducam/depth/1751161389.npy,data/raw/arducam/confidence/1751161389.npy,data/processed/arducam/pose_coco17/1751161389.json,
1751161390,2025-06-29T01:43:10Z,scene_000,test,true,17,180,240,data/raw/arducam/depth/1751161390.npy,data/raw/arducam/confidence/1751161390.npy,data/processed/arducam/pose_coco17/1751161390.json,
1751161391,2025-06-29T01:43:11Z,scene_000,test,true,17,180,240,data/raw/arducam/depth/1751161391.npy,data/raw/arducam/confidence/1751161391.npy,data/processed/arducam/pose_coco17/1751161391.json,
1751161392,2025-06-29T01:43:12Z,scene_000,test,true,17,180,240,data/raw/arducam/depth/1751161392.npy,data/raw/arducam/confidence/1751161392.npy,data/processed/arducam/pose_coco17/1751161392.json,
1751161393,2025-06-29T01:43:13Z,scene_000,test,true,17,180,240,data/raw/arducam/depth/1751161393.npy,data/raw/arducam/confidence/1751161393.npy,data/processed/arducam/pose_coco17/1751161393.json,
1751161394,2025-06-29T01:43:14Z,scene_000,test,true,17,180,240,data/raw/arducam/depth/1751161394.npy,data/raw/arducam/confidence/1751161394.npy,data/processed/arducam/pose_coco17/1751161394.json,
1751161395,2025-06-29T01:43:15Z,scene_000,test,true,17,180,240,data/raw/arducam/depth/1751161395.npy,data/raw/arducam/confidence/1751161395.npy,data/processed/arducam/pose_coco17/1751161395.json,
1751161396,2025-06-29T01:43:16Z,scene_000,test,true,17,180,240,data/raw/arducam/depth/1751161396.npy,data/raw/arducam/confidence/1751161396.npy,data/processed/arducam/pose_coco17/1751161396.json,
1751161397,2025-06-29T01:43:17Z,scene_000,test,true,17,180,240,data/raw/arducam/depth/1751161397.npy,data/raw/arducam/confidence/1751161397.npy,data/processed/arducam/pose_coco17/1751161397.json,
1751161398,2025-06-29T01:43:18Z,scene_000,test,true,17,180,240,data/raw/arducam/depth/1751161398.npy,data/raw/arducam/confidence/1751161398.npy,data/processed/arducam/pose_coco17/1751161398.json,
1751161399,2025-06-29T01:43:19Z,scene_000,test,true,17,180,240,data/raw/arducam/depth/1751161399.npy,data/raw/arducam/confidence/1751161399.npy,data/processed/arducam/pose_coco17/1751161399.json,
1751161400,2025-06-29T01:43:20Z,scene_000,test,true,17,180,240,data/raw/arducam/depth/1751161400.npy,data/raw/arducam/confidence/1751161400.npy,data/processed/arducam/pose_coco17/1751161400.json,
1751161401,2025-06-29T01:43:21Z,scene_000,test,true,17,180,240,data/raw/arducam/depth/1751161401.npy,data/raw/arducam/confidence/1751161401.npy,data/processed/arducam/pose_coco17/1751161401.json,
1751161402,2025-06-29T01:43:22Z,scene_000,test,true,17,180,240,data/raw/arducam/depth/1751161402.npy,data/raw/arducam/confidence/1751161402.npy,data/processed/arducam/pose_coco17/1751161402.json,
1751161403,2025-06-29T01:43:23Z,scene_000,test,false,3,180,240,data/raw/arducam/depth/1751161403.npy,data/raw/arducam/confidence/1751161403.npy,data/processed/arducam/pose_coco17/1751161403.json,fewer_than_12_valid_keypoints
1751161404,2025-06-29T01:43:24Z,scene_000,test,false,0,180,240,data/raw/arducam/depth/1751161404.npy,data/raw/arducam/confidence/1751161404.npy,data/processed/arducam/pose_coco17/1751161404.json,fewer_than_12_valid_keypoints
1751161405,2025-06-29T01:43:25Z,scene_000,test,true,13,180,240,data/raw/arducam/depth/1751161405.npy,data/raw/arducam/confidence/1751161405.npy,data/processed/arducam/pose_coco17/1751161405.json,
1751161406,2025-06-29T01:43:26Z,scene_000,test,true,17,180,240,data/raw/arducam/depth/1751161406.npy,data/raw/arducam/confidence/1751161406.npy,data/processed/arducam/pose_coco17/1751161406.json,
1751161407,2025-06-29T01:43:27Z,scene_000,test,true,17,180,240,data/raw/arducam/depth/1751161407.npy,data/raw/arducam/confidence/1751161407.npy,data/processed/arducam/pose_coco17/1751161407.json,
1751161408,2025-06-29T01:43:28Z,scene_000,test,true,17,180,240,data/raw/arducam/depth/1751161408.npy,data/raw/arducam/confidence/1751161408.npy,data/processed/arducam/pose_coco17/1751161408.json,
1751161409,2025-06-29T01:43:29Z,scene_000,test,true,17,180,240,data/raw/arducam/depth/1751161409.npy,data/raw/arducam/confidence/1751161409.npy,data/processed/arducam/pose_coco17/1751161409.json,
1751161410,2025-06-29T01:43:30Z,scene_000,test,true,17,180,240,data/raw/arducam/depth/1751161410.npy,data/raw/arducam/confidence/1751161410.npy,data/processed/arducam/pose_coco17/1751161410.json,
1751161411,2025-06-29T01:43:31Z,scene_000,test,true,17,180,240,data/raw/arducam/depth/1751161411.npy,data/raw/arducam/confidence/1751161411.npy,data/processed/arducam/pose_coco17/1751161411.json,
1751161412,2025-06-29T01:43:32Z,scene_000,test,true,17,180,240,data/raw/arducam/depth/1751161412.npy,data/raw/arducam/confidence/1751161412.npy,data/processed/arducam/pose_coco17/1751161412.json,
1751161413,2025-06-29T01:43:33Z,scene_000,test,true,17,180,240,data/raw/arducam/depth/1751161413.npy,data/raw/arducam/confidence/1751161413.npy,data/processed/arducam/pose_coco17/1751161413.json,
1751161414,2025-06-29T01:43:34Z,scene_000,test,true,17,180,240,data/raw/arducam/depth/1751161414.npy,data/raw/arducam/confidence/1751161414.npy,data/processed/arducam/pose_coco17/1751161414.json,
1751161415,2025-06-29T01:43:35Z,scene_000,test,true,17,180,240,data/raw/arducam/depth/1751161415.npy,data/raw/arducam/confidence/1751161415.npy,data/processed/arducam/pose_coco17/1751161415.json,
1751161416,2025-06-29T01:43:36Z,scene_000,test,true,16,180,240,data/raw/arducam/depth/1751161416.npy,data/raw/arducam/confidence/1751161416.npy,data/processed/arducam/pose_coco17/1751161416.json,
1751161417,2025-06-29T01:43:37Z,scene_000,test,true,17,180,240,data/raw/arducam/depth/1751161417.npy,data/raw/arducam/confidence/1751161417.npy,data/processed/arducam/pose_coco17/1751161417.json,
1751161418,2025-06-29T01:43:38Z,scene_000,test,true,15,180,240,data/raw/arducam/depth/1751161418.npy,data/raw/arducam/confidence/1751161418.npy,data/processed/arducam/pose_coco17/1751161418.json,
1751161419,2025-06-29T01:43:39Z,scene_000,test,false,7,180,240,data/raw/arducam/depth/1751161419.npy,data/raw/arducam/confidence/1751161419.npy,data/processed/arducam/pose_coco17/1751161419.json,fewer_than_12_valid_keypoints
1751161420,2025-06-29T01:43:40Z,scene_000,test,false,2,180,240,data/raw/arducam/depth/1751161420.npy,data/raw/arducam/confidence/1751161420.npy,data/processed/arducam/pose_coco17/1751161420.json,fewer_than_12_valid_keypoints
1751161421,2025-06-29T01:43:41Z,scene_000,test,false,4,180,240,data/raw/arducam/depth/1751161421.npy,data/raw/arducam/confidence/1751161421.npy,data/processed/arducam/pose_coco17/1751161421.json,fewer_than_12_valid_keypoints
1751161422,2025-06-29T01:43:42Z,scene_000,test,true,17,180,240,data/raw/arducam/depth/1751161422.npy,data/raw/arducam/confidence/1751161422.npy,data/processed/arducam/pose_coco17/1751161422.json,
1751161423,2025-06-29T01:43:43Z,scene_000,test,true,17,180,240,data/raw/arducam/depth/1751161423.npy,data/raw/arducam/confidence/1751161423.npy,data/processed/arducam/pose_coco17/1751161423.json,
1751161493,2025-06-29T01:44:53Z,scene_000,test,false,0,180,240,data/raw/arducam/depth/1751161493.npy,data/raw/arducam/confidence/1751161493.npy,data/processed/arducam/pose_coco17/1751161493.json,fewer_than_12_valid_keypoints
1751161494,2025-06-29T01:44:54Z,scene_000,test,false,7,180,240,data/raw/arducam/depth/1751161494.npy,data/raw/arducam/confidence/1751161494.npy,data/processed/arducam/pose_coco17/1751161494.json,fewer_than_12_valid_keypoints
1751161495,2025-06-29T01:44:55Z,scene_000,test,true,16,180,240,data/raw/arducam/depth/1751161495.npy,data/raw/arducam/confidence/1751161495.npy,data/processed/arducam/pose_coco17/1751161495.json,
1751161496,2025-06-29T01:44:56Z,scene_000,test,true,13,180,240,data/raw/arducam/depth/1751161496.npy,data/raw/arducam/confidence/1751161496.npy,data/processed/arducam/pose_coco17/1751161496.json,
1751161498,2025-06-29T01:44:58Z,scene_000,test,true,17,180,240,data/raw/arducam/depth/1751161498.npy,data/raw/arducam/confidence/1751161498.npy,data/processed/arducam/pose_coco17/1751161498.json,
1751161499,2025-06-29T01:44:59Z,scene_000,test,true,17,180,240,data/raw/arducam/depth/1751161499.npy,data/raw/arducam/confidence/1751161499.npy,data/processed/arducam/pose_coco17/1751161499.json,
1751161500,2025-06-29T01:45:00Z,scene_000,test,true,15,180,240,data/raw/arducam/depth/1751161500.npy,data/raw/arducam/confidence/1751161500.npy,data/processed/arducam/pose_coco17/1751161500.json,
1751161501,2025-06-29T01:45:01Z,scene_000,test,false,6,180,240,data/raw/arducam/depth/1751161501.npy,data/raw/arducam/confidence/1751161501.npy,data/processed/arducam/pose_coco17/1751161501.json,fewer_than_12_valid_keypoints
1751161507,2025-06-29T01:45:07Z,scene_000,test,false,0,180,240,data/raw/arducam/depth/1751161507.npy,data/raw/arducam/confidence/1751161507.npy,data/processed/arducam/pose_coco17/1751161507.json,fewer_than_12_valid_keypoints
1751161508,2025-06-29T01:45:08Z,scene_000,test,false,5,180,240,data/raw/arducam/depth/1751161508.npy,data/raw/arducam/confidence/1751161508.npy,data/processed/arducam/pose_coco17/1751161508.json,fewer_than_12_valid_keypoints
1751161509,2025-06-29T01:45:09Z,scene_000,test,true,17,180,240,data/raw/arducam/depth/1751161509.npy,data/raw/arducam/confidence/1751161509.npy,data/processed/arducam/pose_coco17/1751161509.json,
1751161510,2025-06-29T01:45:10Z,scene_000,test,true,17,180,240,data/raw/arducam/depth/1751161510.npy,data/raw/arducam/confidence/1751161510.npy,data/processed/arducam/pose_coco17/1751161510.json,
1751161511,2025-06-29T01:45:11Z,scene_000,test,true,17,180,240,data/raw/arducam/depth/1751161511.npy,data/raw/arducam/confidence/1751161511.npy,data/processed/arducam/pose_coco17/1751161511.json,
1751161512,2025-06-29T01:45:12Z,scene_000,test,true,17,180,240,data/raw/arducam/depth/1751161512.npy,data/raw/arducam/confidence/1751161512.npy,data/processed/arducam/pose_coco17/1751161512.json,
1751161513,2025-06-29T01:45:13Z,scene_000,test,true,17,180,240,data/raw/arducam/depth/1751161513.npy,data/raw/arducam/confidence/1751161513.npy,data/processed/arducam/pose_coco17/1751161513.json,
1751161514,2025-06-29T01:45:14Z,scene_000,test,true,17,180,240,data/raw/arducam/depth/1751161514.npy,data/raw/arducam/confidence/1751161514.npy,data/processed/arducam/pose_coco17/1751161514.json,
1751161515,2025-06-29T01:45:15Z,scene_000,test,false,7,180,240,data/raw/arducam/depth/1751161515.npy,data/raw/arducam/confidence/1751161515.npy,data/processed/arducam/pose_coco17/1751161515.json,fewer_than_12_valid_keypoints
1751161516,2025-06-29T01:45:16Z,scene_000,test,false,0,180,240,data/raw/arducam/depth/1751161516.npy,data/raw/arducam/confidence/1751161516.npy,data/processed/arducam/pose_coco17/1751161516.json,fewer_than_12_valid_keypoints
1751161517,2025-06-29T01:45:17Z,scene_000,test,false,0,180,240,data/raw/arducam/depth/1751161517.npy,data/raw/arducam/confidence/1751161517.npy,data/processed/arducam/pose_coco17/1751161517.json,fewer_than_12_valid_keypoints
1751161518,2025-06-29T01:45:18Z,scene_000,test,false,0,180,240,data/raw/arducam/depth/1751161518.npy,data/raw/arducam/confidence/1751161518.npy,data/processed/arducam/pose_coco17/1751161518.json,fewer_than_12_valid_keypoints
1751161931,2025-06-29T01:52:11Z,scene_001,test,false,0,180,240,data/raw/arducam/depth/1751161931.npy,data/raw/arducam/confidence/1751161931.npy,data/processed/arducam/pose_coco17/1751161931.json,fewer_than_12_valid_keypoints
1751161934,2025-06-29T01:52:14Z,scene_001,test,false,0,180,240,data/raw/arducam/depth/1751161934.npy,data/raw/arducam/confidence/1751161934.npy,data/processed/arducam/pose_coco17/1751161934.json,fewer_than_12_valid_keypoints
1751161935,2025-06-29T01:52:15Z,scene_001,test,true,15,180,240,data/raw/arducam/depth/1751161935.npy,data/raw/arducam/confidence/1751161935.npy,data/processed/arducam/pose_coco17/1751161935.json,
1751161940,2025-06-29T01:52:20Z,scene_001,test,true,17,180,240,data/raw/arducam/depth/1751161940.npy,data/raw/arducam/confidence/1751161940.npy,data/processed/arducam/pose_coco17/1751161940.json,
1751161941,2025-06-29T01:52:21Z,scene_001,test,true,17,180,240,data/raw/arducam/depth/1751161941.npy,data/raw/arducam/confidence/1751161941.npy,data/processed/arducam/pose_coco17/1751161941.json,
1751161942,2025-06-29T01:52:22Z,scene_001,test,true,17,180,240,data/raw/arducam/depth/1751161942.npy,data/raw/arducam/confidence/1751161942.npy,data/processed/arducam/pose_coco17/1751161942.json,
1751161943,2025-06-29T01:52:23Z,scene_001,test,true,17,180,240,data/raw/arducam/depth/1751161943.npy,data/raw/arducam/confidence/1751161943.npy,data/processed/arducam/pose_coco17/1751161943.json,
1751161944,2025-06-29T01:52:24Z,scene_001,test,true,17,180,240,data/raw/arducam/depth/1751161944.npy,data/raw/arducam/confidence/1751161944.npy,data/processed/arducam/pose_coco17/1751161944.json,
1751161945,2025-06-29T01:52:25Z,scene_001,test,true,16,180,240,data/raw/arducam/depth/1751161945.npy,data/raw/arducam/confidence/1751161945.npy,data/processed/arducam/pose_coco17/1751161945.json,
1751161946,2025-06-29T01:52:26Z,scene_001,test,true,17,180,240,data/raw/arducam/depth/1751161946.npy,data/raw/arducam/confidence/1751161946.npy,data/processed/arducam/pose_coco17/1751161946.json,
1751161947,2025-06-29T01:52:27Z,scene_001,test,true,17,180,240,data/raw/arducam/depth/1751161947.npy,data/raw/arducam/confidence/1751161947.npy,data/processed/arducam/pose_coco17/1751161947.json,
1751161948,2025-06-29T01:52:28Z,scene_001,test,true,17,180,240,data/raw/arducam/depth/1751161948.npy,data/raw/arducam/confidence/1751161948.npy,data/processed/arducam/pose_coco17/1751161948.json,
1751161949,2025-06-29T01:52:29Z,scene_001,test,true,17,180,240,data/raw/arducam/depth/1751161949.npy,data/raw/arducam/confidence/1751161949.npy,data/processed/arducam/pose_coco17/1751161949.json,
1751161950,2025-06-29T01:52:30Z,scene_001,test,true,17,180,240,data/raw/arducam/depth/1751161950.npy,data/raw/arducam/confidence/1751161950.npy,data/processed/arducam/pose_coco17/1751161950.json,
1751161951,2025-06-29T01:52:31Z,scene_001,test,true,17,180,240,data/raw/arducam/depth/1751161951.npy,data/raw/arducam/confidence/1751161951.npy,data/processed/arducam/pose_coco17/1751161951.json,
1751161952,2025-06-29T01:52:32Z,scene_001,test,true,16,180,240,data/raw/arducam/depth/1751161952.npy,data/raw/arducam/confidence/1751161952.npy,data/processed/arducam/pose_coco17/1751161952.json,
1751161953,2025-06-29T01:52:33Z,scene_001,test,true,17,180,240,data/raw/arducam/depth/1751161953.npy,data/raw/arducam/confidence/1751161953.npy,data/processed/arducam/pose_coco17/1751161953.json,
1751161954,2025-06-29T01:52:34Z,scene_001,test,true,17,180,240,data/raw/arducam/depth/1751161954.npy,data/raw/arducam/confidence/1751161954.npy,data/processed/arducam/pose_coco17/1751161954.json,
1751161955,2025-06-29T01:52:35Z,scene_001,test,true,15,180,240,data/raw/arducam/depth/1751161955.npy,data/raw/arducam/confidence/1751161955.npy,data/processed/arducam/pose_coco17/1751161955.json,
1751161956,2025-06-29T01:52:36Z,scene_001,test,true,13,180,240,data/raw/arducam/depth/1751161956.npy,data/raw/arducam/confidence/1751161956.npy,data/processed/arducam/pose_coco17/1751161956.json,
1751161957,2025-06-29T01:52:37Z,scene_001,test,true,15,180,240,data/raw/arducam/depth/1751161957.npy,data/raw/arducam/confidence/1751161957.npy,data/processed/arducam/pose_coco17/1751161957.json,
1751161958,2025-06-29T01:52:38Z,scene_001,test,true,13,180,240,data/raw/arducam/depth/1751161958.npy,data/raw/arducam/confidence/1751161958.npy,data/processed/arducam/pose_coco17/1751161958.json,
1751161959,2025-06-29T01:52:39Z,scene_001,test,true,17,180,240,data/raw/arducam/depth/1751161959.npy,data/raw/arducam/confidence/1751161959.npy,data/processed/arducam/pose_coco17/1751161959.json,
1751161960,2025-06-29T01:52:40Z,scene_001,test,true,17,180,240,data/raw/arducam/depth/1751161960.npy,data/raw/arducam/confidence/1751161960.npy,data/processed/arducam/pose_coco17/1751161960.json,
1751161961,2025-06-29T01:52:41Z,scene_001,test,true,17,180,240,data/raw/arducam/depth/1751161961.npy,data/raw/arducam/confidence/1751161961.npy,data/processed/arducam/pose_coco17/1751161961.json,
1751161962,2025-06-29T01:52:42Z,scene_001,test,true,17,180,240,data/raw/arducam/depth/1751161962.npy,data/raw/arducam/confidence/1751161962.npy,data/processed/arducam/pose_coco17/1751161962.json,
1751161963,2025-06-29T01:52:43Z,scene_001,test,true,17,180,240,data/raw/arducam/depth/1751161963.npy,data/raw/arducam/confidence/1751161963.npy,data/processed/arducam/pose_coco17/1751161963.json,
1751161964,2025-06-29T01:52:44Z,scene_001,test,true,17,180,240,data/raw/arducam/depth/1751161964.npy,data/raw/arducam/confidence/1751161964.npy,data/processed/arducam/pose_coco17/1751161964.json,
1751161965,2025-06-29T01:52:45Z,scene_001,test,true,17,180,240,data/raw/arducam/depth/1751161965.npy,data/raw/arducam/confidence/1751161965.npy,data/processed/arducam/pose_coco17/1751161965.json,
1751161966,2025-06-29T01:52:46Z,scene_001,test,true,15,180,240,data/raw/arducam/depth/1751161966.npy,data/raw/arducam/confidence/1751161966.npy,data/processed/arducam/pose_coco17/1751161966.json,
1751161967,2025-06-29T01:52:47Z,scene_001,test,true,13,180,240,data/raw/arducam/depth/1751161967.npy,data/raw/arducam/confidence/1751161967.npy,data/processed/arducam/pose_coco17/1751161967.json,
1751161968,2025-06-29T01:52:48Z,scene_001,test,false,9,180,240,data/raw/arducam/depth/1751161968.npy,data/raw/arducam/confidence/1751161968.npy,data/processed/arducam/pose_coco17/1751161968.json,fewer_than_12_valid_keypoints
1751161969,2025-06-29T01:52:49Z,scene_001,test,false,11,180,240,data/raw/arducam/depth/1751161969.npy,data/raw/arducam/confidence/1751161969.npy,data/processed/arducam/pose_coco17/1751161969.json,fewer_than_12_valid_keypoints
1751161970,2025-06-29T01:52:50Z,scene_001,test,true,17,180,240,data/raw/arducam/depth/1751161970.npy,data/raw/arducam/confidence/1751161970.npy,data/processed/arducam/pose_coco17/1751161970.json,
1751161971,2025-06-29T01:52:51Z,scene_001,test,true,17,180,240,data/raw/arducam/depth/1751161971.npy,data/raw/arducam/confidence/1751161971.npy,data/processed/arducam/pose_coco17/1751161971.json,
1751161972,2025-06-29T01:52:52Z,scene_001,test,true,17,180,240,data/raw/arducam/depth/1751161972.npy,data/raw/arducam/confidence/1751161972.npy,data/processed/arducam/pose_coco17/1751161972.json,
1751161973,2025-06-29T01:52:53Z,scene_001,test,true,17,180,240,data/raw/arducam/depth/1751161973.npy,data/raw/arducam/confidence/1751161973.npy,data/processed/arducam/pose_coco17/1751161973.json,
1751161974,2025-06-29T01:52:54Z,scene_001,test,true,15,180,240,data/raw/arducam/depth/1751161974.npy,data/raw/arducam/confidence/1751161974.npy,data/processed/arducam/pose_coco17/1751161974.json,
1751161975,2025-06-29T01:52:55Z,scene_001,test,true,16,180,240,data/raw/arducam/depth/1751161975.npy,data/raw/arducam/confidence/1751161975.npy,data/processed/arducam/pose_coco17/1751161975.json,
1751161976,2025-06-29T01:52:56Z,scene_001,test,true,16,180,240,data/raw/arducam/depth/1751161976.npy,data/raw/arducam/confidence/1751161976.npy,data/processed/arducam/pose_coco17/1751161976.json,
1751161977,2025-06-29T01:52:57Z,scene_001,test,false,4,180,240,data/raw/arducam/depth/1751161977.npy,data/raw/arducam/confidence/1751161977.npy,data/processed/arducam/pose_coco17/1751161977.json,fewer_than_12_valid_keypoints
1751161978,2025-06-29T01:52:58Z,scene_001,test,false,4,180,240,data/raw/arducam/depth/1751161978.npy,data/raw/arducam/confidence/1751161978.npy,data/processed/arducam/pose_coco17/1751161978.json,fewer_than_12_valid_keypoints
1751161979,2025-06-29T01:52:59Z,scene_001,test,true,15,180,240,data/raw/arducam/depth/1751161979.npy,data/raw/arducam/confidence/1751161979.npy,data/processed/arducam/pose_coco17/1751161979.json,
1751161980,2025-06-29T01:53:00Z,scene_001,test,true,17,180,240,data/raw/arducam/depth/1751161980.npy,data/raw/arducam/confidence/1751161980.npy,data/processed/arducam/pose_coco17/1751161980.json,
1751161981,2025-06-29T01:53:01Z,scene_001,test,true,17,180,240,data/raw/arducam/depth/1751161981.npy,data/raw/arducam/confidence/1751161981.npy,data/processed/arducam/pose_coco17/1751161981.json,
1751161982,2025-06-29T01:53:02Z,scene_001,test,true,17,180,240,data/raw/arducam/depth/1751161982.npy,data/raw/arducam/confidence/1751161982.npy,data/processed/arducam/pose_coco17/1751161982.json,
1751161983,2025-06-29T01:53:03Z,scene_001,test,true,17,180,240,data/raw/arducam/depth/1751161983.npy,data/raw/arducam/confidence/1751161983.npy,data/processed/arducam/pose_coco17/1751161983.json,
1751161984,2025-06-29T01:53:04Z,scene_001,test,true,17,180,240,data/raw/arducam/depth/1751161984.npy,data/raw/arducam/confidence/1751161984.npy,data/processed/arducam/pose_coco17/1751161984.json,
1751161985,2025-06-29T01:53:05Z,scene_001,test,true,17,180,240,data/raw/arducam/depth/1751161985.npy,data/raw/arducam/confidence/1751161985.npy,data/processed/arducam/pose_coco17/1751161985.json,
1751161986,2025-06-29T01:53:06Z,scene_001,test,true,17,180,240,data/raw/arducam/depth/1751161986.npy,data/raw/arducam/confidence/1751161986.npy,data/processed/arducam/pose_coco17/1751161986.json,
1751161987,2025-06-29T01:53:07Z,scene_001,test,true,17,180,240,data/raw/arducam/depth/1751161987.npy,data/raw/arducam/confidence/1751161987.npy,data/processed/arducam/pose_coco17/1751161987.json,
1751161988,2025-06-29T01:53:08Z,scene_001,test,true,17,180,240,data/raw/arducam/depth/1751161988.npy,data/raw/arducam/confidence/1751161988.npy,data/processed/arducam/pose_coco17/1751161988.json,
1751161989,2025-06-29T01:53:09Z,scene_001,test,true,17,180,240,data/raw/arducam/depth/1751161989.npy,data/raw/arducam/confidence/1751161989.npy,data/processed/arducam/pose_coco17/1751161989.json,
1751161990,2025-06-29T01:53:10Z,scene_001,test,true,17,180,240,data/raw/arducam/depth/1751161990.npy,data/raw/arducam/confidence/1751161990.npy,data/processed/arducam/pose_coco17/1751161990.json,
1751161991,2025-06-29T01:53:11Z,scene_001,test,true,17,180,240,data/raw/arducam/depth/1751161991.npy,data/raw/arducam/confidence/1751161991.npy,data/processed/arducam/pose_coco17/1751161991.json,
1751161992,2025-06-29T01:53:12Z,scene_001,test,true,17,180,240,data/raw/arducam/depth/1751161992.npy,data/raw/arducam/confidence/1751161992.npy,data/processed/arducam/pose_coco17/1751161992.json,
1751161993,2025-06-29T01:53:13Z,scene_001,test,true,17,180,240,data/raw/arducam/depth/1751161993.npy,data/raw/arducam/confidence/1751161993.npy,data/processed/arducam/pose_coco17/1751161993.json,
1751161994,2025-06-29T01:53:14Z,scene_001,test,true,17,180,240,data/raw/arducam/depth/1751161994.npy,data/raw/arducam/confidence/1751161994.npy,data/processed/arducam/pose_coco17/1751161994.json,
1751161995,2025-06-29T01:53:15Z,scene_001,test,true,17,180,240,data/raw/arducam/depth/1751161995.npy,data/raw/arducam/confidence/1751161995.npy,data/processed/arducam/pose_coco17/1751161995.json,
1751161996,2025-06-29T01:53:16Z,scene_001,test,true,17,180,240,data/raw/arducam/depth/1751161996.npy,data/raw/arducam/confidence/1751161996.npy,data/processed/arducam/pose_coco17/1751161996.json,
1751161997,2025-06-29T01:53:17Z,scene_001,test,true,17,180,240,data/raw/arducam/depth/1751161997.npy,data/raw/arducam/confidence/1751161997.npy,data/processed/arducam/pose_coco17/1751161997.json,
1751161998,2025-06-29T01:53:18Z,scene_001,test,true,17,180,240,data/raw/arducam/depth/1751161998.npy,data/raw/arducam/confidence/1751161998.npy,data/processed/arducam/pose_coco17/1751161998.json,
1751161999,2025-06-29T01:53:19Z,scene_001,test,true,17,180,240,data/raw/arducam/depth/1751161999.npy,data/raw/arducam/confidence/1751161999.npy,data/processed/arducam/pose_coco17/1751161999.json,
1751162000,2025-06-29T01:53:20Z,scene_001,test,true,17,180,240,data/raw/arducam/depth/1751162000.npy,data/raw/arducam/confidence/1751162000.npy,data/processed/arducam/pose_coco17/1751162000.json,
1751162001,2025-06-29T01:53:21Z,scene_001,test,true,17,180,240,data/raw/arducam/depth/1751162001.npy,data/raw/arducam/confidence/1751162001.npy,data/processed/arducam/pose_coco17/1751162001.json,
1751162002,2025-06-29T01:53:22Z,scene_001,test,true,17,180,240,data/raw/arducam/depth/1751162002.npy,data/raw/arducam/confidence/1751162002.npy,data/processed/arducam/pose_coco17/1751162002.json,
1751162003,2025-06-29T01:53:23Z,scene_001,test,true,17,180,240,data/raw/arducam/depth/1751162003.npy,data/raw/arducam/confidence/1751162003.npy,data/processed/arducam/pose_coco17/1751162003.json,
1751162004,2025-06-29T01:53:24Z,scene_001,test,true,17,180,240,data/raw/arducam/depth/1751162004.npy,data/raw/arducam/confidence/1751162004.npy,data/processed/arducam/pose_coco17/1751162004.json,
1751162005,2025-06-29T01:53:25Z,scene_001,test,true,17,180,240,data/raw/arducam/depth/1751162005.npy,data/raw/arducam/confidence/1751162005.npy,data/processed/arducam/pose_coco17/1751162005.json,
1751162006,2025-06-29T01:53:26Z,scene_001,test,true,17,180,240,data/raw/arducam/depth/1751162006.npy,data/raw/arducam/confidence/1751162006.npy,data/processed/arducam/pose_coco17/1751162006.json,
1751162007,2025-06-29T01:53:27Z,scene_001,test,true,17,180,240,data/raw/arducam/depth/1751162007.npy,data/raw/arducam/confidence/1751162007.npy,data/processed/arducam/pose_coco17/1751162007.json,
1751162008,2025-06-29T01:53:28Z,scene_001,test,true,17,180,240,data/raw/arducam/depth/1751162008.npy,data/raw/arducam/confidence/1751162008.npy,data/processed/arducam/pose_coco17/1751162008.json,
1751162009,2025-06-29T01:53:29Z,scene_001,test,true,17,180,240,data/raw/arducam/depth/1751162009.npy,data/raw/arducam/confidence/1751162009.npy,data/processed/arducam/pose_coco17/1751162009.json,
1751162010,2025-06-29T01:53:30Z,scene_001,test,true,17,180,240,data/raw/arducam/depth/1751162010.npy,data/raw/arducam/confidence/1751162010.npy,data/processed/arducam/pose_coco17/1751162010.json,
1751162011,2025-06-29T01:53:31Z,scene_001,test,true,17,180,240,data/raw/arducam/depth/1751162011.npy,data/raw/arducam/confidence/1751162011.npy,data/processed/arducam/pose_coco17/1751162011.json,
1751162012,2025-06-29T01:53:32Z,scene_001,test,true,17,180,240,data/raw/arducam/depth/1751162012.npy,data/raw/arducam/confidence/1751162012.npy,data/processed/arducam/pose_coco17/1751162012.json,
1751162013,2025-06-29T01:53:33Z,scene_001,test,true,17,180,240,data/raw/arducam/depth/1751162013.npy,data/raw/arducam/confidence/1751162013.npy,data/processed/arducam/pose_coco17/1751162013.json,
1751162014,2025-06-29T01:53:34Z,scene_001,test,true,17,180,240,data/raw/arducam/depth/1751162014.npy,data/raw/arducam/confidence/1751162014.npy,data/processed/arducam/pose_coco17/1751162014.json,
1751162015,2025-06-29T01:53:35Z,scene_001,test,true,17,180,240,data/raw/arducam/depth/1751162015.npy,data/raw/arducam/confidence/1751162015.npy,data/processed/arducam/pose_coco17/1751162015.json,
1751162016,2025-06-29T01:53:36Z,scene_001,test,true,17,180,240,data/raw/arducam/depth/1751162016.npy,data/raw/arducam/confidence/1751162016.npy,data/processed/arducam/pose_coco17/1751162016.json,
1751162017,2025-06-29T01:53:37Z,scene_001,test,true,17,180,240,data/raw/arducam/depth/1751162017.npy,data/raw/arducam/confidence/1751162017.npy,data/processed/arducam/pose_coco17/1751162017.json,
1751162018,2025-06-29T01:53:38Z,scene_001,test,true,17,180,240,data/raw/arducam/depth/1751162018.npy,data/raw/arducam/confidence/1751162018.npy,data/processed/arducam/pose_coco17/1751162018.json,
1751162019,2025-06-29T01:53:39Z,scene_001,test,true,17,180,240,data/raw/arducam/depth/1751162019.npy,data/raw/arducam/confidence/1751162019.npy,data/processed/arducam/pose_coco17/1751162019.json,
1751162020,2025-06-29T01:53:40Z,scene_001,test,true,17,180,240,data/raw/arducam/depth/1751162020.npy,data/raw/arducam/confidence/1751162020.npy,data/processed/arducam/pose_coco17/1751162020.json,
1751162021,2025-06-29T01:53:41Z,scene_001,test,true,17,180,240,data/raw/arducam/depth/1751162021.npy,data/raw/arducam/confidence/1751162021.npy,data/processed/arducam/pose_coco17/1751162021.json,
1751162022,2025-06-29T01:53:42Z,scene_001,test,true,17,180,240,data/raw/arducam/depth/1751162022.npy,data/raw/arducam/confidence/1751162022.npy,data/processed/arducam/pose_coco17/1751162022.json,
1751162023,2025-06-29T01:53:43Z,scene_001,test,true,17,180,240,data/raw/arducam/depth/1751162023.npy,data/raw/arducam/confidence/1751162023.npy,data/processed/arducam/pose_coco17/1751162023.json,
1751162024,2025-06-29T01:53:44Z,scene_001,test,true,17,180,240,data/raw/arducam/depth/1751162024.npy,data/raw/arducam/confidence/1751162024.npy,data/processed/arducam/pose_coco17/1751162024.json,
1751162025,2025-06-29T01:53:45Z,scene_001,test,true,17,180,240,data/raw/arducam/depth/1751162025.npy,data/raw/arducam/confidence/1751162025.npy,data/processed/arducam/pose_coco17/1751162025.json,
1751162026,2025-06-29T01:53:46Z,scene_001,test,true,17,180,240,data/raw/arducam/depth/1751162026.npy,data/raw/arducam/confidence/1751162026.npy,data/processed/arducam/pose_coco17/1751162026.json,
1751162027,2025-06-29T01:53:47Z,scene_001,test,true,17,180,240,data/raw/arducam/depth/1751162027.npy,data/raw/arducam/confidence/1751162027.npy,data/processed/arducam/pose_coco17/1751162027.json,
1751162028,2025-06-29T01:53:48Z,scene_001,test,true,17,180,240,data/raw/arducam/depth/1751162028.npy,data/raw/arducam/confidence/1751162028.npy,data/processed/arducam/pose_coco17/1751162028.json,
1751162029,2025-06-29T01:53:49Z,scene_001,test,true,17,180,240,data/raw/arducam/depth/1751162029.npy,data/raw/arducam/confidence/1751162029.npy,data/processed/arducam/pose_coco17/1751162029.json,
1751162030,2025-06-29T01:53:50Z,scene_001,test,true,17,180,240,data/raw/arducam/depth/1751162030.npy,data/raw/arducam/confidence/1751162030.npy,data/processed/arducam/pose_coco17/1751162030.json,
1751162031,2025-06-29T01:53:51Z,scene_001,test,true,17,180,240,data/raw/arducam/depth/1751162031.npy,data/raw/arducam/confidence/1751162031.npy,data/processed/arducam/pose_coco17/1751162031.json,
1751162032,2025-06-29T01:53:52Z,scene_001,test,true,17,180,240,data/raw/arducam/depth/1751162032.npy,data/raw/arducam/confidence/1751162032.npy,data/processed/arducam/pose_coco17/1751162032.json,
1751162033,2025-06-29T01:53:53Z,scene_001,test,true,17,180,240,data/raw/arducam/depth/1751162033.npy,data/raw/arducam/confidence/1751162033.npy,data/processed/arducam/pose_coco17/1751162033.json,
1751162034,2025-06-29T01:53:54Z,scene_001,test,true,17,180,240,data/raw/arducam/depth/1751162034.npy,data/raw/arducam/confidence/1751162034.npy,data/processed/arducam/pose_coco17/1751162034.json,
1751162035,2025-06-29T01:53:55Z,scene_001,test,true,17,180,240,data/raw/arducam/depth/1751162035.npy,data/raw/arducam/confidence/1751162035.npy,data/processed/arducam/pose_coco17/1751162035.json,
1751162036,2025-06-29T01:53:56Z,scene_001,test,true,17,180,240,data/raw/arducam/depth/1751162036.npy,data/raw/arducam/confidence/1751162036.npy,data/processed/arducam/pose_coco17/1751162036.json,
1751162037,2025-06-29T01:53:57Z,scene_001,test,true,17,180,240,data/raw/arducam/depth/1751162037.npy,data/raw/arducam/confidence/1751162037.npy,data/processed/arducam/pose_coco17/1751162037.json,
1751162038,2025-06-29T01:53:58Z,scene_001,test,true,17,180,240,data/raw/arducam/depth/1751162038.npy,data/raw/arducam/confidence/1751162038.npy,data/processed/arducam/pose_coco17/1751162038.json,
1751162039,2025-06-29T01:53:59Z,scene_001,test,true,17,180,240,data/raw/arducam/depth/1751162039.npy,data/raw/arducam/confidence/1751162039.npy,data/processed/arducam/pose_coco17/1751162039.json,
1751162040,2025-06-29T01:54:00Z,scene_001,test,true,16,180,240,data/raw/arducam/depth/1751162040.npy,data/raw/arducam/confidence/1751162040.npy,data/processed/arducam/pose_coco17/1751162040.json,
1751162041,2025-06-29T01:54:01Z,scene_001,test,true,17,180,240,data/raw/arducam/depth/1751162041.npy,data/raw/arducam/confidence/1751162041.npy,data/processed/arducam/pose_coco17/1751162041.json,
1751162042,2025-06-29T01:54:02Z,scene_001,test,true,17,180,240,data/raw/arducam/depth/1751162042.npy,data/raw/arducam/confidence/1751162042.npy,data/processed/arducam/pose_coco17/1751162042.json,
1751162043,2025-06-29T01:54:03Z,scene_001,test,false,8,180,240,data/raw/arducam/depth/1751162043.npy,data/raw/arducam/confidence/1751162043.npy,data/processed/arducam/pose_coco17/1751162043.json,fewer_than_12_valid_keypoints
1751162044,2025-06-29T01:54:04Z,scene_001,test,false,5,180,240,data/raw/arducam/depth/1751162044.npy,data/raw/arducam/confidence/1751162044.npy,data/processed/arducam/pose_coco17/1751162044.json,fewer_than_12_valid_keypoints
1751162045,2025-06-29T01:54:05Z,scene_001,test,true,15,180,240,data/raw/arducam/depth/1751162045.npy,data/raw/arducam/confidence/1751162045.npy,data/processed/arducam/pose_coco17/1751162045.json,
1751162046,2025-06-29T01:54:06Z,scene_001,test,true,17,180,240,data/raw/arducam/depth/1751162046.npy,data/raw/arducam/confidence/1751162046.npy,data/processed/arducam/pose_coco17/1751162046.json,
1751162047,2025-06-29T01:54:07Z,scene_001,test,true,17,180,240,data/raw/arducam/depth/1751162047.npy,data/raw/arducam/confidence/1751162047.npy,data/processed/arducam/pose_coco17/1751162047.json,
1751162048,2025-06-29T01:54:08Z,scene_001,test,true,17,180,240,data/raw/arducam/depth/1751162048.npy,data/raw/arducam/confidence/1751162048.npy,data/processed/arducam/pose_coco17/1751162048.json,
1751162049,2025-06-29T01:54:09Z,scene_001,test,true,17,180,240,data/raw/arducam/depth/1751162049.npy,data/raw/arducam/confidence/1751162049.npy,data/processed/arducam/pose_coco17/1751162049.json,
1751162050,2025-06-29T01:54:10Z,scene_001,test,true,17,180,240,data/raw/arducam/depth/1751162050.npy,data/raw/arducam/confidence/1751162050.npy,data/processed/arducam/pose_coco17/1751162050.json,
1751162051,2025-06-29T01:54:11Z,scene_001,test,true,17,180,240,data/raw/arducam/depth/1751162051.npy,data/raw/arducam/confidence/1751162051.npy,data/processed/arducam/pose_coco17/1751162051.json,
1751162052,2025-06-29T01:54:12Z,scene_001,test,true,17,180,240,data/raw/arducam/depth/1751162052.npy,data/raw/arducam/confidence/1751162052.npy,data/processed/arducam/pose_coco17/1751162052.json,
1751162053,2025-06-29T01:54:13Z,scene_001,test,false,10,180,240,data/raw/arducam/depth/1751162053.npy,data/raw/arducam/confidence/1751162053.npy,data/processed/arducam/pose_coco17/1751162053.json,fewer_than_12_valid_keypoints
1751162054,2025-06-29T01:54:14Z,scene_001,test,false,6,180,240,data/raw/arducam/depth/1751162054.npy,data/raw/arducam/confidence/1751162054.npy,data/processed/arducam/pose_coco17/1751162054.json,fewer_than_12_valid_keypoints
1751162055,2025-06-29T01:54:15Z,scene_001,test,false,7,180,240,data/raw/arducam/depth/1751162055.npy,data/raw/arducam/confidence/1751162055.npy,data/processed/arducam/pose_coco17/1751162055.json,fewer_than_12_valid_keypoints
1751162056,2025-06-29T01:54:16Z,scene_001,test,true,16,180,240,data/raw/arducam/depth/1751162056.npy,data/raw/arducam/confidence/1751162056.npy,data/processed/arducam/pose_coco17/1751162056.json,
1751162057,2025-06-29T01:54:17Z,scene_001,test,true,17,180,240,data/raw/arducam/depth/1751162057.npy,data/raw/arducam/confidence/1751162057.npy,data/processed/arducam/pose_coco17/1751162057.json,
1751162058,2025-06-29T01:54:18Z,scene_001,test,true,17,180,240,data/raw/arducam/depth/1751162058.npy,data/raw/arducam/confidence/1751162058.npy,data/processed/arducam/pose_coco17/1751162058.json,
1751162059,2025-06-29T01:54:19Z,scene_001,test,true,17,180,240,data/raw/arducam/depth/1751162059.npy,data/raw/arducam/confidence/1751162059.npy,data/processed/arducam/pose_coco17/1751162059.json,
1751162060,2025-06-29T01:54:20Z,scene_001,test,true,17,180,240,data/raw/arducam/depth/1751162060.npy,data/raw/arducam/confidence/1751162060.npy,data/processed/arducam/pose_coco17/1751162060.json,
1751162061,2025-06-29T01:54:21Z,scene_001,test,true,17,180,240,data/raw/arducam/depth/1751162061.npy,data/raw/arducam/confidence/1751162061.npy,data/processed/arducam/pose_coco17/1751162061.json,
1751162062,2025-06-29T01:54:22Z,scene_001,test,true,16,180,240,data/raw/arducam/depth/1751162062.npy,data/raw/arducam/confidence/1751162062.npy,data/processed/arducam/pose_coco17/1751162062.json,
1751162063,2025-06-29T01:54:23Z,scene_001,test,true,17,180,240,data/raw/arducam/depth/1751162063.npy,data/raw/arducam/confidence/1751162063.npy,data/processed/arducam/pose_coco17/1751162063.json,
1751162064,2025-06-29T01:54:24Z,scene_001,test,true,17,180,240,data/raw/arducam/depth/1751162064.npy,data/raw/arducam/confidence/1751162064.npy,data/processed/arducam/pose_coco17/1751162064.json,
1751162065,2025-06-29T01:54:25Z,scene_001,test,true,17,180,240,data/raw/arducam/depth/1751162065.npy,data/raw/arducam/confidence/1751162065.npy,data/processed/arducam/pose_coco17/1751162065.json,
1751162066,2025-06-29T01:54:26Z,scene_001,test,true,17,180,240,data/raw/arducam/depth/1751162066.npy,data/raw/arducam/confidence/1751162066.npy,data/processed/arducam/pose_coco17/1751162066.json,
1751162067,2025-06-29T01:54:27Z,scene_001,test,true,17,180,240,data/raw/arducam/depth/1751162067.npy,data/raw/arducam/confidence/1751162067.npy,data/processed/arducam/pose_coco17/1751162067.json,
1751162068,2025-06-29T01:54:28Z,scene_001,test,true,17,180,240,data/raw/arducam/depth/1751162068.npy,data/raw/arducam/confidence/1751162068.npy,data/processed/arducam/pose_coco17/1751162068.json,
1751162069,2025-06-29T01:54:29Z,scene_001,test,true,17,180,240,data/raw/arducam/depth/1751162069.npy,data/raw/arducam/confidence/1751162069.npy,data/processed/arducam/pose_coco17/1751162069.json,
1751162070,2025-06-29T01:54:30Z,scene_001,test,true,17,180,240,data/raw/arducam/depth/1751162070.npy,data/raw/arducam/confidence/1751162070.npy,data/processed/arducam/pose_coco17/1751162070.json,
1751162071,2025-06-29T01:54:31Z,scene_001,test,true,17,180,240,data/raw/arducam/depth/1751162071.npy,data/raw/arducam/confidence/1751162071.npy,data/processed/arducam/pose_coco17/1751162071.json,
1751162072,2025-06-29T01:54:32Z,scene_001,test,true,17,180,240,data/raw/arducam/depth/1751162072.npy,data/raw/arducam/confidence/1751162072.npy,data/processed/arducam/pose_coco17/1751162072.json,
1751162073,2025-06-29T01:54:33Z,scene_001,test,true,17,180,240,data/raw/arducam/depth/1751162073.npy,data/raw/arducam/confidence/1751162073.npy,data/processed/arducam/pose_coco17/1751162073.json,
1751162074,2025-06-29T01:54:34Z,scene_001,test,true,17,180,240,data/raw/arducam/depth/1751162074.npy,data/raw/arducam/confidence/1751162074.npy,data/processed/arducam/pose_coco17/1751162074.json,
1751162075,2025-06-29T01:54:35Z,scene_001,test,true,17,180,240,data/raw/arducam/depth/1751162075.npy,data/raw/arducam/confidence/1751162075.npy,data/processed/arducam/pose_coco17/1751162075.json,
1751162076,2025-06-29T01:54:36Z,scene_001,test,true,17,180,240,data/raw/arducam/depth/1751162076.npy,data/raw/arducam/confidence/1751162076.npy,data/processed/arducam/pose_coco17/1751162076.json,
1751162077,2025-06-29T01:54:37Z,scene_001,test,true,16,180,240,data/raw/arducam/depth/1751162077.npy,data/raw/arducam/confidence/1751162077.npy,data/processed/arducam/pose_coco17/1751162077.json,
1751162078,2025-06-29T01:54:38Z,scene_001,test,true,17,180,240,data/raw/arducam/depth/1751162078.npy,data/raw/arducam/confidence/1751162078.npy,data/processed/arducam/pose_coco17/1751162078.json,
1751162079,2025-06-29T01:54:39Z,scene_001,test,true,17,180,240,data/raw/arducam/depth/1751162079.npy,data/raw/arducam/confidence/1751162079.npy,data/processed/arducam/pose_coco17/1751162079.json,
1751162080,2025-06-29T01:54:40Z,scene_001,test,true,17,180,240,data/raw/arducam/depth/1751162080.npy,data/raw/arducam/confidence/1751162080.npy,data/processed/arducam/pose_coco17/1751162080.json,
1751162081,2025-06-29T01:54:41Z,scene_001,test,true,17,180,240,data/raw/arducam/depth/1751162081.npy,data/raw/arducam/confidence/1751162081.npy,data/processed/arducam/pose_coco17/1751162081.json,
1751162082,2025-06-29T01:54:42Z,scene_001,test,true,17,180,240,data/raw/arducam/depth/1751162082.npy,data/raw/arducam/confidence/1751162082.npy,data/processed/arducam/pose_coco17/1751162082.json,
1751162083,2025-06-29T01:54:43Z,scene_001,test,true,15,180,240,data/raw/arducam/depth/1751162083.npy,data/raw/arducam/confidence/1751162083.npy,data/processed/arducam/pose_coco17/1751162083.json,
1751162084,2025-06-29T01:54:44Z,scene_001,test,true,14,180,240,data/raw/arducam/depth/1751162084.npy,data/raw/arducam/confidence/1751162084.npy,data/processed/arducam/pose_coco17/1751162084.json,
1751162085,2025-06-29T01:54:45Z,scene_001,test,true,15,180,240,data/raw/arducam/depth/1751162085.npy,data/raw/arducam/confidence/1751162085.npy,data/processed/arducam/pose_coco17/1751162085.json,
1751162086,2025-06-29T01:54:46Z,scene_001,test,true,17,180,240,data/raw/arducam/depth/1751162086.npy,data/raw/arducam/confidence/1751162086.npy,data/processed/arducam/pose_coco17/1751162086.json,
1751162087,2025-06-29T01:54:47Z,scene_001,test,true,17,180,240,data/raw/arducam/depth/1751162087.npy,data/raw/arducam/confidence/1751162087.npy,data/processed/arducam/pose_coco17/1751162087.json,
1751162088,2025-06-29T01:54:48Z,scene_001,test,true,17,180,240,data/raw/arducam/depth/1751162088.npy,data/raw/arducam/confidence/1751162088.npy,data/processed/arducam/pose_coco17/1751162088.json,
1751162089,2025-06-29T01:54:49Z,scene_001,test,false,7,180,240,data/raw/arducam/depth/1751162089.npy,data/raw/arducam/confidence/1751162089.npy,data/processed/arducam/pose_coco17/1751162089.json,fewer_than_12_valid_keypoints
1751162090,2025-06-29T01:54:50Z,scene_001,test,false,11,180,240,data/raw/arducam/depth/1751162090.npy,data/raw/arducam/confidence/1751162090.npy,data/processed/arducam/pose_coco17/1751162090.json,fewer_than_12_valid_keypoints
1751162091,2025-06-29T01:54:51Z,scene_001,test,true,17,180,240,data/raw/arducam/depth/1751162091.npy,data/raw/arducam/confidence/1751162091.npy,data/processed/arducam/pose_coco17/1751162091.json,
1751162092,2025-06-29T01:54:52Z,scene_001,test,true,17,180,240,data/raw/arducam/depth/1751162092.npy,data/raw/arducam/confidence/1751162092.npy,data/processed/arducam/pose_coco17/1751162092.json,
1751162093,2025-06-29T01:54:53Z,scene_001,test,true,17,180,240,data/raw/arducam/depth/1751162093.npy,data/raw/arducam/confidence/1751162093.npy,data/processed/arducam/pose_coco17/1751162093.json,
1751162094,2025-06-29T01:54:54Z,scene_001,test,true,17,180,240,data/raw/arducam/depth/1751162094.npy,data/raw/arducam/confidence/1751162094.npy,data/processed/arducam/pose_coco17/1751162094.json,
1751162095,2025-06-29T01:54:55Z,scene_001,test,true,17,180,240,data/raw/arducam/depth/1751162095.npy,data/raw/arducam/confidence/1751162095.npy,data/processed/arducam/pose_coco17/1751162095.json,
1751162096,2025-06-29T01:54:56Z,scene_001,test,true,17,180,240,data/raw/arducam/depth/1751162096.npy,data/raw/arducam/confidence/1751162096.npy,data/processed/arducam/pose_coco17/1751162096.json,
1751162097,2025-06-29T01:54:57Z,scene_001,test,true,17,180,240,data/raw/arducam/depth/1751162097.npy,data/raw/arducam/confidence/1751162097.npy,data/processed/arducam/pose_coco17/1751162097.json,
1751162098,2025-06-29T01:54:58Z,scene_001,test,true,17,180,240,data/raw/arducam/depth/1751162098.npy,data/raw/arducam/confidence/1751162098.npy,data/processed/arducam/pose_coco17/1751162098.json,
1751162099,2025-06-29T01:54:59Z,scene_001,test,true,17,180,240,data/raw/arducam/depth/1751162099.npy,data/raw/arducam/confidence/1751162099.npy,data/processed/arducam/pose_coco17/1751162099.json,
1751162100,2025-06-29T01:55:00Z,scene_001,test,true,17,180,240,data/raw/arducam/depth/1751162100.npy,data/raw/arducam/confidence/1751162100.npy,data/processed/arducam/pose_coco17/1751162100.json,
1751162101,2025-06-29T01:55:01Z,scene_001,test,true,17,180,240,data/raw/arducam/depth/1751162101.npy,data/raw/arducam/confidence/1751162101.npy,data/processed/arducam/pose_coco17/1751162101.json,
1751162102,2025-06-29T01:55:02Z,scene_001,test,true,17,180,240,data/raw/arducam/depth/1751162102.npy,data/raw/arducam/confidence/1751162102.npy,data/processed/arducam/pose_coco17/1751162102.json,
1751162103,2025-06-29T01:55:03Z,scene_001,test,true,17,180,240,data/raw/arducam/depth/1751162103.npy,data/raw/arducam/confidence/1751162103.npy,data/processed/arducam/pose_coco17/1751162103.json,
1751162104,2025-06-29T01:55:04Z,scene_001,test,true,17,180,240,data/raw/arducam/depth/1751162104.npy,data/raw/arducam/confidence/1751162104.npy,data/processed/arducam/pose_coco17/1751162104.json,
1751162105,2025-06-29T01:55:05Z,scene_001,test,true,17,180,240,data/raw/arducam/depth/1751162105.npy,data/raw/arducam/confidence/1751162105.npy,data/processed/arducam/pose_coco17/1751162105.json,
1751162106,2025-06-29T01:55:06Z,scene_001,test,true,17,180,240,data/raw/arducam/depth/1751162106.npy,data/raw/arducam/confidence/1751162106.npy,data/processed/arducam/pose_coco17/1751162106.json,
1751162107,2025-06-29T01:55:07Z,scene_001,test,true,17,180,240,data/raw/arducam/depth/1751162107.npy,data/raw/arducam/confidence/1751162107.npy,data/processed/arducam/pose_coco17/1751162107.json,
1751162108,2025-06-29T01:55:08Z,scene_001,test,true,17,180,240,data/raw/arducam/depth/1751162108.npy,data/raw/arducam/confidence/1751162108.npy,data/processed/arducam/pose_coco17/1751162108.json,
1751162109,2025-06-29T01:55:09Z,scene_001,test,true,17,180,240,data/raw/arducam/depth/1751162109.npy,data/raw/arducam/confidence/1751162109.npy,data/processed/arducam/pose_coco17/1751162109.json,
1751162110,2025-06-29T01:55:10Z,scene_001,test,true,17,180,240,data/raw/arducam/depth/1751162110.npy,data/raw/arducam/confidence/1751162110.npy,data/processed/arducam/pose_coco17/1751162110.json,
1751162111,2025-06-29T01:55:11Z,scene_001,test,true,17,180,240,data/raw/arducam/depth/1751162111.npy,data/raw/arducam/confidence/1751162111.npy,data/processed/arducam/pose_coco17/1751162111.json,
1751162112,2025-06-29T01:55:12Z,scene_001,test,true,17,180,240,data/raw/arducam/depth/1751162112.npy,data/raw/arducam/confidence/1751162112.npy,data/processed/arducam/pose_coco17/1751162112.json,
1751162113,2025-06-29T01:55:13Z,scene_001,test,true,17,180,240,data/raw/arducam/depth/1751162113.npy,data/raw/arducam/confidence/1751162113.npy,data/processed/arducam/pose_coco17/1751162113.json,
1751162114,2025-06-29T01:55:14Z,scene_001,test,true,17,180,240,data/raw/arducam/depth/1751162114.npy,data/raw/arducam/confidence/1751162114.npy,data/processed/arducam/pose_coco17/1751162114.json,
1751162115,2025-06-29T01:55:15Z,scene_001,test,true,17,180,240,data/raw/arducam/depth/1751162115.npy,data/raw/arducam/confidence/1751162115.npy,data/processed/arducam/pose_coco17/1751162115.json,
1751162116,2025-06-29T01:55:16Z,scene_001,test,true,17,180,240,data/raw/arducam/depth/1751162116.npy,data/raw/arducam/confidence/1751162116.npy,data/processed/arducam/pose_coco17/1751162116.json,
1751162117,2025-06-29T01:55:17Z,scene_001,test,true,17,180,240,data/raw/arducam/depth/1751162117.npy,data/raw/arducam/confidence/1751162117.npy,data/processed/arducam/pose_coco17/1751162117.json,
1751162118,2025-06-29T01:55:18Z,scene_001,test,true,17,180,240,data/raw/arducam/depth/1751162118.npy,data/raw/arducam/confidence/1751162118.npy,data/processed/arducam/pose_coco17/1751162118.json,
1751162119,2025-06-29T01:55:19Z,scene_001,test,true,17,180,240,data/raw/arducam/depth/1751162119.npy,data/raw/arducam/confidence/1751162119.npy,data/processed/arducam/pose_coco17/1751162119.json,
1751162120,2025-06-29T01:55:20Z,scene_001,test,true,17,180,240,data/raw/arducam/depth/1751162120.npy,data/raw/arducam/confidence/1751162120.npy,data/processed/arducam/pose_coco17/1751162120.json,
1751162121,2025-06-29T01:55:21Z,scene_001,test,true,17,180,240,data/raw/arducam/depth/1751162121.npy,data/raw/arducam/confidence/1751162121.npy,data/processed/arducam/pose_coco17/1751162121.json,
1751162122,2025-06-29T01:55:22Z,scene_001,test,true,17,180,240,data/raw/arducam/depth/1751162122.npy,data/raw/arducam/confidence/1751162122.npy,data/processed/arducam/pose_coco17/1751162122.json,
1751162123,2025-06-29T01:55:23Z,scene_001,test,true,17,180,240,data/raw/arducam/depth/1751162123.npy,data/raw/arducam/confidence/1751162123.npy,data/processed/arducam/pose_coco17/1751162123.json,
1751162124,2025-06-29T01:55:24Z,scene_001,test,true,17,180,240,data/raw/arducam/depth/1751162124.npy,data/raw/arducam/confidence/1751162124.npy,data/processed/arducam/pose_coco17/1751162124.json,
1751162125,2025-06-29T01:55:25Z,scene_001,test,true,17,180,240,data/raw/arducam/depth/1751162125.npy,data/raw/arducam/confidence/1751162125.npy,data/processed/arducam/pose_coco17/1751162125.json,
1751162126,2025-06-29T01:55:26Z,scene_001,test,true,17,180,240,data/raw/arducam/depth/1751162126.npy,data/raw/arducam/confidence/1751162126.npy,data/processed/arducam/pose_coco17/1751162126.json,
1751162127,2025-06-29T01:55:27Z,scene_001,test,true,17,180,240,data/raw/arducam/depth/1751162127.npy,data/raw/arducam/confidence/1751162127.npy,data/processed/arducam/pose_coco17/1751162127.json,
1751162128,2025-06-29T01:55:28Z,scene_001,test,true,17,180,240,data/raw/arducam/depth/1751162128.npy,data/raw/arducam/confidence/1751162128.npy,data/processed/arducam/pose_coco17/1751162128.json,
1751162129,2025-06-29T01:55:29Z,scene_001,test,true,17,180,240,data/raw/arducam/depth/1751162129.npy,data/raw/arducam/confidence/1751162129.npy,data/processed/arducam/pose_coco17/1751162129.json,
1751162130,2025-06-29T01:55:30Z,scene_001,test,true,17,180,240,data/raw/arducam/depth/1751162130.npy,data/raw/arducam/confidence/1751162130.npy,data/processed/arducam/pose_coco17/1751162130.json,
1751162131,2025-06-29T01:55:31Z,scene_001,test,true,17,180,240,data/raw/arducam/depth/1751162131.npy,data/raw/arducam/confidence/1751162131.npy,data/processed/arducam/pose_coco17/1751162131.json,
1751162132,2025-06-29T01:55:32Z,scene_001,test,true,17,180,240,data/raw/arducam/depth/1751162132.npy,data/raw/arducam/confidence/1751162132.npy,data/processed/arducam/pose_coco17/1751162132.json,
1751162133,2025-06-29T01:55:33Z,scene_001,test,true,17,180,240,data/raw/arducam/depth/1751162133.npy,data/raw/arducam/confidence/1751162133.npy,data/processed/arducam/pose_coco17/1751162133.json,
1751162134,2025-06-29T01:55:34Z,scene_001,test,true,17,180,240,data/raw/arducam/depth/1751162134.npy,data/raw/arducam/confidence/1751162134.npy,data/processed/arducam/pose_coco17/1751162134.json,
1751162135,2025-06-29T01:55:35Z,scene_001,test,true,17,180,240,data/raw/arducam/depth/1751162135.npy,data/raw/arducam/confidence/1751162135.npy,data/processed/arducam/pose_coco17/1751162135.json,
1751162136,2025-06-29T01:55:36Z,scene_001,test,true,17,180,240,data/raw/arducam/depth/1751162136.npy,data/raw/arducam/confidence/1751162136.npy,data/processed/arducam/pose_coco17/1751162136.json,
1751162137,2025-06-29T01:55:37Z,scene_001,test,true,17,180,240,data/raw/arducam/depth/1751162137.npy,data/raw/arducam/confidence/1751162137.npy,data/processed/arducam/pose_coco17/1751162137.json,
1751162138,2025-06-29T01:55:38Z,scene_001,test,true,17,180,240,data/raw/arducam/depth/1751162138.npy,data/raw/arducam/confidence/1751162138.npy,data/processed/arducam/pose_coco17/1751162138.json,
1751162139,2025-06-29T01:55:39Z,scene_001,test,true,17,180,240,data/raw/arducam/depth/1751162139.npy,data/raw/arducam/confidence/1751162139.npy,data/processed/arducam/pose_coco17/1751162139.json,
1751162140,2025-06-29T01:55:40Z,scene_001,test,true,17,180,240,data/raw/arducam/depth/1751162140.npy,data/raw/arducam/confidence/1751162140.npy,data/processed/arducam/pose_coco17/1751162140.json,
1751162141,2025-06-29T01:55:41Z,scene_001,test,true,17,180,240,data/raw/arducam/depth/1751162141.npy,data/raw/arducam/confidence/1751162141.npy,data/processed/arducam/pose_coco17/1751162141.json,
1751162142,2025-06-29T01:55:42Z,scene_001,test,true,17,180,240,data/raw/arducam/depth/1751162142.npy,data/raw/arducam/confidence/1751162142.npy,data/processed/arducam/pose_coco17/1751162142.json,
1751162143,2025-06-29T01:55:43Z,scene_001,test,true,17,180,240,data/raw/arducam/depth/1751162143.npy,data/raw/arducam/confidence/1751162143.npy,data/processed/arducam/pose_coco17/1751162143.json,
1751162144,2025-06-29T01:55:44Z,scene_001,test,false,6,180,240,data/raw/arducam/depth/1751162144.npy,data/raw/arducam/confidence/1751162144.npy,data/processed/arducam/pose_coco17/1751162144.json,fewer_than_12_valid_keypoints
1751162145,2025-06-29T01:55:45Z,scene_001,test,false,4,180,240,data/raw/arducam/depth/1751162145.npy,data/raw/arducam/confidence/1751162145.npy,data/processed/arducam/pose_coco17/1751162145.json,fewer_than_12_valid_keypoints
1751162146,2025-06-29T01:55:46Z,scene_001,test,false,2,180,240,data/raw/arducam/depth/1751162146.npy,data/raw/arducam/confidence/1751162146.npy,data/processed/arducam/pose_coco17/1751162146.json,fewer_than_12_valid_keypoints
1751162147,2025-06-29T01:55:47Z,scene_001,test,false,4,180,240,data/raw/arducam/depth/1751162147.npy,data/raw/arducam/confidence/1751162147.npy,data/processed/arducam/pose_coco17/1751162147.json,fewer_than_12_valid_keypoints
1751162148,2025-06-29T01:55:48Z,scene_001,test,true,17,180,240,data/raw/arducam/depth/1751162148.npy,data/raw/arducam/confidence/1751162148.npy,data/processed/arducam/pose_coco17/1751162148.json,
1751162149,2025-06-29T01:55:49Z,scene_001,test,true,17,180,240,data/raw/arducam/depth/1751162149.npy,data/raw/arducam/confidence/1751162149.npy,data/processed/arducam/pose_coco17/1751162149.json,
1751162150,2025-06-29T01:55:50Z,scene_001,test,true,13,180,240,data/raw/arducam/depth/1751162150.npy,data/raw/arducam/confidence/1751162150.npy,data/processed/arducam/pose_coco17/1751162150.json,
1751162151,2025-06-29T01:55:51Z,scene_001,test,true,15,180,240,data/raw/arducam/depth/1751162151.npy,data/raw/arducam/confidence/1751162151.npy,data/processed/arducam/pose_coco17/1751162151.json,
1751162152,2025-06-29T01:55:52Z,scene_001,test,true,12,180,240,data/raw/arducam/depth/1751162152.npy,data/raw/arducam/confidence/1751162152.npy,data/processed/arducam/pose_coco17/1751162152.json,
1751162153,2025-06-29T01:55:53Z,scene_001,test,true,14,180,240,data/raw/arducam/depth/1751162153.npy,data/raw/arducam/confidence/1751162153.npy,data/processed/arducam/pose_coco17/1751162153.json,
1751162154,2025-06-29T01:55:54Z,scene_001,test,true,17,180,240,data/raw/arducam/depth/1751162154.npy,data/raw/arducam/confidence/1751162154.npy,data/processed/arducam/pose_coco17/1751162154.json,
1751162155,2025-06-29T01:55:55Z,scene_001,test,true,17,180,240,data/raw/arducam/depth/1751162155.npy,data/raw/arducam/confidence/1751162155.npy,data/processed/arducam/pose_coco17/1751162155.json,
1751162156,2025-06-29T01:55:56Z,scene_001,test,true,12,180,240,data/raw/arducam/depth/1751162156.npy,data/raw/arducam/confidence/1751162156.npy,data/processed/arducam/pose_coco17/1751162156.json,
1751162157,2025-06-29T01:55:57Z,scene_001,test,false,3,180,240,data/raw/arducam/depth/1751162157.npy,data/raw/arducam/confidence/1751162157.npy,data/processed/arducam/pose_coco17/1751162157.json,fewer_than_12_valid_keypoints
1751162158,2025-06-29T01:55:58Z,scene_001,test,false,3,180,240,data/raw/arducam/depth/1751162158.npy,data/raw/arducam/confidence/1751162158.npy,data/processed/arducam/pose_coco17/1751162158.json,fewer_than_12_valid_keypoints
1751162160,2025-06-29T01:56:00Z,scene_001,test,false,2,180,240,data/raw/arducam/depth/1751162160.npy,data/raw/arducam/confidence/1751162160.npy,data/processed/arducam/pose_coco17/1751162160.json,fewer_than_12_valid_keypoints
1751162161,2025-06-29T01:56:01Z,scene_001,test,false,6,180,240,data/raw/arducam/depth/1751162161.npy,data/raw/arducam/confidence/1751162161.npy,data/processed/arducam/pose_coco17/1751162161.json,fewer_than_12_valid_keypoints
1751162162,2025-06-29T01:56:02Z,scene_001,test,true,17,180,240,data/raw/arducam/depth/1751162162.npy,data/raw/arducam/confidence/1751162162.npy,data/processed/arducam/pose_coco17/1751162162.json,
1751162163,2025-06-29T01:56:03Z,scene_001,test,true,17,180,240,data/raw/arducam/depth/1751162163.npy,data/raw/arducam/confidence/1751162163.npy,data/processed/arducam/pose_coco17/1751162163.json,
1751162164,2025-06-29T01:56:04Z,scene_001,test,true,17,180,240,data/raw/arducam/depth/1751162164.npy,data/raw/arducam/confidence/1751162164.npy,data/processed/arducam/pose_coco17/1751162164.json,
1751162165,2025-06-29T01:56:05Z,scene_001,test,true,17,180,240,data/raw/arducam/depth/1751162165.npy,data/raw/arducam/confidence/1751162165.npy,data/processed/arducam/pose_coco17/1751162165.json,
1751162166,2025-06-29T01:56:06Z,scene_001,test,true,17,180,240,data/raw/arducam/depth/1751162166.npy,data/raw/arducam/confidence/1751162166.npy,data/processed/arducam/pose_coco17/1751162166.json,
1751162167,2025-06-29T01:56:07Z,scene_001,test,true,17,180,240,data/raw/arducam/depth/1751162167.npy,data/raw/arducam/confidence/1751162167.npy,data/processed/arducam/pose_coco17/1751162167.json,
1751162168,2025-06-29T01:56:08Z,scene_001,test,true,17,180,240,data/raw/arducam/depth/1751162168.npy,data/raw/arducam/confidence/1751162168.npy,data/processed/arducam/pose_coco17/1751162168.json,
1751162169,2025-06-29T01:56:09Z,scene_001,test,true,17,180,240,data/raw/arducam/depth/1751162169.npy,data/raw/arducam/confidence/1751162169.npy,data/processed/arducam/pose_coco17/1751162169.json,
1751162170,2025-06-29T01:56:10Z,scene_001,test,true,17,180,240,data/raw/arducam/depth/1751162170.npy,data/raw/arducam/confidence/1751162170.npy,data/processed/arducam/pose_coco17/1751162170.json,
1751162171,2025-06-29T01:56:11Z,scene_001,test,false,8,180,240,data/raw/arducam/depth/1751162171.npy,data/raw/arducam/confidence/1751162171.npy,data/processed/arducam/pose_coco17/1751162171.json,fewer_than_12_valid_keypoints
1751162172,2025-06-29T01:56:12Z,scene_001,test,false,2,180,240,data/raw/arducam/depth/1751162172.npy,data/raw/arducam/confidence/1751162172.npy,data/processed/arducam/pose_coco17/1751162172.json,fewer_than_12_valid_keypoints
1751162173,2025-06-29T01:56:13Z,scene_001,test,false,0,180,240,data/raw/arducam/depth/1751162173.npy,data/raw/arducam/confidence/1751162173.npy,data/processed/arducam/pose_coco17/1751162173.json,fewer_than_12_valid_keypoints
1751162174,2025-06-29T01:56:14Z,scene_001,test,false,2,180,240,data/raw/arducam/depth/1751162174.npy,data/raw/arducam/confidence/1751162174.npy,data/processed/arducam/pose_coco17/1751162174.json,fewer_than_12_valid_keypoints
1751162175,2025-06-29T01:56:15Z,scene_001,test,true,17,180,240,data/raw/arducam/depth/1751162175.npy,data/raw/arducam/confidence/1751162175.npy,data/processed/arducam/pose_coco17/1751162175.json,
1751162176,2025-06-29T01:56:16Z,scene_001,test,true,17,180,240,data/raw/arducam/depth/1751162176.npy,data/raw/arducam/confidence/1751162176.npy,data/processed/arducam/pose_coco17/1751162176.json,
1751162177,2025-06-29T01:56:17Z,scene_001,test,true,17,180,240,data/raw/arducam/depth/1751162177.npy,data/raw/arducam/confidence/1751162177.npy,data/processed/arducam/pose_coco17/1751162177.json,
1751162178,2025-06-29T01:56:18Z,scene_001,test,false,4,180,240,data/raw/arducam/depth/1751162178.npy,data/raw/arducam/confidence/1751162178.npy,data/processed/arducam/pose_coco17/1751162178.json,fewer_than_12_valid_keypoints
1751162179,2025-06-29T01:56:19Z,scene_001,test,true,17,180,240,data/raw/arducam/depth/1751162179.npy,data/raw/arducam/confidence/1751162179.npy,data/processed/arducam/pose_coco17/1751162179.json,
1751162180,2025-06-29T01:56:20Z,scene_001,test,true,17,180,240,data/raw/arducam/depth/1751162180.npy,data/raw/arducam/confidence/1751162180.npy,data/processed/arducam/pose_coco17/1751162180.json,
1751162181,2025-06-29T01:56:21Z,scene_001,test,true,17,180,240,data/raw/arducam/depth/1751162181.npy,data/raw/arducam/confidence/1751162181.npy,data/processed/arducam/pose_coco17/1751162181.json,
1751162182,2025-06-29T01:56:22Z,scene_001,test,true,17,180,240,data/raw/arducam/depth/1751162182.npy,data/raw/arducam/confidence/1751162182.npy,data/processed/arducam/pose_coco17/1751162182.json,
1751162183,2025-06-29T01:56:23Z,scene_001,test,true,17,180,240,data/raw/arducam/depth/1751162183.npy,data/raw/arducam/confidence/1751162183.npy,data/processed/arducam/pose_coco17/1751162183.json,
1751162184,2025-06-29T01:56:24Z,scene_001,test,true,17,180,240,data/raw/arducam/depth/1751162184.npy,data/raw/arducam/confidence/1751162184.npy,data/processed/arducam/pose_coco17/1751162184.json,
1751162185,2025-06-29T01:56:25Z,scene_001,test,true,17,180,240,data/raw/arducam/depth/1751162185.npy,data/raw/arducam/confidence/1751162185.npy,data/processed/arducam/pose_coco17/1751162185.json,
1751162186,2025-06-29T01:56:26Z,scene_001,test,true,17,180,240,data/raw/arducam/depth/1751162186.npy,data/raw/arducam/confidence/1751162186.npy,data/processed/arducam/pose_coco17/1751162186.json,
1751162187,2025-06-29T01:56:27Z,scene_001,test,true,17,180,240,data/raw/arducam/depth/1751162187.npy,data/raw/arducam/confidence/1751162187.npy,data/processed/arducam/pose_coco17/1751162187.json,
1751162188,2025-06-29T01:56:28Z,scene_001,test,true,17,180,240,data/raw/arducam/depth/1751162188.npy,data/raw/arducam/confidence/1751162188.npy,data/processed/arducam/pose_coco17/1751162188.json,
1751162189,2025-06-29T01:56:29Z,scene_001,test,true,17,180,240,data/raw/arducam/depth/1751162189.npy,data/raw/arducam/confidence/1751162189.npy,data/processed/arducam/pose_coco17/1751162189.json,
1751162190,2025-06-29T01:56:30Z,scene_001,test,true,17,180,240,data/raw/arducam/depth/1751162190.npy,data/raw/arducam/confidence/1751162190.npy,data/processed/arducam/pose_coco17/1751162190.json,
1751162191,2025-06-29T01:56:31Z,scene_001,test,true,17,180,240,data/raw/arducam/depth/1751162191.npy,data/raw/arducam/confidence/1751162191.npy,data/processed/arducam/pose_coco17/1751162191.json,
1751162192,2025-06-29T01:56:32Z,scene_001,test,true,17,180,240,data/raw/arducam/depth/1751162192.npy,data/raw/arducam/confidence/1751162192.npy,data/processed/arducam/pose_coco17/1751162192.json,
1751162193,2025-06-29T01:56:33Z,scene_001,test,true,17,180,240,data/raw/arducam/depth/1751162193.npy,data/raw/arducam/confidence/1751162193.npy,data/processed/arducam/pose_coco17/1751162193.json,
1751162194,2025-06-29T01:56:34Z,scene_001,test,true,17,180,240,data/raw/arducam/depth/1751162194.npy,data/raw/arducam/confidence/1751162194.npy,data/processed/arducam/pose_coco17/1751162194.json,
1751162195,2025-06-29T01:56:35Z,scene_001,test,true,17,180,240,data/raw/arducam/depth/1751162195.npy,data/raw/arducam/confidence/1751162195.npy,data/processed/arducam/pose_coco17/1751162195.json,
1751162196,2025-06-29T01:56:36Z,scene_001,test,true,17,180,240,data/raw/arducam/depth/1751162196.npy,data/raw/arducam/confidence/1751162196.npy,data/processed/arducam/pose_coco17/1751162196.json,
1751162197,2025-06-29T01:56:37Z,scene_001,test,true,17,180,240,data/raw/arducam/depth/1751162197.npy,data/raw/arducam/confidence/1751162197.npy,data/processed/arducam/pose_coco17/1751162197.json,
1751162198,2025-06-29T01:56:38Z,scene_001,test,true,17,180,240,data/raw/arducam/depth/1751162198.npy,data/raw/arducam/confidence/1751162198.npy,data/processed/arducam/pose_coco17/1751162198.json,
1751162199,2025-06-29T01:56:39Z,scene_001,test,true,17,180,240,data/raw/arducam/depth/1751162199.npy,data/raw/arducam/confidence/1751162199.npy,data/processed/arducam/pose_coco17/1751162199.json,
1751162200,2025-06-29T01:56:40Z,scene_001,test,true,17,180,240,data/raw/arducam/depth/1751162200.npy,data/raw/arducam/confidence/1751162200.npy,data/processed/arducam/pose_coco17/1751162200.json,
1751162201,2025-06-29T01:56:41Z,scene_001,test,true,17,180,240,data/raw/arducam/depth/1751162201.npy,data/raw/arducam/confidence/1751162201.npy,data/processed/arducam/pose_coco17/1751162201.json,
1751162202,2025-06-29T01:56:42Z,scene_001,test,true,17,180,240,data/raw/arducam/depth/1751162202.npy,data/raw/arducam/confidence/1751162202.npy,data/processed/arducam/pose_coco17/1751162202.json,
1751162203,2025-06-29T01:56:43Z,scene_001,test,true,17,180,240,data/raw/arducam/depth/1751162203.npy,data/raw/arducam/confidence/1751162203.npy,data/processed/arducam/pose_coco17/1751162203.json,
1751162204,2025-06-29T01:56:44Z,scene_001,test,true,17,180,240,data/raw/arducam/depth/1751162204.npy,data/raw/arducam/confidence/1751162204.npy,data/processed/arducam/pose_coco17/1751162204.json,
1751162205,2025-06-29T01:56:45Z,scene_001,test,true,17,180,240,data/raw/arducam/depth/1751162205.npy,data/raw/arducam/confidence/1751162205.npy,data/processed/arducam/pose_coco17/1751162205.json,
1751162206,2025-06-29T01:56:46Z,scene_001,test,true,17,180,240,data/raw/arducam/depth/1751162206.npy,data/raw/arducam/confidence/1751162206.npy,data/processed/arducam/pose_coco17/1751162206.json,
1751162207,2025-06-29T01:56:47Z,scene_001,test,true,17,180,240,data/raw/arducam/depth/1751162207.npy,data/raw/arducam/confidence/1751162207.npy,data/processed/arducam/pose_coco17/1751162207.json,
1751162208,2025-06-29T01:56:48Z,scene_001,test,true,17,180,240,data/raw/arducam/depth/1751162208.npy,data/raw/arducam/confidence/1751162208.npy,data/processed/arducam/pose_coco17/1751162208.json,
1751162209,2025-06-29T01:56:49Z,scene_001,test,true,17,180,240,data/raw/arducam/depth/1751162209.npy,data/raw/arducam/confidence/1751162209.npy,data/processed/arducam/pose_coco17/1751162209.json,
1751162210,2025-06-29T01:56:50Z,scene_001,test,true,17,180,240,data/raw/arducam/depth/1751162210.npy,data/raw/arducam/confidence/1751162210.npy,data/processed/arducam/pose_coco17/1751162210.json,
1751162211,2025-06-29T01:56:51Z,scene_001,test,true,17,180,240,data/raw/arducam/depth/1751162211.npy,data/raw/arducam/confidence/1751162211.npy,data/processed/arducam/pose_coco17/1751162211.json,
1751162212,2025-06-29T01:56:52Z,scene_001,test,true,17,180,240,data/raw/arducam/depth/1751162212.npy,data/raw/arducam/confidence/1751162212.npy,data/processed/arducam/pose_coco17/1751162212.json,
1751162213,2025-06-29T01:56:53Z,scene_001,test,true,17,180,240,data/raw/arducam/depth/1751162213.npy,data/raw/arducam/confidence/1751162213.npy,data/processed/arducam/pose_coco17/1751162213.json,
1751162214,2025-06-29T01:56:54Z,scene_001,test,true,17,180,240,data/raw/arducam/depth/1751162214.npy,data/raw/arducam/confidence/1751162214.npy,data/processed/arducam/pose_coco17/1751162214.json,
1751162215,2025-06-29T01:56:55Z,scene_001,test,true,17,180,240,data/raw/arducam/depth/1751162215.npy,data/raw/arducam/confidence/1751162215.npy,data/processed/arducam/pose_coco17/1751162215.json,
1751162216,2025-06-29T01:56:56Z,scene_001,test,true,17,180,240,data/raw/arducam/depth/1751162216.npy,data/raw/arducam/confidence/1751162216.npy,data/processed/arducam/pose_coco17/1751162216.json,
1751162217,2025-06-29T01:56:57Z,scene_001,test,true,16,180,240,data/raw/arducam/depth/1751162217.npy,data/raw/arducam/confidence/1751162217.npy,data/processed/arducam/pose_coco17/1751162217.json,
1751162218,2025-06-29T01:56:58Z,scene_001,test,true,16,180,240,data/raw/arducam/depth/1751162218.npy,data/raw/arducam/confidence/1751162218.npy,data/processed/arducam/pose_coco17/1751162218.json,
1751162219,2025-06-29T01:56:59Z,scene_001,test,true,16,180,240,data/raw/arducam/depth/1751162219.npy,data/raw/arducam/confidence/1751162219.npy,data/processed/arducam/pose_coco17/1751162219.json,
1751162220,2025-06-29T01:57:00Z,scene_001,test,true,17,180,240,data/raw/arducam/depth/1751162220.npy,data/raw/arducam/confidence/1751162220.npy,data/processed/arducam/pose_coco17/1751162220.json,
1751162221,2025-06-29T01:57:01Z,scene_001,test,true,16,180,240,data/raw/arducam/depth/1751162221.npy,data/raw/arducam/confidence/1751162221.npy,data/processed/arducam/pose_coco17/1751162221.json,
1751162222,2025-06-29T01:57:02Z,scene_001,test,false,9,180,240,data/raw/arducam/depth/1751162222.npy,data/raw/arducam/confidence/1751162222.npy,data/processed/arducam/pose_coco17/1751162222.json,fewer_than_12_valid_keypoints
1751162225,2025-06-29T01:57:05Z,scene_001,test,false,0,180,240,data/raw/arducam/depth/1751162225.npy,data/raw/arducam/confidence/1751162225.npy,data/processed/arducam/pose_coco17/1751162225.json,fewer_than_12_valid_keypoints
1751162226,2025-06-29T01:57:06Z,scene_001,test,true,17,180,240,data/raw/arducam/depth/1751162226.npy,data/raw/arducam/confidence/1751162226.npy,data/processed/arducam/pose_coco17/1751162226.json,
1751162227,2025-06-29T01:57:07Z,scene_001,test,true,17,180,240,data/raw/arducam/depth/1751162227.npy,data/raw/arducam/confidence/1751162227.npy,data/processed/arducam/pose_coco17/1751162227.json,
1751162228,2025-06-29T01:57:08Z,scene_001,test,true,17,180,240,data/raw/arducam/depth/1751162228.npy,data/raw/arducam/confidence/1751162228.npy,data/processed/arducam/pose_coco17/1751162228.json,
1751162229,2025-06-29T01:57:09Z,scene_001,test,true,17,180,240,data/raw/arducam/depth/1751162229.npy,data/raw/arducam/confidence/1751162229.npy,data/processed/arducam/pose_coco17/1751162229.json,
1751162230,2025-06-29T01:57:10Z,scene_001,test,true,17,180,240,data/raw/arducam/depth/1751162230.npy,data/raw/arducam/confidence/1751162230.npy,data/processed/arducam/pose_coco17/1751162230.json,
1751162231,2025-06-29T01:57:11Z,scene_001,test,true,17,180,240,data/raw/arducam/depth/1751162231.npy,data/raw/arducam/confidence/1751162231.npy,data/processed/arducam/pose_coco17/1751162231.json,
1751162232,2025-06-29T01:57:12Z,scene_001,test,true,17,180,240,data/raw/arducam/depth/1751162232.npy,data/raw/arducam/confidence/1751162232.npy,data/processed/arducam/pose_coco17/1751162232.json,
1751162233,2025-06-29T01:57:13Z,scene_001,test,true,17,180,240,data/raw/arducam/depth/1751162233.npy,data/raw/arducam/confidence/1751162233.npy,data/processed/arducam/pose_coco17/1751162233.json,
1751162234,2025-06-29T01:57:14Z,scene_001,test,true,17,180,240,data/raw/arducam/depth/1751162234.npy,data/raw/arducam/confidence/1751162234.npy,data/processed/arducam/pose_coco17/1751162234.json,
1751162235,2025-06-29T01:57:15Z,scene_001,test,true,17,180,240,data/raw/arducam/depth/1751162235.npy,data/raw/arducam/confidence/1751162235.npy,data/processed/arducam/pose_coco17/1751162235.json,
1751162236,2025-06-29T01:57:16Z,scene_001,test,true,17,180,240,data/raw/arducam/depth/1751162236.npy,data/raw/arducam/confidence/1751162236.npy,data/processed/arducam/pose_coco17/1751162236.json,
1751162237,2025-06-29T01:57:17Z,scene_001,test,true,17,180,240,data/raw/arducam/depth/1751162237.npy,data/raw/arducam/confidence/1751162237.npy,data/processed/arducam/pose_coco17/1751162237.json,
1751162238,2025-06-29T01:57:18Z,scene_001,test,true,17,180,240,data/raw/arducam/depth/1751162238.npy,data/raw/arducam/confidence/1751162238.npy,data/processed/arducam/pose_coco17/1751162238.json,
1751162239,2025-06-29T01:57:19Z,scene_001,test,true,17,180,240,data/raw/arducam/depth/1751162239.npy,data/raw/arducam/confidence/1751162239.npy,data/processed/arducam/pose_coco17/1751162239.json,
1751162240,2025-06-29T01:57:20Z,scene_001,test,true,17,180,240,data/raw/arducam/depth/1751162240.npy,data/raw/arducam/confidence/1751162240.npy,data/processed/arducam/pose_coco17/1751162240.json,
1751162241,2025-06-29T01:57:21Z,scene_001,test,true,17,180,240,data/raw/arducam/depth/1751162241.npy,data/raw/arducam/confidence/1751162241.npy,data/processed/arducam/pose_coco17/1751162241.json,
1751162242,2025-06-29T01:57:22Z,scene_001,test,true,17,180,240,data/raw/arducam/depth/1751162242.npy,data/raw/arducam/confidence/1751162242.npy,data/processed/arducam/pose_coco17/1751162242.json,
1751162243,2025-06-29T01:57:23Z,scene_001,test,true,16,180,240,data/raw/arducam/depth/1751162243.npy,data/raw/arducam/confidence/1751162243.npy,data/processed/arducam/pose_coco17/1751162243.json,
1751162244,2025-06-29T01:57:24Z,scene_001,test,false,1,180,240,data/raw/arducam/depth/1751162244.npy,data/raw/arducam/confidence/1751162244.npy,data/processed/arducam/pose_coco17/1751162244.json,fewer_than_12_valid_keypoints
1751162245,2025-06-29T01:57:25Z,scene_001,test,false,3,180,240,data/raw/arducam/depth/1751162245.npy,data/raw/arducam/confidence/1751162245.npy,data/processed/arducam/pose_coco17/1751162245.json,fewer_than_12_valid_keypoints
1751162246,2025-06-29T01:57:26Z,scene_001,test,true,17,180,240,data/raw/arducam/depth/1751162246.npy,data/raw/arducam/confidence/1751162246.npy,data/processed/arducam/pose_coco17/1751162246.json,
1751162247,2025-06-29T01:57:27Z,scene_001,test,true,17,180,240,data/raw/arducam/depth/1751162247.npy,data/raw/arducam/confidence/1751162247.npy,data/processed/arducam/pose_coco17/1751162247.json,
1751162248,2025-06-29T01:57:28Z,scene_001,test,true,17,180,240,data/raw/arducam/depth/1751162248.npy,data/raw/arducam/confidence/1751162248.npy,data/processed/arducam/pose_coco17/1751162248.json,
1751162249,2025-06-29T01:57:29Z,scene_001,test,true,17,180,240,data/raw/arducam/depth/1751162249.npy,data/raw/arducam/confidence/1751162249.npy,data/processed/arducam/pose_coco17/1751162249.json,
1751162250,2025-06-29T01:57:30Z,scene_001,test,true,17,180,240,data/raw/arducam/depth/1751162250.npy,data/raw/arducam/confidence/1751162250.npy,data/processed/arducam/pose_coco17/1751162250.json,
1751162251,2025-06-29T01:57:31Z,scene_001,test,true,17,180,240,data/raw/arducam/depth/1751162251.npy,data/raw/arducam/confidence/1751162251.npy,data/processed/arducam/pose_coco17/1751162251.json,
1751162252,2025-06-29T01:57:32Z,scene_001,test,true,17,180,240,data/raw/arducam/depth/1751162252.npy,data/raw/arducam/confidence/1751162252.npy,data/processed/arducam/pose_coco17/1751162252.json,
1751162253,2025-06-29T01:57:33Z,scene_001,test,true,17,180,240,data/raw/arducam/depth/1751162253.npy,data/raw/arducam/confidence/1751162253.npy,data/processed/arducam/pose_coco17/1751162253.json,
1751162254,2025-06-29T01:57:34Z,scene_001,test,true,17,180,240,data/raw/arducam/depth/1751162254.npy,data/raw/arducam/confidence/1751162254.npy,data/processed/arducam/pose_coco17/1751162254.json,
1751162255,2025-06-29T01:57:35Z,scene_001,test,true,17,180,240,data/raw/arducam/depth/1751162255.npy,data/raw/arducam/confidence/1751162255.npy,data/processed/arducam/pose_coco17/1751162255.json,
1751162256,2025-06-29T01:57:36Z,scene_001,test,true,17,180,240,data/raw/arducam/depth/1751162256.npy,data/raw/arducam/confidence/1751162256.npy,data/processed/arducam/pose_coco17/1751162256.json,
1751162257,2025-06-29T01:57:37Z,scene_001,test,true,17,180,240,data/raw/arducam/depth/1751162257.npy,data/raw/arducam/confidence/1751162257.npy,data/processed/arducam/pose_coco17/1751162257.json,
1751162258,2025-06-29T01:57:38Z,scene_001,test,false,11,180,240,data/raw/arducam/depth/1751162258.npy,data/raw/arducam/confidence/1751162258.npy,data/processed/arducam/pose_coco17/1751162258.json,fewer_than_12_valid_keypoints
1751162259,2025-06-29T01:57:39Z,scene_001,test,true,12,180,240,data/raw/arducam/depth/1751162259.npy,data/raw/arducam/confidence/1751162259.npy,data/processed/arducam/pose_coco17/1751162259.json,
1751162260,2025-06-29T01:57:40Z,scene_001,test,true,16,180,240,data/raw/arducam/depth/1751162260.npy,data/raw/arducam/confidence/1751162260.npy,data/processed/arducam/pose_coco17/1751162260.json,
1751162261,2025-06-29T01:57:41Z,scene_001,test,false,11,180,240,data/raw/arducam/depth/1751162261.npy,data/raw/arducam/confidence/1751162261.npy,data/processed/arducam/pose_coco17/1751162261.json,fewer_than_12_valid_keypoints
1751162262,2025-06-29T01:57:42Z,scene_001,test,false,2,180,240,data/raw/arducam/depth/1751162262.npy,data/raw/arducam/confidence/1751162262.npy,data/processed/arducam/pose_coco17/1751162262.json,fewer_than_12_valid_keypoints
1751162263,2025-06-29T01:57:43Z,scene_001,test,false,2,180,240,data/raw/arducam/depth/1751162263.npy,data/raw/arducam/confidence/1751162263.npy,data/processed/arducam/pose_coco17/1751162263.json,fewer_than_12_valid_keypoints
1751162264,2025-06-29T01:57:44Z,scene_001,test,false,3,180,240,data/raw/arducam/depth/1751162264.npy,data/raw/arducam/confidence/1751162264.npy,data/processed/arducam/pose_coco17/1751162264.json,fewer_than_12_valid_keypoints
1751162265,2025-06-29T01:57:45Z,scene_001,test,true,17,180,240,data/raw/arducam/depth/1751162265.npy,data/raw/arducam/confidence/1751162265.npy,data/processed/arducam/pose_coco17/1751162265.json,
1751162266,2025-06-29T01:57:46Z,scene_001,test,true,17,180,240,data/raw/arducam/depth/1751162266.npy,data/raw/arducam/confidence/1751162266.npy,data/processed/arducam/pose_coco17/1751162266.json,
1751162267,2025-06-29T01:57:47Z,scene_001,test,true,17,180,240,data/raw/arducam/depth/1751162267.npy,data/raw/arducam/confidence/1751162267.npy,data/processed/arducam/pose_coco17/1751162267.json,
1751162268,2025-06-29T01:57:48Z,scene_001,test,true,17,180,240,data/raw/arducam/depth/1751162268.npy,data/raw/arducam/confidence/1751162268.npy,data/processed/arducam/pose_coco17/1751162268.json,
1751162269,2025-06-29T01:57:49Z,scene_001,test,true,17,180,240,data/raw/arducam/depth/1751162269.npy,data/raw/arducam/confidence/1751162269.npy,data/processed/arducam/pose_coco17/1751162269.json,
1751162270,2025-06-29T01:57:50Z,scene_001,test,true,17,180,240,data/raw/arducam/depth/1751162270.npy,data/raw/arducam/confidence/1751162270.npy,data/processed/arducam/pose_coco17/1751162270.json,
1751162271,2025-06-29T01:57:51Z,scene_001,test,true,17,180,240,data/raw/arducam/depth/1751162271.npy,data/raw/arducam/confidence/1751162271.npy,data/processed/arducam/pose_coco17/1751162271.json,
1751162272,2025-06-29T01:57:52Z,scene_001,test,true,17,180,240,data/raw/arducam/depth/1751162272.npy,data/raw/arducam/confidence/1751162272.npy,data/processed/arducam/pose_coco17/1751162272.json,
1751162273,2025-06-29T01:57:53Z,scene_001,test,true,17,180,240,data/raw/arducam/depth/1751162273.npy,data/raw/arducam/confidence/1751162273.npy,data/processed/arducam/pose_coco17/1751162273.json,
1751162274,2025-06-29T01:57:54Z,scene_001,test,true,17,180,240,data/raw/arducam/depth/1751162274.npy,data/raw/arducam/confidence/1751162274.npy,data/processed/arducam/pose_coco17/1751162274.json,
1751162275,2025-06-29T01:57:55Z,scene_001,test,true,17,180,240,data/raw/arducam/depth/1751162275.npy,data/raw/arducam/confidence/1751162275.npy,data/processed/arducam/pose_coco17/1751162275.json,
1751162276,2025-06-29T01:57:56Z,scene_001,test,true,17,180,240,data/raw/arducam/depth/1751162276.npy,data/raw/arducam/confidence/1751162276.npy,data/processed/arducam/pose_coco17/1751162276.json,
1751162277,2025-06-29T01:57:57Z,scene_001,test,true,17,180,240,data/raw/arducam/depth/1751162277.npy,data/raw/arducam/confidence/1751162277.npy,data/processed/arducam/pose_coco17/1751162277.json,
1751162278,2025-06-29T01:57:58Z,scene_001,test,true,14,180,240,data/raw/arducam/depth/1751162278.npy,data/raw/arducam/confidence/1751162278.npy,data/processed/arducam/pose_coco17/1751162278.json,
1751162279,2025-06-29T01:57:59Z,scene_001,test,false,9,180,240,data/raw/arducam/depth/1751162279.npy,data/raw/arducam/confidence/1751162279.npy,data/processed/arducam/pose_coco17/1751162279.json,fewer_than_12_valid_keypoints
1751162280,2025-06-29T01:58:00Z,scene_001,test,true,13,180,240,data/raw/arducam/depth/1751162280.npy,data/raw/arducam/confidence/1751162280.npy,data/processed/arducam/pose_coco17/1751162280.json,
1751162281,2025-06-29T01:58:01Z,scene_001,test,true,14,180,240,data/raw/arducam/depth/1751162281.npy,data/raw/arducam/confidence/1751162281.npy,data/processed/arducam/pose_coco17/1751162281.json,
1751162282,2025-06-29T01:58:02Z,scene_001,test,false,9,180,240,data/raw/arducam/depth/1751162282.npy,data/raw/arducam/confidence/1751162282.npy,data/processed/arducam/pose_coco17/1751162282.json,fewer_than_12_valid_keypoints
1751162283,2025-06-29T01:58:03Z,scene_001,test,true,17,180,240,data/raw/arducam/depth/1751162283.npy,data/raw/arducam/confidence/1751162283.npy,data/processed/arducam/pose_coco17/1751162283.json,
1751162284,2025-06-29T01:58:04Z,scene_001,test,false,5,180,240,data/raw/arducam/depth/1751162284.npy,data/raw/arducam/confidence/1751162284.npy,data/processed/arducam/pose_coco17/1751162284.json,fewer_than_12_valid_keypoints
1751162347,2025-06-29T01:59:07Z,scene_001,test,false,0,180,240,data/raw/arducam/depth/1751162347.npy,data/raw/arducam/confidence/1751162347.npy,data/processed/arducam/pose_coco17/1751162347.json,fewer_than_12_valid_keypoints
1751162348,2025-06-29T01:59:08Z,scene_001,test,false,3,180,240,data/raw/arducam/depth/1751162348.npy,data/raw/arducam/confidence/1751162348.npy,data/processed/arducam/pose_coco17/1751162348.json,fewer_than_12_valid_keypoints
1751162349,2025-06-29T01:59:09Z,scene_001,test,true,17,180,240,data/raw/arducam/depth/1751162349.npy,data/raw/arducam/confidence/1751162349.npy,data/processed/arducam/pose_coco17/1751162349.json,
1751162350,2025-06-29T01:59:10Z,scene_001,test,true,17,180,240,data/raw/arducam/depth/1751162350.npy,data/raw/arducam/confidence/1751162350.npy,data/processed/arducam/pose_coco17/1751162350.json,
1751162351,2025-06-29T01:59:11Z,scene_001,test,true,17,180,240,data/raw/arducam/depth/1751162351.npy,data/raw/arducam/confidence/1751162351.npy,data/processed/arducam/pose_coco17/1751162351.json,
1751162352,2025-06-29T01:59:12Z,scene_001,test,true,17,180,240,data/raw/arducam/depth/1751162352.npy,data/raw/arducam/confidence/1751162352.npy,data/processed/arducam/pose_coco17/1751162352.json,
1751162353,2025-06-29T01:59:13Z,scene_001,test,true,17,180,240,data/raw/arducam/depth/1751162353.npy,data/raw/arducam/confidence/1751162353.npy,data/processed/arducam/pose_coco17/1751162353.json,
1751162354,2025-06-29T01:59:14Z,scene_001,test,true,12,180,240,data/raw/arducam/depth/1751162354.npy,data/raw/arducam/confidence/1751162354.npy,data/processed/arducam/pose_coco17/1751162354.json,
1751162355,2025-06-29T01:59:15Z,scene_001,test,false,5,180,240,data/raw/arducam/depth/1751162355.npy,data/raw/arducam/confidence/1751162355.npy,data/processed/arducam/pose_coco17/1751162355.json,fewer_than_12_valid_keypoints
1751162356,2025-06-29T01:59:16Z,scene_001,test,false,3,180,240,data/raw/arducam/depth/1751162356.npy,data/raw/arducam/confidence/1751162356.npy,data/processed/arducam/pose_coco17/1751162356.json,fewer_than_12_valid_keypoints
1751162357,2025-06-29T01:59:17Z,scene_001,test,false,2,180,240,data/raw/arducam/depth/1751162357.npy,data/raw/arducam/confidence/1751162357.npy,data/processed/arducam/pose_coco17/1751162357.json,fewer_than_12_valid_keypoints
1751162358,2025-06-29T01:59:18Z,scene_001,test,false,0,180,240,data/raw/arducam/depth/1751162358.npy,data/raw/arducam/confidence/1751162358.npy,data/processed/arducam/pose_coco17/1751162358.json,fewer_than_12_valid_keypoints
1751162359,2025-06-29T01:59:19Z,scene_001,test,false,0,180,240,data/raw/arducam/depth/1751162359.npy,data/raw/arducam/confidence/1751162359.npy,data/processed/arducam/pose_coco17/1751162359.json,fewer_than_12_valid_keypoints
1751162360,2025-06-29T01:59:20Z,scene_001,test,false,0,180,240,data/raw/arducam/depth/1751162360.npy,data/raw/arducam/confidence/1751162360.npy,data/processed/arducam/pose_coco17/1751162360.json,fewer_than_12_valid_keypoints
1751162361,2025-06-29T01:59:21Z,scene_001,test,false,6,180,240,data/raw/arducam/depth/1751162361.npy,data/raw/arducam/confidence/1751162361.npy,data/processed/arducam/pose_coco17/1751162361.json,fewer_than_12_valid_keypoints
1751162362,2025-06-29T01:59:22Z,scene_001,test,false,10,180,240,data/raw/arducam/depth/1751162362.npy,data/raw/arducam/confidence/1751162362.npy,data/processed/arducam/pose_coco17/1751162362.json,fewer_than_12_valid_keypoints
1751162363,2025-06-29T01:59:23Z,scene_001,test,false,8,180,240,data/raw/arducam/depth/1751162363.npy,data/raw/arducam/confidence/1751162363.npy,data/processed/arducam/pose_coco17/1751162363.json,fewer_than_12_valid_keypoints
1751162364,2025-06-29T01:59:24Z,scene_001,test,false,3,180,240,data/raw/arducam/depth/1751162364.npy,data/raw/arducam/confidence/1751162364.npy,data/processed/arducam/pose_coco17/1751162364.json,fewer_than_12_valid_keypoints
1751162365,2025-06-29T01:59:25Z,scene_001,test,false,1,180,240,data/raw/arducam/depth/1751162365.npy,data/raw/arducam/confidence/1751162365.npy,data/processed/arducam/pose_coco17/1751162365.json,fewer_than_12_valid_keypoints
1751162366,2025-06-29T01:59:26Z,scene_001,test,false,4,180,240,data/raw/arducam/depth/1751162366.npy,data/raw/arducam/confidence/1751162366.npy,data/processed/arducam/pose_coco17/1751162366.json,fewer_than_12_valid_keypoints
1751162367,2025-06-29T01:59:27Z,scene_001,test,false,0,180,240,data/raw/arducam/depth/1751162367.npy,data/raw/arducam/confidence/1751162367.npy,data/processed/arducam/pose_coco17/1751162367.json,fewer_than_12_valid_keypoints
1751162368,2025-06-29T01:59:28Z,scene_001,test,false,0,180,240,data/raw/arducam/depth/1751162368.npy,data/raw/arducam/confidence/1751162368.npy,data/processed/arducam/pose_coco17/1751162368.json,fewer_than_12_valid_keypoints
1751162369,2025-06-29T01:59:29Z,scene_001,test,false,1,180,240,data/raw/arducam/depth/1751162369.npy,data/raw/arducam/confidence/1751162369.npy,data/processed/arducam/pose_coco17/1751162369.json,fewer_than_12_valid_keypoints
1751162370,2025-06-29T01:59:30Z,scene_001,test,false,3,180,240,data/raw/arducam/depth/1751162370.npy,data/raw/arducam/confidence/1751162370.npy,data/processed/arducam/pose_coco17/1751162370.json,fewer_than_12_valid_keypoints
1751162371,2025-06-29T01:59:31Z,scene_001,test,false,3,180,240,data/raw/arducam/depth/1751162371.npy,data/raw/arducam/confidence/1751162371.npy,data/processed/arducam/pose_coco17/1751162371.json,fewer_than_12_valid_keypoints
1751162372,2025-06-29T01:59:32Z,scene_001,test,false,3,180,240,data/raw/arducam/depth/1751162372.npy,data/raw/arducam/confidence/1751162372.npy,data/processed/arducam/pose_coco17/1751162372.json,fewer_than_12_valid_keypoints
1751162373,2025-06-29T01:59:33Z,scene_001,test,false,3,180,240,data/raw/arducam/depth/1751162373.npy,data/raw/arducam/confidence/1751162373.npy,data/processed/arducam/pose_coco17/1751162373.json,fewer_than_12_valid_keypoints
1751162374,2025-06-29T01:59:34Z,scene_001,test,false,4,180,240,data/raw/arducam/depth/1751162374.npy,data/raw/arducam/confidence/1751162374.npy,data/processed/arducam/pose_coco17/1751162374.json,fewer_than_12_valid_keypoints
1751162375,2025-06-29T01:59:35Z,scene_001,test,false,4,180,240,data/raw/arducam/depth/1751162375.npy,data/raw/arducam/confidence/1751162375.npy,data/processed/arducam/pose_coco17/1751162375.json,fewer_than_12_valid_keypoints
1751162376,2025-06-29T01:59:36Z,scene_001,test,false,3,180,240,data/raw/arducam/depth/1751162376.npy,data/raw/arducam/confidence/1751162376.npy,data/processed/arducam/pose_coco17/1751162376.json,fewer_than_12_valid_keypoints
1751162377,2025-06-29T01:59:37Z,scene_001,test,false,3,180,240,data/raw/arducam/depth/1751162377.npy,data/raw/arducam/confidence/1751162377.npy,data/processed/arducam/pose_coco17/1751162377.json,fewer_than_12_valid_keypoints
1751162378,2025-06-29T01:59:38Z,scene_001,test,false,3,180,240,data/raw/arducam/depth/1751162378.npy,data/raw/arducam/confidence/1751162378.npy,data/processed/arducam/pose_coco17/1751162378.json,fewer_than_12_valid_keypoints
1751162379,2025-06-29T01:59:39Z,scene_001,test,false,3,180,240,data/raw/arducam/depth/1751162379.npy,data/raw/arducam/confidence/1751162379.npy,data/processed/arducam/pose_coco17/1751162379.json,fewer_than_12_valid_keypoints
1751162380,2025-06-29T01:59:40Z,scene_001,test,false,4,180,240,data/raw/arducam/depth/1751162380.npy,data/raw/arducam/confidence/1751162380.npy,data/processed/arducam/pose_coco17/1751162380.json,fewer_than_12_valid_keypoints
1751162381,2025-06-29T01:59:41Z,scene_001,test,false,4,180,240,data/raw/arducam/depth/1751162381.npy,data/raw/arducam/confidence/1751162381.npy,data/processed/arducam/pose_coco17/1751162381.json,fewer_than_12_valid_keypoints
1751162382,2025-06-29T01:59:42Z,scene_001,test,false,4,180,240,data/raw/arducam/depth/1751162382.npy,data/raw/arducam/confidence/1751162382.npy,data/processed/arducam/pose_coco17/1751162382.json,fewer_than_12_valid_keypoints
1751162383,2025-06-29T01:59:43Z,scene_001,test,false,3,180,240,data/raw/arducam/depth/1751162383.npy,data/raw/arducam/confidence/1751162383.npy,data/processed/arducam/pose_coco17/1751162383.json,fewer_than_12_valid_keypoints
1751162384,2025-06-29T01:59:44Z,scene_001,test,false,3,180,240,data/raw/arducam/depth/1751162384.npy,data/raw/arducam/confidence/1751162384.npy,data/processed/arducam/pose_coco17/1751162384.json,fewer_than_12_valid_keypoints
1751162385,2025-06-29T01:59:45Z,scene_001,test,false,3,180,240,data/raw/arducam/depth/1751162385.npy,data/raw/arducam/confidence/1751162385.npy,data/processed/arducam/pose_coco17/1751162385.json,fewer_than_12_valid_keypoints
1751162386,2025-06-29T01:59:46Z,scene_001,test,false,3,180,240,data/raw/arducam/depth/1751162386.npy,data/raw/arducam/confidence/1751162386.npy,data/processed/arducam/pose_coco17/1751162386.json,fewer_than_12_valid_keypoints
1751162387,2025-06-29T01:59:47Z,scene_001,test,false,3,180,240,data/raw/arducam/depth/1751162387.npy,data/raw/arducam/confidence/1751162387.npy,data/processed/arducam/pose_coco17/1751162387.json,fewer_than_12_valid_keypoints
1751162388,2025-06-29T01:59:48Z,scene_001,test,false,3,180,240,data/raw/arducam/depth/1751162388.npy,data/raw/arducam/confidence/1751162388.npy,data/processed/arducam/pose_coco17/1751162388.json,fewer_than_12_valid_keypoints
1751162389,2025-06-29T01:59:49Z,scene_001,test,false,5,180,240,data/raw/arducam/depth/1751162389.npy,data/raw/arducam/confidence/1751162389.npy,data/processed/arducam/pose_coco17/1751162389.json,fewer_than_12_valid_keypoints
1751162390,2025-06-29T01:59:50Z,scene_001,test,false,6,180,240,data/raw/arducam/depth/1751162390.npy,data/raw/arducam/confidence/1751162390.npy,data/processed/arducam/pose_coco17/1751162390.json,fewer_than_12_valid_keypoints
1751162391,2025-06-29T01:59:51Z,scene_001,test,false,8,180,240,data/raw/arducam/depth/1751162391.npy,data/raw/arducam/confidence/1751162391.npy,data/processed/arducam/pose_coco17/1751162391.json,fewer_than_12_valid_keypoints
1751162411,2025-06-29T02:00:11Z,scene_001,test,false,2,180,240,data/raw/arducam/depth/1751162411.npy,data/raw/arducam/confidence/1751162411.npy,data/processed/arducam/pose_coco17/1751162411.json,fewer_than_12_valid_keypoints
1751162412,2025-06-29T02:00:12Z,scene_001,test,true,12,180,240,data/raw/arducam/depth/1751162412.npy,data/raw/arducam/confidence/1751162412.npy,data/processed/arducam/pose_coco17/1751162412.json,
1751162413,2025-06-29T02:00:13Z,scene_001,test,true,17,180,240,data/raw/arducam/depth/1751162413.npy,data/raw/arducam/confidence/1751162413.npy,data/processed/arducam/pose_coco17/1751162413.json,
1751162414,2025-06-29T02:00:14Z,scene_001,test,true,16,180,240,data/raw/arducam/depth/1751162414.npy,data/raw/arducam/confidence/1751162414.npy,data/processed/arducam/pose_coco17/1751162414.json,
1751162415,2025-06-29T02:00:15Z,scene_001,test,false,5,180,240,data/raw/arducam/depth/1751162415.npy,data/raw/arducam/confidence/1751162415.npy,data/processed/arducam/pose_coco17/1751162415.json,fewer_than_12_valid_keypoints
1751162416,2025-06-29T02:00:16Z,scene_001,test,true,17,180,240,data/raw/arducam/depth/1751162416.npy,data/raw/arducam/confidence/1751162416.npy,data/processed/arducam/pose_coco17/1751162416.json,
1751162417,2025-06-29T02:00:17Z,scene_001,test,true,17,180,240,data/raw/arducam/depth/1751162417.npy,data/raw/arducam/confidence/1751162417.npy,data/processed/arducam/pose_coco17/1751162417.json,
1751162418,2025-06-29T02:00:18Z,scene_001,test,true,17,180,240,data/raw/arducam/depth/1751162418.npy,data/raw/arducam/confidence/1751162418.npy,data/processed/arducam/pose_coco17/1751162418.json,
1751162419,2025-06-29T02:00:19Z,scene_001,test,true,13,180,240,data/raw/arducam/depth/1751162419.npy,data/raw/arducam/confidence/1751162419.npy,data/processed/arducam/pose_coco17/1751162419.json,
1751162420,2025-06-29T02:00:20Z,scene_001,test,true,15,180,240,data/raw/arducam/depth/1751162420.npy,data/raw/arducam/confidence/1751162420.npy,data/processed/arducam/pose_coco17/1751162420.json,
1751162421,2025-06-29T02:00:21Z,scene_001,test,true,15,180,240,data/raw/arducam/depth/1751162421.npy,data/raw/arducam/confidence/1751162421.npy,data/processed/arducam/pose_coco17/1751162421.json,
1751162422,2025-06-29T02:00:22Z,scene_001,test,false,10,180,240,data/raw/arducam/depth/1751162422.npy,data/raw/arducam/confidence/1751162422.npy,data/processed/arducam/pose_coco17/1751162422.json,fewer_than_12_valid_keypoints
1751163427,2025-06-29T02:17:07Z,scene_002,train,false,6,180,240,data/raw/arducam/depth/1751163427.npy,data/raw/arducam/confidence/1751163427.npy,data/processed/arducam/pose_coco17/1751163427.json,fewer_than_12_valid_keypoints
1751163428,2025-06-29T02:17:08Z,scene_002,train,false,10,180,240,data/raw/arducam/depth/1751163428.npy,data/raw/arducam/confidence/1751163428.npy,data/processed/arducam/pose_coco17/1751163428.json,fewer_than_12_valid_keypoints
1751163429,2025-06-29T02:17:09Z,scene_002,train,true,17,180,240,data/raw/arducam/depth/1751163429.npy,data/raw/arducam/confidence/1751163429.npy,data/processed/arducam/pose_coco17/1751163429.json,
1751163430,2025-06-29T02:17:10Z,scene_002,train,true,17,180,240,data/raw/arducam/depth/1751163430.npy,data/raw/arducam/confidence/1751163430.npy,data/processed/arducam/pose_coco17/1751163430.json,
1751163431,2025-06-29T02:17:11Z,scene_002,train,true,17,180,240,data/raw/arducam/depth/1751163431.npy,data/raw/arducam/confidence/1751163431.npy,data/processed/arducam/pose_coco17/1751163431.json,
1751163432,2025-06-29T02:17:12Z,scene_002,train,true,17,180,240,data/raw/arducam/depth/1751163432.npy,data/raw/arducam/confidence/1751163432.npy,data/processed/arducam/pose_coco17/1751163432.json,
1751163433,2025-06-29T02:17:13Z,scene_002,train,true,13,180,240,data/raw/arducam/depth/1751163433.npy,data/raw/arducam/confidence/1751163433.npy,data/processed/arducam/pose_coco17/1751163433.json,
1751163434,2025-06-29T02:17:14Z,scene_002,train,true,15,180,240,data/raw/arducam/depth/1751163434.npy,data/raw/arducam/confidence/1751163434.npy,data/processed/arducam/pose_coco17/1751163434.json,
1751163435,2025-06-29T02:17:15Z,scene_002,train,true,17,180,240,data/raw/arducam/depth/1751163435.npy,data/raw/arducam/confidence/1751163435.npy,data/processed/arducam/pose_coco17/1751163435.json,
1751163436,2025-06-29T02:17:16Z,scene_002,train,true,17,180,240,data/raw/arducam/depth/1751163436.npy,data/raw/arducam/confidence/1751163436.npy,data/processed/arducam/pose_coco17/1751163436.json,
1751163437,2025-06-29T02:17:17Z,scene_002,train,true,17,180,240,data/raw/arducam/depth/1751163437.npy,data/raw/arducam/confidence/1751163437.npy,data/processed/arducam/pose_coco17/1751163437.json,
1751163438,2025-06-29T02:17:18Z,scene_002,train,true,17,180,240,data/raw/arducam/depth/1751163438.npy,data/raw/arducam/confidence/1751163438.npy,data/processed/arducam/pose_coco17/1751163438.json,
1751163439,2025-06-29T02:17:19Z,scene_002,train,true,17,180,240,data/raw/arducam/depth/1751163439.npy,data/raw/arducam/confidence/1751163439.npy,data/processed/arducam/pose_coco17/1751163439.json,
1751163440,2025-06-29T02:17:20Z,scene_002,train,true,17,180,240,data/raw/arducam/depth/1751163440.npy,data/raw/arducam/confidence/1751163440.npy,data/processed/arducam/pose_coco17/1751163440.json,
1751163441,2025-06-29T02:17:21Z,scene_002,train,true,17,180,240,data/raw/arducam/depth/1751163441.npy,data/raw/arducam/confidence/1751163441.npy,data/processed/arducam/pose_coco17/1751163441.json,
1751163442,2025-06-29T02:17:22Z,scene_002,train,true,17,180,240,data/raw/arducam/depth/1751163442.npy,data/raw/arducam/confidence/1751163442.npy,data/processed/arducam/pose_coco17/1751163442.json,
1751163443,2025-06-29T02:17:23Z,scene_002,train,true,17,180,240,data/raw/arducam/depth/1751163443.npy,data/raw/arducam/confidence/1751163443.npy,data/processed/arducam/pose_coco17/1751163443.json,
1751163444,2025-06-29T02:17:24Z,scene_002,train,true,17,180,240,data/raw/arducam/depth/1751163444.npy,data/raw/arducam/confidence/1751163444.npy,data/processed/arducam/pose_coco17/1751163444.json,
1751163445,2025-06-29T02:17:25Z,scene_002,train,true,17,180,240,data/raw/arducam/depth/1751163445.npy,data/raw/arducam/confidence/1751163445.npy,data/processed/arducam/pose_coco17/1751163445.json,
1751163446,2025-06-29T02:17:26Z,scene_002,train,true,14,180,240,data/raw/arducam/depth/1751163446.npy,data/raw/arducam/confidence/1751163446.npy,data/processed/arducam/pose_coco17/1751163446.json,
1751163447,2025-06-29T02:17:27Z,scene_002,train,true,12,180,240,data/raw/arducam/depth/1751163447.npy,data/raw/arducam/confidence/1751163447.npy,data/processed/arducam/pose_coco17/1751163447.json,
1751163448,2025-06-29T02:17:28Z,scene_002,train,false,6,180,240,data/raw/arducam/depth/1751163448.npy,data/raw/arducam/confidence/1751163448.npy,data/processed/arducam/pose_coco17/1751163448.json,fewer_than_12_valid_keypoints
1751163449,2025-06-29T02:17:29Z,scene_002,train,true,13,180,240,data/raw/arducam/depth/1751163449.npy,data/raw/arducam/confidence/1751163449.npy,data/processed/arducam/pose_coco17/1751163449.json,
1751163450,2025-06-29T02:17:30Z,scene_002,train,true,17,180,240,data/raw/arducam/depth/1751163450.npy,data/raw/arducam/confidence/1751163450.npy,data/processed/arducam/pose_coco17/1751163450.json,
1751163451,2025-06-29T02:17:31Z,scene_002,train,true,17,180,240,data/raw/arducam/depth/1751163451.npy,data/raw/arducam/confidence/1751163451.npy,data/processed/arducam/pose_coco17/1751163451.json,
1751163452,2025-06-29T02:17:32Z,scene_002,train,true,17,180,240,data/raw/arducam/depth/1751163452.npy,data/raw/arducam/confidence/1751163452.npy,data/processed/arducam/pose_coco17/1751163452.json,
1751163453,2025-06-29T02:17:33Z,scene_002,train,true,17,180,240,data/raw/arducam/depth/1751163453.npy,data/raw/arducam/confidence/1751163453.npy,data/processed/arducam/pose_coco17/1751163453.json,
1751163454,2025-06-29T02:17:34Z,scene_002,train,true,17,180,240,data/raw/arducam/depth/1751163454.npy,data/raw/arducam/confidence/1751163454.npy,data/processed/arducam/pose_coco17/1751163454.json,
1751163455,2025-06-29T02:17:35Z,scene_002,train,true,17,180,240,data/raw/arducam/depth/1751163455.npy,data/raw/arducam/confidence/1751163455.npy,data/processed/arducam/pose_coco17/1751163455.json,
1751163456,2025-06-29T02:17:36Z,scene_002,train,true,17,180,240,data/raw/arducam/depth/1751163456.npy,data/raw/arducam/confidence/1751163456.npy,data/processed/arducam/pose_coco17/1751163456.json,
1751163457,2025-06-29T02:17:37Z,scene_002,train,true,17,180,240,data/raw/arducam/depth/1751163457.npy,data/raw/arducam/confidence/1751163457.npy,data/processed/arducam/pose_coco17/1751163457.json,
1751163458,2025-06-29T02:17:38Z,scene_002,train,true,17,180,240,data/raw/arducam/depth/1751163458.npy,data/raw/arducam/confidence/1751163458.npy,data/processed/arducam/pose_coco17/1751163458.json,
1751163459,2025-06-29T02:17:39Z,scene_002,train,true,17,180,240,data/raw/arducam/depth/1751163459.npy,data/raw/arducam/confidence/1751163459.npy,data/processed/arducam/pose_coco17/1751163459.json,
1751163460,2025-06-29T02:17:40Z,scene_002,train,true,17,180,240,data/raw/arducam/depth/1751163460.npy,data/raw/arducam/confidence/1751163460.npy,data/processed/arducam/pose_coco17/1751163460.json,
1751163461,2025-06-29T02:17:41Z,scene_002,train,true,17,180,240,data/raw/arducam/depth/1751163461.npy,data/raw/arducam/confidence/1751163461.npy,data/processed/arducam/pose_coco17/1751163461.json,
1751163462,2025-06-29T02:17:42Z,scene_002,train,true,15,180,240,data/raw/arducam/depth/1751163462.npy,data/raw/arducam/confidence/1751163462.npy,data/processed/arducam/pose_coco17/1751163462.json,
1751163463,2025-06-29T02:17:43Z,scene_002,train,true,13,180,240,data/raw/arducam/depth/1751163463.npy,data/raw/arducam/confidence/1751163463.npy,data/processed/arducam/pose_coco17/1751163463.json,
1751163464,2025-06-29T02:17:44Z,scene_002,train,true,13,180,240,data/raw/arducam/depth/1751163464.npy,data/raw/arducam/confidence/1751163464.npy,data/processed/arducam/pose_coco17/1751163464.json,
1751163465,2025-06-29T02:17:45Z,scene_002,train,true,13,180,240,data/raw/arducam/depth/1751163465.npy,data/raw/arducam/confidence/1751163465.npy,data/processed/arducam/pose_coco17/1751163465.json,
1751163466,2025-06-29T02:17:46Z,scene_002,train,true,13,180,240,data/raw/arducam/depth/1751163466.npy,data/raw/arducam/confidence/1751163466.npy,data/processed/arducam/pose_coco17/1751163466.json,
1751163467,2025-06-29T02:17:47Z,scene_002,train,true,16,180,240,data/raw/arducam/depth/1751163467.npy,data/raw/arducam/confidence/1751163467.npy,data/processed/arducam/pose_coco17/1751163467.json,
1751163468,2025-06-29T02:17:48Z,scene_002,train,true,17,180,240,data/raw/arducam/depth/1751163468.npy,data/raw/arducam/confidence/1751163468.npy,data/processed/arducam/pose_coco17/1751163468.json,
1751163469,2025-06-29T02:17:49Z,scene_002,train,true,17,180,240,data/raw/arducam/depth/1751163469.npy,data/raw/arducam/confidence/1751163469.npy,data/processed/arducam/pose_coco17/1751163469.json,
1751163470,2025-06-29T02:17:50Z,scene_002,train,true,17,180,240,data/raw/arducam/depth/1751163470.npy,data/raw/arducam/confidence/1751163470.npy,data/processed/arducam/pose_coco17/1751163470.json,
1751163471,2025-06-29T02:17:51Z,scene_002,train,true,16,180,240,data/raw/arducam/depth/1751163471.npy,data/raw/arducam/confidence/1751163471.npy,data/processed/arducam/pose_coco17/1751163471.json,
1751163472,2025-06-29T02:17:52Z,scene_002,train,true,15,180,240,data/raw/arducam/depth/1751163472.npy,data/raw/arducam/confidence/1751163472.npy,data/processed/arducam/pose_coco17/1751163472.json,
1751163473,2025-06-29T02:17:53Z,scene_002,train,true,15,180,240,data/raw/arducam/depth/1751163473.npy,data/raw/arducam/confidence/1751163473.npy,data/processed/arducam/pose_coco17/1751163473.json,
1751163474,2025-06-29T02:17:54Z,scene_002,train,true,15,180,240,data/raw/arducam/depth/1751163474.npy,data/raw/arducam/confidence/1751163474.npy,data/processed/arducam/pose_coco17/1751163474.json,
1751163475,2025-06-29T02:17:55Z,scene_002,train,true,15,180,240,data/raw/arducam/depth/1751163475.npy,data/raw/arducam/confidence/1751163475.npy,data/processed/arducam/pose_coco17/1751163475.json,
1751163476,2025-06-29T02:17:56Z,scene_002,train,true,15,180,240,data/raw/arducam/depth/1751163476.npy,data/raw/arducam/confidence/1751163476.npy,data/processed/arducam/pose_coco17/1751163476.json,
1751163477,2025-06-29T02:17:57Z,scene_002,train,true,15,180,240,data/raw/arducam/depth/1751163477.npy,data/raw/arducam/confidence/1751163477.npy,data/processed/arducam/pose_coco17/1751163477.json,
1751163478,2025-06-29T02:17:58Z,scene_002,train,true,16,180,240,data/raw/arducam/depth/1751163478.npy,data/raw/arducam/confidence/1751163478.npy,data/processed/arducam/pose_coco17/1751163478.json,
1751163479,2025-06-29T02:17:59Z,scene_002,train,true,15,180,240,data/raw/arducam/depth/1751163479.npy,data/raw/arducam/confidence/1751163479.npy,data/processed/arducam/pose_coco17/1751163479.json,
1751163480,2025-06-29T02:18:00Z,scene_002,train,true,15,180,240,data/raw/arducam/depth/1751163480.npy,data/raw/arducam/confidence/1751163480.npy,data/processed/arducam/pose_coco17/1751163480.json,
1751163481,2025-06-29T02:18:01Z,scene_002,train,true,15,180,240,data/raw/arducam/depth/1751163481.npy,data/raw/arducam/confidence/1751163481.npy,data/processed/arducam/pose_coco17/1751163481.json,
1751163482,2025-06-29T02:18:02Z,scene_002,train,true,15,180,240,data/raw/arducam/depth/1751163482.npy,data/raw/arducam/confidence/1751163482.npy,data/processed/arducam/pose_coco17/1751163482.json,
1751163483,2025-06-29T02:18:03Z,scene_002,train,true,15,180,240,data/raw/arducam/depth/1751163483.npy,data/raw/arducam/confidence/1751163483.npy,data/processed/arducam/pose_coco17/1751163483.json,
1751163484,2025-06-29T02:18:04Z,scene_002,train,true,15,180,240,data/raw/arducam/depth/1751163484.npy,data/raw/arducam/confidence/1751163484.npy,data/processed/arducam/pose_coco17/1751163484.json,
1751163485,2025-06-29T02:18:05Z,scene_002,train,false,6,180,240,data/raw/arducam/depth/1751163485.npy,data/raw/arducam/confidence/1751163485.npy,data/processed/arducam/pose_coco17/1751163485.json,fewer_than_12_valid_keypoints
1751163486,2025-06-29T02:18:06Z,scene_002,train,false,8,180,240,data/raw/arducam/depth/1751163486.npy,data/raw/arducam/confidence/1751163486.npy,data/processed/arducam/pose_coco17/1751163486.json,fewer_than_12_valid_keypoints
1751163487,2025-06-29T02:18:07Z,scene_002,train,true,17,180,240,data/raw/arducam/depth/1751163487.npy,data/raw/arducam/confidence/1751163487.npy,data/processed/arducam/pose_coco17/1751163487.json,
1751163488,2025-06-29T02:18:08Z,scene_002,train,true,17,180,240,data/raw/arducam/depth/1751163488.npy,data/raw/arducam/confidence/1751163488.npy,data/processed/arducam/pose_coco17/1751163488.json,
1751163489,2025-06-29T02:18:09Z,scene_002,train,true,17,180,240,data/raw/arducam/depth/1751163489.npy,data/raw/arducam/confidence/1751163489.npy,data/processed/arducam/pose_coco17/1751163489.json,
1751163490,2025-06-29T02:18:10Z,scene_002,train,true,17,180,240,data/raw/arducam/depth/1751163490.npy,data/raw/arducam/confidence/1751163490.npy,data/processed/arducam/pose_coco17/1751163490.json,
1751163491,2025-06-29T02:18:11Z,scene_002,train,true,17,180,240,data/raw/arducam/depth/1751163491.npy,data/raw/arducam/confidence/1751163491.npy,data/processed/arducam/pose_coco17/1751163491.json,
1751163492,2025-06-29T02:18:12Z,scene_002,train,true,17,180,240,data/raw/arducam/depth/1751163492.npy,data/raw/arducam/confidence/1751163492.npy,data/processed/arducam/pose_coco17/1751163492.json,
1751163493,2025-06-29T02:18:13Z,scene_002,train,true,17,180,240,data/raw/arducam/depth/1751163493.npy,data/raw/arducam/confidence/1751163493.npy,data/processed/arducam/pose_coco17/1751163493.json,
1751163494,2025-06-29T02:18:14Z,scene_002,train,true,15,180,240,data/raw/arducam/depth/1751163494.npy,data/raw/arducam/confidence/1751163494.npy,data/processed/arducam/pose_coco17/1751163494.json,
1751163495,2025-06-29T02:18:15Z,scene_002,train,true,15,180,240,data/raw/arducam/depth/1751163495.npy,data/raw/arducam/confidence/1751163495.npy,data/processed/arducam/pose_coco17/1751163495.json,
1751163496,2025-06-29T02:18:16Z,scene_002,train,true,13,180,240,data/raw/arducam/depth/1751163496.npy,data/raw/arducam/confidence/1751163496.npy,data/processed/arducam/pose_coco17/1751163496.json,
1751163497,2025-06-29T02:18:17Z,scene_002,train,true,13,180,240,data/raw/arducam/depth/1751163497.npy,data/raw/arducam/confidence/1751163497.npy,data/processed/arducam/pose_coco17/1751163497.json,
1751163498,2025-06-29T02:18:18Z,scene_002,train,true,13,180,240,data/raw/arducam/depth/1751163498.npy,data/raw/arducam/confidence/1751163498.npy,data/processed/arducam/pose_coco17/1751163498.json,
1751163499,2025-06-29T02:18:19Z,scene_002,train,true,13,180,240,data/raw/arducam/depth/1751163499.npy,data/raw/arducam/confidence/1751163499.npy,data/processed/arducam/pose_coco17/1751163499.json,
1751163500,2025-06-29T02:18:20Z,scene_002,train,true,13,180,240,data/raw/arducam/depth/1751163500.npy,data/raw/arducam/confidence/1751163500.npy,data/processed/arducam/pose_coco17/1751163500.json,
1751163501,2025-06-29T02:18:21Z,scene_002,train,true,16,180,240,data/raw/arducam/depth/1751163501.npy,data/raw/arducam/confidence/1751163501.npy,data/processed/arducam/pose_coco17/1751163501.json,
1751163502,2025-06-29T02:18:22Z,scene_002,train,true,17,180,240,data/raw/arducam/depth/1751163502.npy,data/raw/arducam/confidence/1751163502.npy,data/processed/arducam/pose_coco17/1751163502.json,
1751163503,2025-06-29T02:18:23Z,scene_002,train,true,17,180,240,data/raw/arducam/depth/1751163503.npy,data/raw/arducam/confidence/1751163503.npy,data/processed/arducam/pose_coco17/1751163503.json,
1751163504,2025-06-29T02:18:24Z,scene_002,train,true,17,180,240,data/raw/arducam/depth/1751163504.npy,data/raw/arducam/confidence/1751163504.npy,data/processed/arducam/pose_coco17/1751163504.json,
1751163505,2025-06-29T02:18:25Z,scene_002,train,true,17,180,240,data/raw/arducam/depth/1751163505.npy,data/raw/arducam/confidence/1751163505.npy,data/processed/arducam/pose_coco17/1751163505.json,
1751163506,2025-06-29T02:18:26Z,scene_002,train,true,17,180,240,data/raw/arducam/depth/1751163506.npy,data/raw/arducam/confidence/1751163506.npy,data/processed/arducam/pose_coco17/1751163506.json,
1751163507,2025-06-29T02:18:27Z,scene_002,train,true,17,180,240,data/raw/arducam/depth/1751163507.npy,data/raw/arducam/confidence/1751163507.npy,data/processed/arducam/pose_coco17/1751163507.json,
1751163508,2025-06-29T02:18:28Z,scene_002,train,true,17,180,240,data/raw/arducam/depth/1751163508.npy,data/raw/arducam/confidence/1751163508.npy,data/processed/arducam/pose_coco17/1751163508.json,
1751163509,2025-06-29T02:18:29Z,scene_002,train,true,17,180,240,data/raw/arducam/depth/1751163509.npy,data/raw/arducam/confidence/1751163509.npy,data/processed/arducam/pose_coco17/1751163509.json,
1751163510,2025-06-29T02:18:30Z,scene_002,train,true,16,180,240,data/raw/arducam/depth/1751163510.npy,data/raw/arducam/confidence/1751163510.npy,data/processed/arducam/pose_coco17/1751163510.json,
1751163511,2025-06-29T02:18:31Z,scene_002,train,true,14,180,240,data/raw/arducam/depth/1751163511.npy,data/raw/arducam/confidence/1751163511.npy,data/processed/arducam/pose_coco17/1751163511.json,
1751163512,2025-06-29T02:18:32Z,scene_002,train,true,14,180,240,data/raw/arducam/depth/1751163512.npy,data/raw/arducam/confidence/1751163512.npy,data/processed/arducam/pose_coco17/1751163512.json,
1751163513,2025-06-29T02:18:33Z,scene_002,train,true,15,180,240,data/raw/arducam/depth/1751163513.npy,data/raw/arducam/confidence/1751163513.npy,data/processed/arducam/pose_coco17/1751163513.json,
1751163514,2025-06-29T02:18:34Z,scene_002,train,true,14,180,240,data/raw/arducam/depth/1751163514.npy,data/raw/arducam/confidence/1751163514.npy,data/processed/arducam/pose_coco17/1751163514.json,
1751163515,2025-06-29T02:18:35Z,scene_002,train,true,15,180,240,data/raw/arducam/depth/1751163515.npy,data/raw/arducam/confidence/1751163515.npy,data/processed/arducam/pose_coco17/1751163515.json,
1751163516,2025-06-29T02:18:36Z,scene_002,train,true,14,180,240,data/raw/arducam/depth/1751163516.npy,data/raw/arducam/confidence/1751163516.npy,data/processed/arducam/pose_coco17/1751163516.json,
1751163517,2025-06-29T02:18:37Z,scene_002,train,true,15,180,240,data/raw/arducam/depth/1751163517.npy,data/raw/arducam/confidence/1751163517.npy,data/processed/arducam/pose_coco17/1751163517.json,
1751163518,2025-06-29T02:18:38Z,scene_002,train,true,15,180,240,data/raw/arducam/depth/1751163518.npy,data/raw/arducam/confidence/1751163518.npy,data/processed/arducam/pose_coco17/1751163518.json,
1751163519,2025-06-29T02:18:39Z,scene_002,train,true,15,180,240,data/raw/arducam/depth/1751163519.npy,data/raw/arducam/confidence/1751163519.npy,data/processed/arducam/pose_coco17/1751163519.json,
1751163520,2025-06-29T02:18:40Z,scene_002,train,true,15,180,240,data/raw/arducam/depth/1751163520.npy,data/raw/arducam/confidence/1751163520.npy,data/processed/arducam/pose_coco17/1751163520.json,
1751163521,2025-06-29T02:18:41Z,scene_002,train,true,15,180,240,data/raw/arducam/depth/1751163521.npy,data/raw/arducam/confidence/1751163521.npy,data/processed/arducam/pose_coco17/1751163521.json,
1751163522,2025-06-29T02:18:42Z,scene_002,train,true,15,180,240,data/raw/arducam/depth/1751163522.npy,data/raw/arducam/confidence/1751163522.npy,data/processed/arducam/pose_coco17/1751163522.json,
1751163523,2025-06-29T02:18:43Z,scene_002,train,true,16,180,240,data/raw/arducam/depth/1751163523.npy,data/raw/arducam/confidence/1751163523.npy,data/processed/arducam/pose_coco17/1751163523.json,
1751163524,2025-06-29T02:18:44Z,scene_002,train,true,13,180,240,data/raw/arducam/depth/1751163524.npy,data/raw/arducam/confidence/1751163524.npy,data/processed/arducam/pose_coco17/1751163524.json,
1751163525,2025-06-29T02:18:45Z,scene_002,train,true,15,180,240,data/raw/arducam/depth/1751163525.npy,data/raw/arducam/confidence/1751163525.npy,data/processed/arducam/pose_coco17/1751163525.json,
1751163526,2025-06-29T02:18:46Z,scene_002,train,false,11,180,240,data/raw/arducam/depth/1751163526.npy,data/raw/arducam/confidence/1751163526.npy,data/processed/arducam/pose_coco17/1751163526.json,fewer_than_12_valid_keypoints
1751163527,2025-06-29T02:18:47Z,scene_002,train,true,13,180,240,data/raw/arducam/depth/1751163527.npy,data/raw/arducam/confidence/1751163527.npy,data/processed/arducam/pose_coco17/1751163527.json,
1751163528,2025-06-29T02:18:48Z,scene_002,train,true,13,180,240,data/raw/arducam/depth/1751163528.npy,data/raw/arducam/confidence/1751163528.npy,data/processed/arducam/pose_coco17/1751163528.json,
1751163529,2025-06-29T02:18:49Z,scene_002,train,true,15,180,240,data/raw/arducam/depth/1751163529.npy,data/raw/arducam/confidence/1751163529.npy,data/processed/arducam/pose_coco17/1751163529.json,
1751163530,2025-06-29T02:18:50Z,scene_002,train,true,17,180,240,data/raw/arducam/depth/1751163530.npy,data/raw/arducam/confidence/1751163530.npy,data/processed/arducam/pose_coco17/1751163530.json,
1751163531,2025-06-29T02:18:51Z,scene_002,train,true,16,180,240,data/raw/arducam/depth/1751163531.npy,data/raw/arducam/confidence/1751163531.npy,data/processed/arducam/pose_coco17/1751163531.json,
1751163532,2025-06-29T02:18:52Z,scene_002,train,true,16,180,240,data/raw/arducam/depth/1751163532.npy,data/raw/arducam/confidence/1751163532.npy,data/processed/arducam/pose_coco17/1751163532.json,
1751163533,2025-06-29T02:18:53Z,scene_002,train,true,16,180,240,data/raw/arducam/depth/1751163533.npy,data/raw/arducam/confidence/1751163533.npy,data/processed/arducam/pose_coco17/1751163533.json,
1751163534,2025-06-29T02:18:54Z,scene_002,train,true,17,180,240,data/raw/arducam/depth/1751163534.npy,data/raw/arducam/confidence/1751163534.npy,data/processed/arducam/pose_coco17/1751163534.json,
1751163535,2025-06-29T02:18:55Z,scene_002,train,false,11,180,240,data/raw/arducam/depth/1751163535.npy,data/raw/arducam/confidence/1751163535.npy,data/processed/arducam/pose_coco17/1751163535.json,fewer_than_12_valid_keypoints
1751163536,2025-06-29T02:18:56Z,scene_002,train,true,17,180,240,data/raw/arducam/depth/1751163536.npy,data/raw/arducam/confidence/1751163536.npy,data/processed/arducam/pose_coco17/1751163536.json,
1751163537,2025-06-29T02:18:57Z,scene_002,train,true,17,180,240,data/raw/arducam/depth/1751163537.npy,data/raw/arducam/confidence/1751163537.npy,data/processed/arducam/pose_coco17/1751163537.json,
1751163538,2025-06-29T02:18:58Z,scene_002,train,true,17,180,240,data/raw/arducam/depth/1751163538.npy,data/raw/arducam/confidence/1751163538.npy,data/processed/arducam/pose_coco17/1751163538.json,
1751163539,2025-06-29T02:18:59Z,scene_002,train,true,17,180,240,data/raw/arducam/depth/1751163539.npy,data/raw/arducam/confidence/1751163539.npy,data/processed/arducam/pose_coco17/1751163539.json,
1751163540,2025-06-29T02:19:00Z,scene_002,train,true,17,180,240,data/raw/arducam/depth/1751163540.npy,data/raw/arducam/confidence/1751163540.npy,data/processed/arducam/pose_coco17/1751163540.json,
1751163541,2025-06-29T02:19:01Z,scene_002,train,true,15,180,240,data/raw/arducam/depth/1751163541.npy,data/raw/arducam/confidence/1751163541.npy,data/processed/arducam/pose_coco17/1751163541.json,
1751163542,2025-06-29T02:19:02Z,scene_002,train,false,2,180,240,data/raw/arducam/depth/1751163542.npy,data/raw/arducam/confidence/1751163542.npy,data/processed/arducam/pose_coco17/1751163542.json,fewer_than_12_valid_keypoints
1751163543,2025-06-29T02:19:03Z,scene_002,train,false,1,180,240,data/raw/arducam/depth/1751163543.npy,data/raw/arducam/confidence/1751163543.npy,data/processed/arducam/pose_coco17/1751163543.json,fewer_than_12_valid_keypoints
1751163544,2025-06-29T02:19:04Z,scene_002,train,false,7,180,240,data/raw/arducam/depth/1751163544.npy,data/raw/arducam/confidence/1751163544.npy,data/processed/arducam/pose_coco17/1751163544.json,fewer_than_12_valid_keypoints
1751163545,2025-06-29T02:19:05Z,scene_002,train,true,17,180,240,data/raw/arducam/depth/1751163545.npy,data/raw/arducam/confidence/1751163545.npy,data/processed/arducam/pose_coco17/1751163545.json,
1751163546,2025-06-29T02:19:06Z,scene_002,train,true,17,180,240,data/raw/arducam/depth/1751163546.npy,data/raw/arducam/confidence/1751163546.npy,data/processed/arducam/pose_coco17/1751163546.json,
1751163547,2025-06-29T02:19:07Z,scene_002,train,true,17,180,240,data/raw/arducam/depth/1751163547.npy,data/raw/arducam/confidence/1751163547.npy,data/processed/arducam/pose_coco17/1751163547.json,
1751163548,2025-06-29T02:19:08Z,scene_002,train,true,17,180,240,data/raw/arducam/depth/1751163548.npy,data/raw/arducam/confidence/1751163548.npy,data/processed/arducam/pose_coco17/1751163548.json,
1751163549,2025-06-29T02:19:09Z,scene_002,train,true,17,180,240,data/raw/arducam/depth/1751163549.npy,data/raw/arducam/confidence/1751163549.npy,data/processed/arducam/pose_coco17/1751163549.json,
1751163550,2025-06-29T02:19:10Z,scene_002,train,true,17,180,240,data/raw/arducam/depth/1751163550.npy,data/raw/arducam/confidence/1751163550.npy,data/processed/arducam/pose_coco17/1751163550.json,
1751163551,2025-06-29T02:19:11Z,scene_002,train,true,17,180,240,data/raw/arducam/depth/1751163551.npy,data/raw/arducam/confidence/1751163551.npy,data/processed/arducam/pose_coco17/1751163551.json,
1751163552,2025-06-29T02:19:12Z,scene_002,train,true,17,180,240,data/raw/arducam/depth/1751163552.npy,data/raw/arducam/confidence/1751163552.npy,data/processed/arducam/pose_coco17/1751163552.json,
1751163553,2025-06-29T02:19:13Z,scene_002,train,true,17,180,240,data/raw/arducam/depth/1751163553.npy,data/raw/arducam/confidence/1751163553.npy,data/processed/arducam/pose_coco17/1751163553.json,
1751163554,2025-06-29T02:19:14Z,scene_002,train,true,17,180,240,data/raw/arducam/depth/1751163554.npy,data/raw/arducam/confidence/1751163554.npy,data/processed/arducam/pose_coco17/1751163554.json,
1751163555,2025-06-29T02:19:15Z,scene_002,train,true,17,180,240,data/raw/arducam/depth/1751163555.npy,data/raw/arducam/confidence/1751163555.npy,data/processed/arducam/pose_coco17/1751163555.json,
1751163556,2025-06-29T02:19:16Z,scene_002,train,true,17,180,240,data/raw/arducam/depth/1751163556.npy,data/raw/arducam/confidence/1751163556.npy,data/processed/arducam/pose_coco17/1751163556.json,
1751163557,2025-06-29T02:19:17Z,scene_002,train,true,17,180,240,data/raw/arducam/depth/1751163557.npy,data/raw/arducam/confidence/1751163557.npy,data/processed/arducam/pose_coco17/1751163557.json,
1751163558,2025-06-29T02:19:18Z,scene_002,train,true,17,180,240,data/raw/arducam/depth/1751163558.npy,data/raw/arducam/confidence/1751163558.npy,data/processed/arducam/pose_coco17/1751163558.json,
1751163559,2025-06-29T02:19:19Z,scene_002,train,true,17,180,240,data/raw/arducam/depth/1751163559.npy,data/raw/arducam/confidence/1751163559.npy,data/processed/arducam/pose_coco17/1751163559.json,
1751163560,2025-06-29T02:19:20Z,scene_002,train,true,17,180,240,data/raw/arducam/depth/1751163560.npy,data/raw/arducam/confidence/1751163560.npy,data/processed/arducam/pose_coco17/1751163560.json,
1751163561,2025-06-29T02:19:21Z,scene_002,train,true,17,180,240,data/raw/arducam/depth/1751163561.npy,data/raw/arducam/confidence/1751163561.npy,data/processed/arducam/pose_coco17/1751163561.json,
1751163562,2025-06-29T02:19:22Z,scene_002,train,true,17,180,240,data/raw/arducam/depth/1751163562.npy,data/raw/arducam/confidence/1751163562.npy,data/processed/arducam/pose_coco17/1751163562.json,
1751163563,2025-06-29T02:19:23Z,scene_002,train,true,17,180,240,data/raw/arducam/depth/1751163563.npy,data/raw/arducam/confidence/1751163563.npy,data/processed/arducam/pose_coco17/1751163563.json,
1751163564,2025-06-29T02:19:24Z,scene_002,train,true,17,180,240,data/raw/arducam/depth/1751163564.npy,data/raw/arducam/confidence/1751163564.npy,data/processed/arducam/pose_coco17/1751163564.json,
1751163565,2025-06-29T02:19:25Z,scene_002,train,true,17,180,240,data/raw/arducam/depth/1751163565.npy,data/raw/arducam/confidence/1751163565.npy,data/processed/arducam/pose_coco17/1751163565.json,
1751163566,2025-06-29T02:19:26Z,scene_002,train,true,17,180,240,data/raw/arducam/depth/1751163566.npy,data/raw/arducam/confidence/1751163566.npy,data/processed/arducam/pose_coco17/1751163566.json,
1751163567,2025-06-29T02:19:27Z,scene_002,train,true,17,180,240,data/raw/arducam/depth/1751163567.npy,data/raw/arducam/confidence/1751163567.npy,data/processed/arducam/pose_coco17/1751163567.json,
1751163568,2025-06-29T02:19:28Z,scene_002,train,true,17,180,240,data/raw/arducam/depth/1751163568.npy,data/raw/arducam/confidence/1751163568.npy,data/processed/arducam/pose_coco17/1751163568.json,
1751163569,2025-06-29T02:19:29Z,scene_002,train,true,17,180,240,data/raw/arducam/depth/1751163569.npy,data/raw/arducam/confidence/1751163569.npy,data/processed/arducam/pose_coco17/1751163569.json,
1751163570,2025-06-29T02:19:30Z,scene_002,train,true,17,180,240,data/raw/arducam/depth/1751163570.npy,data/raw/arducam/confidence/1751163570.npy,data/processed/arducam/pose_coco17/1751163570.json,
1751163571,2025-06-29T02:19:31Z,scene_002,train,true,17,180,240,data/raw/arducam/depth/1751163571.npy,data/raw/arducam/confidence/1751163571.npy,data/processed/arducam/pose_coco17/1751163571.json,
1751163572,2025-06-29T02:19:32Z,scene_002,train,true,17,180,240,data/raw/arducam/depth/1751163572.npy,data/raw/arducam/confidence/1751163572.npy,data/processed/arducam/pose_coco17/1751163572.json,
1751163573,2025-06-29T02:19:33Z,scene_002,train,true,17,180,240,data/raw/arducam/depth/1751163573.npy,data/raw/arducam/confidence/1751163573.npy,data/processed/arducam/pose_coco17/1751163573.json,
1751163574,2025-06-29T02:19:34Z,scene_002,train,true,17,180,240,data/raw/arducam/depth/1751163574.npy,data/raw/arducam/confidence/1751163574.npy,data/processed/arducam/pose_coco17/1751163574.json,
1751163575,2025-06-29T02:19:35Z,scene_002,train,true,17,180,240,data/raw/arducam/depth/1751163575.npy,data/raw/arducam/confidence/1751163575.npy,data/processed/arducam/pose_coco17/1751163575.json,
1751163576,2025-06-29T02:19:36Z,scene_002,train,true,17,180,240,data/raw/arducam/depth/1751163576.npy,data/raw/arducam/confidence/1751163576.npy,data/processed/arducam/pose_coco17/1751163576.json,
1751163577,2025-06-29T02:19:37Z,scene_002,train,true,17,180,240,data/raw/arducam/depth/1751163577.npy,data/raw/arducam/confidence/1751163577.npy,data/processed/arducam/pose_coco17/1751163577.json,
1751163578,2025-06-29T02:19:38Z,scene_002,train,true,17,180,240,data/raw/arducam/depth/1751163578.npy,data/raw/arducam/confidence/1751163578.npy,data/processed/arducam/pose_coco17/1751163578.json,
1751163579,2025-06-29T02:19:39Z,scene_002,train,true,17,180,240,data/raw/arducam/depth/1751163579.npy,data/raw/arducam/confidence/1751163579.npy,data/processed/arducam/pose_coco17/1751163579.json,
1751163580,2025-06-29T02:19:40Z,scene_002,train,true,17,180,240,data/raw/arducam/depth/1751163580.npy,data/raw/arducam/confidence/1751163580.npy,data/processed/arducam/pose_coco17/1751163580.json,
1751163581,2025-06-29T02:19:41Z,scene_002,train,true,17,180,240,data/raw/arducam/depth/1751163581.npy,data/raw/arducam/confidence/1751163581.npy,data/processed/arducam/pose_coco17/1751163581.json,
1751163582,2025-06-29T02:19:42Z,scene_002,train,true,17,180,240,data/raw/arducam/depth/1751163582.npy,data/raw/arducam/confidence/1751163582.npy,data/processed/arducam/pose_coco17/1751163582.json,
1751163583,2025-06-29T02:19:43Z,scene_002,train,true,17,180,240,data/raw/arducam/depth/1751163583.npy,data/raw/arducam/confidence/1751163583.npy,data/processed/arducam/pose_coco17/1751163583.json,
1751163584,2025-06-29T02:19:44Z,scene_002,train,true,17,180,240,data/raw/arducam/depth/1751163584.npy,data/raw/arducam/confidence/1751163584.npy,data/processed/arducam/pose_coco17/1751163584.json,
1751163585,2025-06-29T02:19:45Z,scene_002,train,true,17,180,240,data/raw/arducam/depth/1751163585.npy,data/raw/arducam/confidence/1751163585.npy,data/processed/arducam/pose_coco17/1751163585.json,
1751163586,2025-06-29T02:19:46Z,scene_002,train,true,17,180,240,data/raw/arducam/depth/1751163586.npy,data/raw/arducam/confidence/1751163586.npy,data/processed/arducam/pose_coco17/1751163586.json,
1751163587,2025-06-29T02:19:47Z,scene_002,train,true,17,180,240,data/raw/arducam/depth/1751163587.npy,data/raw/arducam/confidence/1751163587.npy,data/processed/arducam/pose_coco17/1751163587.json,
1751163588,2025-06-29T02:19:48Z,scene_002,train,true,17,180,240,data/raw/arducam/depth/1751163588.npy,data/raw/arducam/confidence/1751163588.npy,data/processed/arducam/pose_coco17/1751163588.json,
1751163589,2025-06-29T02:19:49Z,scene_002,train,true,17,180,240,data/raw/arducam/depth/1751163589.npy,data/raw/arducam/confidence/1751163589.npy,data/processed/arducam/pose_coco17/1751163589.json,
1751163590,2025-06-29T02:19:50Z,scene_002,train,true,17,180,240,data/raw/arducam/depth/1751163590.npy,data/raw/arducam/confidence/1751163590.npy,data/processed/arducam/pose_coco17/1751163590.json,
1751163591,2025-06-29T02:19:51Z,scene_002,train,true,17,180,240,data/raw/arducam/depth/1751163591.npy,data/raw/arducam/confidence/1751163591.npy,data/processed/arducam/pose_coco17/1751163591.json,
1751163592,2025-06-29T02:19:52Z,scene_002,train,true,17,180,240,data/raw/arducam/depth/1751163592.npy,data/raw/arducam/confidence/1751163592.npy,data/processed/arducam/pose_coco17/1751163592.json,
1751163593,2025-06-29T02:19:53Z,scene_002,train,true,17,180,240,data/raw/arducam/depth/1751163593.npy,data/raw/arducam/confidence/1751163593.npy,data/processed/arducam/pose_coco17/1751163593.json,
1751163594,2025-06-29T02:19:54Z,scene_002,train,true,15,180,240,data/raw/arducam/depth/1751163594.npy,data/raw/arducam/confidence/1751163594.npy,data/processed/arducam/pose_coco17/1751163594.json,
1751163595,2025-06-29T02:19:55Z,scene_002,train,true,17,180,240,data/raw/arducam/depth/1751163595.npy,data/raw/arducam/confidence/1751163595.npy,data/processed/arducam/pose_coco17/1751163595.json,
1751163596,2025-06-29T02:19:56Z,scene_002,train,true,17,180,240,data/raw/arducam/depth/1751163596.npy,data/raw/arducam/confidence/1751163596.npy,data/processed/arducam/pose_coco17/1751163596.json,
1751163597,2025-06-29T02:19:57Z,scene_002,train,true,17,180,240,data/raw/arducam/depth/1751163597.npy,data/raw/arducam/confidence/1751163597.npy,data/processed/arducam/pose_coco17/1751163597.json,
1751163598,2025-06-29T02:19:58Z,scene_002,train,true,15,180,240,data/raw/arducam/depth/1751163598.npy,data/raw/arducam/confidence/1751163598.npy,data/processed/arducam/pose_coco17/1751163598.json,
1751163599,2025-06-29T02:19:59Z,scene_002,train,true,17,180,240,data/raw/arducam/depth/1751163599.npy,data/raw/arducam/confidence/1751163599.npy,data/processed/arducam/pose_coco17/1751163599.json,
1751163600,2025-06-29T02:20:00Z,scene_002,train,true,16,180,240,data/raw/arducam/depth/1751163600.npy,data/raw/arducam/confidence/1751163600.npy,data/processed/arducam/pose_coco17/1751163600.json,
1751163601,2025-06-29T02:20:01Z,scene_002,train,false,11,180,240,data/raw/arducam/depth/1751163601.npy,data/raw/arducam/confidence/1751163601.npy,data/processed/arducam/pose_coco17/1751163601.json,fewer_than_12_valid_keypoints
1751163602,2025-06-29T02:20:02Z,scene_002,train,false,6,180,240,data/raw/arducam/depth/1751163602.npy,data/raw/arducam/confidence/1751163602.npy,data/processed/arducam/pose_coco17/1751163602.json,fewer_than_12_valid_keypoints
1751163603,2025-06-29T02:20:03Z,scene_002,train,false,5,180,240,data/raw/arducam/depth/1751163603.npy,data/raw/arducam/confidence/1751163603.npy,data/processed/arducam/pose_coco17/1751163603.json,fewer_than_12_valid_keypoints
1751163604,2025-06-29T02:20:04Z,scene_002,train,false,5,180,240,data/raw/arducam/depth/1751163604.npy,data/raw/arducam/confidence/1751163604.npy,data/processed/arducam/pose_coco17/1751163604.json,fewer_than_12_valid_keypoints
1751163605,2025-06-29T02:20:05Z,scene_002,train,false,2,180,240,data/raw/arducam/depth/1751163605.npy,data/raw/arducam/confidence/1751163605.npy,data/processed/arducam/pose_coco17/1751163605.json,fewer_than_12_valid_keypoints
1751244027,2025-06-30T00:40:27Z,scene_003,train,true,16,180,240,data/raw/arducam/depth/1751244027.npy,data/raw/arducam/confidence/1751244027.npy,data/processed/arducam/pose_coco17/1751244027.json,
1751244028,2025-06-30T00:40:28Z,scene_003,train,true,15,180,240,data/raw/arducam/depth/1751244028.npy,data/raw/arducam/confidence/1751244028.npy,data/processed/arducam/pose_coco17/1751244028.json,
1751244029,2025-06-30T00:40:29Z,scene_003,train,true,13,180,240,data/raw/arducam/depth/1751244029.npy,data/raw/arducam/confidence/1751244029.npy,data/processed/arducam/pose_coco17/1751244029.json,
1751244030,2025-06-30T00:40:30Z,scene_003,train,true,13,180,240,data/raw/arducam/depth/1751244030.npy,data/raw/arducam/confidence/1751244030.npy,data/processed/arducam/pose_coco17/1751244030.json,
1751244031,2025-06-30T00:40:31Z,scene_003,train,true,15,180,240,data/raw/arducam/depth/1751244031.npy,data/raw/arducam/confidence/1751244031.npy,data/processed/arducam/pose_coco17/1751244031.json,
1751244032,2025-06-30T00:40:32Z,scene_003,train,true,15,180,240,data/raw/arducam/depth/1751244032.npy,data/raw/arducam/confidence/1751244032.npy,data/processed/arducam/pose_coco17/1751244032.json,
1751244033,2025-06-30T00:40:33Z,scene_003,train,true,15,180,240,data/raw/arducam/depth/1751244033.npy,data/raw/arducam/confidence/1751244033.npy,data/processed/arducam/pose_coco17/1751244033.json,
1751244034,2025-06-30T00:40:34Z,scene_003,train,true,17,180,240,data/raw/arducam/depth/1751244034.npy,data/raw/arducam/confidence/1751244034.npy,data/processed/arducam/pose_coco17/1751244034.json,
1751244035,2025-06-30T00:40:35Z,scene_003,train,true,17,180,240,data/raw/arducam/depth/1751244035.npy,data/raw/arducam/confidence/1751244035.npy,data/processed/arducam/pose_coco17/1751244035.json,
1751244036,2025-06-30T00:40:36Z,scene_003,train,true,17,180,240,data/raw/arducam/depth/1751244036.npy,data/raw/arducam/confidence/1751244036.npy,data/processed/arducam/pose_coco17/1751244036.json,
1751244037,2025-06-30T00:40:37Z,scene_003,train,true,17,180,240,data/raw/arducam/depth/1751244037.npy,data/raw/arducam/confidence/1751244037.npy,data/processed/arducam/pose_coco17/1751244037.json,
1751244038,2025-06-30T00:40:38Z,scene_003,train,true,17,180,240,data/raw/arducam/depth/1751244038.npy,data/raw/arducam/confidence/1751244038.npy,data/processed/arducam/pose_coco17/1751244038.json,
1751244052,2025-06-30T00:40:52Z,scene_003,train,true,17,180,240,data/raw/arducam/depth/1751244052.npy,data/raw/arducam/confidence/1751244052.npy,data/processed/arducam/pose_coco17/1751244052.json,
1751244053,2025-06-30T00:40:53Z,scene_003,train,true,17,180,240,data/raw/arducam/depth/1751244053.npy,data/raw/arducam/confidence/1751244053.npy,data/processed/arducam/pose_coco17/1751244053.json,
1751244054,2025-06-30T00:40:54Z,scene_003,train,true,17,180,240,data/raw/arducam/depth/1751244054.npy,data/raw/arducam/confidence/1751244054.npy,data/processed/arducam/pose_coco17/1751244054.json,
1751244060,2025-06-30T00:41:00Z,scene_003,train,true,17,180,240,data/raw/arducam/depth/1751244060.npy,data/raw/arducam/confidence/1751244060.npy,data/processed/arducam/pose_coco17/1751244060.json,
1751244061,2025-06-30T00:41:01Z,scene_003,train,true,17,180,240,data/raw/arducam/depth/1751244061.npy,data/raw/arducam/confidence/1751244061.npy,data/processed/arducam/pose_coco17/1751244061.json,
1751244062,2025-06-30T00:41:02Z,scene_003,train,true,17,180,240,data/raw/arducam/depth/1751244062.npy,data/raw/arducam/confidence/1751244062.npy,data/processed/arducam/pose_coco17/1751244062.json,
1751244063,2025-06-30T00:41:03Z,scene_003,train,true,17,180,240,data/raw/arducam/depth/1751244063.npy,data/raw/arducam/confidence/1751244063.npy,data/processed/arducam/pose_coco17/1751244063.json,
1751244064,2025-06-30T00:41:04Z,scene_003,train,true,17,180,240,data/raw/arducam/depth/1751244064.npy,data/raw/arducam/confidence/1751244064.npy,data/processed/arducam/pose_coco17/1751244064.json,
1751244065,2025-06-30T00:41:05Z,scene_003,train,true,17,180,240,data/raw/arducam/depth/1751244065.npy,data/raw/arducam/confidence/1751244065.npy,data/processed/arducam/pose_coco17/1751244065.json,
1751244067,2025-06-30T00:41:07Z,scene_003,train,true,17,180,240,data/raw/arducam/depth/1751244067.npy,data/raw/arducam/confidence/1751244067.npy,data/processed/arducam/pose_coco17/1751244067.json,
1751244068,2025-06-30T00:41:08Z,scene_003,train,true,17,180,240,data/raw/arducam/depth/1751244068.npy,data/raw/arducam/confidence/1751244068.npy,data/processed/arducam/pose_coco17/1751244068.json,
1751244069,2025-06-30T00:41:09Z,scene_003,train,true,15,180,240,data/raw/arducam/depth/1751244069.npy,data/raw/arducam/confidence/1751244069.npy,data/processed/arducam/pose_coco17/1751244069.json,
1751244070,2025-06-30T00:41:10Z,scene_003,train,true,17,180,240,data/raw/arducam/depth/1751244070.npy,data/raw/arducam/confidence/1751244070.npy,data/processed/arducam/pose_coco17/1751244070.json,
1751244071,2025-06-30T00:41:11Z,scene_003,train,true,17,180,240,data/raw/arducam/depth/1751244071.npy,data/raw/arducam/confidence/1751244071.npy,data/processed/arducam/pose_coco17/1751244071.json,
1751244075,2025-06-30T00:41:15Z,scene_003,train,false,4,180,240,data/raw/arducam/depth/1751244075.npy,data/raw/arducam/confidence/1751244075.npy,data/processed/arducam/pose_coco17/1751244075.json,fewer_than_12_valid_keypoints
1751244076,2025-06-30T00:41:16Z,scene_003,train,false,8,180,240,data/raw/arducam/depth/1751244076.npy,data/raw/arducam/confidence/1751244076.npy,data/processed/arducam/pose_coco17/1751244076.json,fewer_than_12_valid_keypoints
1751244077,2025-06-30T00:41:17Z,scene_003,train,false,11,180,240,data/raw/arducam/depth/1751244077.npy,data/raw/arducam/confidence/1751244077.npy,data/processed/arducam/pose_coco17/1751244077.json,fewer_than_12_valid_keypoints
1751244078,2025-06-30T00:41:18Z,scene_003,train,true,15,180,240,data/raw/arducam/depth/1751244078.npy,data/raw/arducam/confidence/1751244078.npy,data/processed/arducam/pose_coco17/1751244078.json,
1751244079,2025-06-30T00:41:19Z,scene_003,train,true,15,180,240,data/raw/arducam/depth/1751244079.npy,data/raw/arducam/confidence/1751244079.npy,data/processed/arducam/pose_coco17/1751244079.json,
1751244080,2025-06-30T00:41:20Z,scene_003,train,true,12,180,240,data/raw/arducam/depth/1751244080.npy,data/raw/arducam/confidence/1751244080.npy,data/processed/arducam/pose_coco17/1751244080.json,
1751244081,2025-06-30T00:41:21Z,scene_003,train,true,17,180,240,data/raw/arducam/depth/1751244081.npy,data/raw/arducam/confidence/1751244081.npy,data/processed/arducam/pose_coco17/1751244081.json,
1751244082,2025-06-30T00:41:22Z,scene_003,train,true,17,180,240,data/raw/arducam/depth/1751244082.npy,data/raw/arducam/confidence/1751244082.npy,data/processed/arducam/pose_coco17/1751244082.json,
1751244083,2025-06-30T00:41:23Z,scene_003,train,true,17,180,240,data/raw/arducam/depth/1751244083.npy,data/raw/arducam/confidence/1751244083.npy,data/processed/arducam/pose_coco17/1751244083.json,
1751244084,2025-06-30T00:41:24Z,scene_003,train,true,16,180,240,data/raw/arducam/depth/1751244084.npy,data/raw/arducam/confidence/1751244084.npy,data/processed/arducam/pose_coco17/1751244084.json,
1751244085,2025-06-30T00:41:25Z,scene_003,train,true,15,180,240,data/raw/arducam/depth/1751244085.npy,data/raw/arducam/confidence/1751244085.npy,data/processed/arducam/pose_coco17/1751244085.json,
1751244086,2025-06-30T00:41:26Z,scene_003,train,true,15,180,240,data/raw/arducam/depth/1751244086.npy,data/raw/arducam/confidence/1751244086.npy,data/processed/arducam/pose_coco17/1751244086.json,
1751244087,2025-06-30T00:41:27Z,scene_003,train,true,15,180,240,data/raw/arducam/depth/1751244087.npy,data/raw/arducam/confidence/1751244087.npy,data/processed/arducam/pose_coco17/1751244087.json,
1751244088,2025-06-30T00:41:28Z,scene_003,train,true,14,180,240,data/raw/arducam/depth/1751244088.npy,data/raw/arducam/confidence/1751244088.npy,data/processed/arducam/pose_coco17/1751244088.json,
1751244089,2025-06-30T00:41:29Z,scene_003,train,true,14,180,240,data/raw/arducam/depth/1751244089.npy,data/raw/arducam/confidence/1751244089.npy,data/processed/arducam/pose_coco17/1751244089.json,
1751244090,2025-06-30T00:41:30Z,scene_003,train,true,15,180,240,data/raw/arducam/depth/1751244090.npy,data/raw/arducam/confidence/1751244090.npy,data/processed/arducam/pose_coco17/1751244090.json,
1751244091,2025-06-30T00:41:31Z,scene_003,train,true,14,180,240,data/raw/arducam/depth/1751244091.npy,data/raw/arducam/confidence/1751244091.npy,data/processed/arducam/pose_coco17/1751244091.json,
1751244092,2025-06-30T00:41:32Z,scene_003,train,true,15,180,240,data/raw/arducam/depth/1751244092.npy,data/raw/arducam/confidence/1751244092.npy,data/processed/arducam/pose_coco17/1751244092.json,
1751244093,2025-06-30T00:41:33Z,scene_003,train,true,17,180,240,data/raw/arducam/depth/1751244093.npy,data/raw/arducam/confidence/1751244093.npy,data/processed/arducam/pose_coco17/1751244093.json,
1751244094,2025-06-30T00:41:34Z,scene_003,train,true,17,180,240,data/raw/arducam/depth/1751244094.npy,data/raw/arducam/confidence/1751244094.npy,data/processed/arducam/pose_coco17/1751244094.json,
1751244095,2025-06-30T00:41:35Z,scene_003,train,true,17,180,240,data/raw/arducam/depth/1751244095.npy,data/raw/arducam/confidence/1751244095.npy,data/processed/arducam/pose_coco17/1751244095.json,
1751244096,2025-06-30T00:41:36Z,scene_003,train,true,17,180,240,data/raw/arducam/depth/1751244096.npy,data/raw/arducam/confidence/1751244096.npy,data/processed/arducam/pose_coco17/1751244096.json,
1751244097,2025-06-30T00:41:37Z,scene_003,train,true,15,180,240,data/raw/arducam/depth/1751244097.npy,data/raw/arducam/confidence/1751244097.npy,data/processed/arducam/pose_coco17/1751244097.json,
1751244098,2025-06-30T00:41:38Z,scene_003,train,true,15,180,240,data/raw/arducam/depth/1751244098.npy,data/raw/arducam/confidence/1751244098.npy,data/processed/arducam/pose_coco17/1751244098.json,
1751244099,2025-06-30T00:41:39Z,scene_003,train,true,15,180,240,data/raw/arducam/depth/1751244099.npy,data/raw/arducam/confidence/1751244099.npy,data/processed/arducam/pose_coco17/1751244099.json,
1751244100,2025-06-30T00:41:40Z,scene_003,train,true,16,180,240,data/raw/arducam/depth/1751244100.npy,data/raw/arducam/confidence/1751244100.npy,data/processed/arducam/pose_coco17/1751244100.json,
1751244101,2025-06-30T00:41:41Z,scene_003,train,true,17,180,240,data/raw/arducam/depth/1751244101.npy,data/raw/arducam/confidence/1751244101.npy,data/processed/arducam/pose_coco17/1751244101.json,
1751244102,2025-06-30T00:41:42Z,scene_003,train,true,15,180,240,data/raw/arducam/depth/1751244102.npy,data/raw/arducam/confidence/1751244102.npy,data/processed/arducam/pose_coco17/1751244102.json,
1751244103,2025-06-30T00:41:43Z,scene_003,train,true,15,180,240,data/raw/arducam/depth/1751244103.npy,data/raw/arducam/confidence/1751244103.npy,data/processed/arducam/pose_coco17/1751244103.json,
1751244104,2025-06-30T00:41:44Z,scene_003,train,true,15,180,240,data/raw/arducam/depth/1751244104.npy,data/raw/arducam/confidence/1751244104.npy,data/processed/arducam/pose_coco17/1751244104.json,
1751244105,2025-06-30T00:41:45Z,scene_003,train,true,15,180,240,data/raw/arducam/depth/1751244105.npy,data/raw/arducam/confidence/1751244105.npy,data/processed/arducam/pose_coco17/1751244105.json,
1751244106,2025-06-30T00:41:46Z,scene_003,train,true,15,180,240,data/raw/arducam/depth/1751244106.npy,data/raw/arducam/confidence/1751244106.npy,data/processed/arducam/pose_coco17/1751244106.json,
1751244107,2025-06-30T00:41:47Z,scene_003,train,true,15,180,240,data/raw/arducam/depth/1751244107.npy,data/raw/arducam/confidence/1751244107.npy,data/processed/arducam/pose_coco17/1751244107.json,
1751244108,2025-06-30T00:41:48Z,scene_003,train,true,15,180,240,data/raw/arducam/depth/1751244108.npy,data/raw/arducam/confidence/1751244108.npy,data/processed/arducam/pose_coco17/1751244108.json,
1751244109,2025-06-30T00:41:49Z,scene_003,train,true,15,180,240,data/raw/arducam/depth/1751244109.npy,data/raw/arducam/confidence/1751244109.npy,data/processed/arducam/pose_coco17/1751244109.json,
1751244110,2025-06-30T00:41:50Z,scene_003,train,true,17,180,240,data/raw/arducam/depth/1751244110.npy,data/raw/arducam/confidence/1751244110.npy,data/processed/arducam/pose_coco17/1751244110.json,
1751244111,2025-06-30T00:41:51Z,scene_003,train,true,17,180,240,data/raw/arducam/depth/1751244111.npy,data/raw/arducam/confidence/1751244111.npy,data/processed/arducam/pose_coco17/1751244111.json,
1751244112,2025-06-30T00:41:52Z,scene_003,train,true,17,180,240,data/raw/arducam/depth/1751244112.npy,data/raw/arducam/confidence/1751244112.npy,data/processed/arducam/pose_coco17/1751244112.json,
1751244113,2025-06-30T00:41:53Z,scene_003,train,true,17,180,240,data/raw/arducam/depth/1751244113.npy,data/raw/arducam/confidence/1751244113.npy,data/processed/arducam/pose_coco17/1751244113.json,
1751244114,2025-06-30T00:41:54Z,scene_003,train,true,17,180,240,data/raw/arducam/depth/1751244114.npy,data/raw/arducam/confidence/1751244114.npy,data/processed/arducam/pose_coco17/1751244114.json,
1751244115,2025-06-30T00:41:55Z,scene_003,train,true,17,180,240,data/raw/arducam/depth/1751244115.npy,data/raw/arducam/confidence/1751244115.npy,data/processed/arducam/pose_coco17/1751244115.json,
1751244116,2025-06-30T00:41:56Z,scene_003,train,true,17,180,240,data/raw/arducam/depth/1751244116.npy,data/raw/arducam/confidence/1751244116.npy,data/processed/arducam/pose_coco17/1751244116.json,
1751244117,2025-06-30T00:41:57Z,scene_003,train,true,17,180,240,data/raw/arducam/depth/1751244117.npy,data/raw/arducam/confidence/1751244117.npy,data/processed/arducam/pose_coco17/1751244117.json,
1751244120,2025-06-30T00:42:00Z,scene_003,train,true,17,180,240,data/raw/arducam/depth/1751244120.npy,data/raw/arducam/confidence/1751244120.npy,data/processed/arducam/pose_coco17/1751244120.json,
1751244122,2025-06-30T00:42:02Z,scene_003,train,true,17,180,240,data/raw/arducam/depth/1751244122.npy,data/raw/arducam/confidence/1751244122.npy,data/processed/arducam/pose_coco17/1751244122.json,
1751244135,2025-06-30T00:42:15Z,scene_003,train,true,17,180,240,data/raw/arducam/depth/1751244135.npy,data/raw/arducam/confidence/1751244135.npy,data/processed/arducam/pose_coco17/1751244135.json,
1751244136,2025-06-30T00:42:16Z,scene_003,train,true,17,180,240,data/raw/arducam/depth/1751244136.npy,data/raw/arducam/confidence/1751244136.npy,data/processed/arducam/pose_coco17/1751244136.json,
1751244137,2025-06-30T00:42:17Z,scene_003,train,true,17,180,240,data/raw/arducam/depth/1751244137.npy,data/raw/arducam/confidence/1751244137.npy,data/processed/arducam/pose_coco17/1751244137.json,
1751244138,2025-06-30T00:42:18Z,scene_003,train,true,17,180,240,data/raw/arducam/depth/1751244138.npy,data/raw/arducam/confidence/1751244138.npy,data/processed/arducam/pose_coco17/1751244138.json,
1751244139,2025-06-30T00:42:19Z,scene_003,train,true,17,180,240,data/raw/arducam/depth/1751244139.npy,data/raw/arducam/confidence/1751244139.npy,data/processed/arducam/pose_coco17/1751244139.json,
1751244140,2025-06-30T00:42:20Z,scene_003,train,true,17,180,240,data/raw/arducam/depth/1751244140.npy,data/raw/arducam/confidence/1751244140.npy,data/processed/arducam/pose_coco17/1751244140.json,
1751244141,2025-06-30T00:42:21Z,scene_003,train,true,17,180,240,data/raw/arducam/depth/1751244141.npy,data/raw/arducam/confidence/1751244141.npy,data/processed/arducam/pose_coco17/1751244141.json,
1751244142,2025-06-30T00:42:22Z,scene_003,train,true,17,180,240,data/raw/arducam/depth/1751244142.npy,data/raw/arducam/confidence/1751244142.npy,data/processed/arducam/pose_coco17/1751244142.json,
1751244143,2025-06-30T00:42:23Z,scene_003,train,true,15,180,240,data/raw/arducam/depth/1751244143.npy,data/raw/arducam/confidence/1751244143.npy,data/processed/arducam/pose_coco17/1751244143.json,
1751244144,2025-06-30T00:42:24Z,scene_003,train,true,16,180,240,data/raw/arducam/depth/1751244144.npy,data/raw/arducam/confidence/1751244144.npy,data/processed/arducam/pose_coco17/1751244144.json,
1751244145,2025-06-30T00:42:25Z,scene_003,train,true,16,180,240,data/raw/arducam/depth/1751244145.npy,data/raw/arducam/confidence/1751244145.npy,data/processed/arducam/pose_coco17/1751244145.json,
1751244146,2025-06-30T00:42:26Z,scene_003,train,true,17,180,240,data/raw/arducam/depth/1751244146.npy,data/raw/arducam/confidence/1751244146.npy,data/processed/arducam/pose_coco17/1751244146.json,
1751244147,2025-06-30T00:42:27Z,scene_003,train,true,17,180,240,data/raw/arducam/depth/1751244147.npy,data/raw/arducam/confidence/1751244147.npy,data/processed/arducam/pose_coco17/1751244147.json,
1751244148,2025-06-30T00:42:28Z,scene_003,train,true,17,180,240,data/raw/arducam/depth/1751244148.npy,data/raw/arducam/confidence/1751244148.npy,data/processed/arducam/pose_coco17/1751244148.json,
1751244149,2025-06-30T00:42:29Z,scene_003,train,true,17,180,240,data/raw/arducam/depth/1751244149.npy,data/raw/arducam/confidence/1751244149.npy,data/processed/arducam/pose_coco17/1751244149.json,
1751244150,2025-06-30T00:42:30Z,scene_003,train,true,17,180,240,data/raw/arducam/depth/1751244150.npy,data/raw/arducam/confidence/1751244150.npy,data/processed/arducam/pose_coco17/1751244150.json,
1751244151,2025-06-30T00:42:31Z,scene_003,train,true,17,180,240,data/raw/arducam/depth/1751244151.npy,data/raw/arducam/confidence/1751244151.npy,data/processed/arducam/pose_coco17/1751244151.json,
1751244159,2025-06-30T00:42:39Z,scene_003,train,true,17,180,240,data/raw/arducam/depth/1751244159.npy,data/raw/arducam/confidence/1751244159.npy,data/processed/arducam/pose_coco17/1751244159.json,
1751244160,2025-06-30T00:42:40Z,scene_003,train,true,17,180,240,data/raw/arducam/depth/1751244160.npy,data/raw/arducam/confidence/1751244160.npy,data/processed/arducam/pose_coco17/1751244160.json,
1751244161,2025-06-30T00:42:41Z,scene_003,train,true,13,180,240,data/raw/arducam/depth/1751244161.npy,data/raw/arducam/confidence/1751244161.npy,data/processed/arducam/pose_coco17/1751244161.json,
1751244162,2025-06-30T00:42:42Z,scene_003,train,true,15,180,240,data/raw/arducam/depth/1751244162.npy,data/raw/arducam/confidence/1751244162.npy,data/processed/arducam/pose_coco17/1751244162.json,
1751244163,2025-06-30T00:42:43Z,scene_003,train,true,16,180,240,data/raw/arducam/depth/1751244163.npy,data/raw/arducam/confidence/1751244163.npy,data/processed/arducam/pose_coco17/1751244163.json,
1751244164,2025-06-30T00:42:44Z,scene_003,train,true,17,180,240,data/raw/arducam/depth/1751244164.npy,data/raw/arducam/confidence/1751244164.npy,data/processed/arducam/pose_coco17/1751244164.json,
1751244165,2025-06-30T00:42:45Z,scene_003,train,true,17,180,240,data/raw/arducam/depth/1751244165.npy,data/raw/arducam/confidence/1751244165.npy,data/processed/arducam/pose_coco17/1751244165.json,
1751244174,2025-06-30T00:42:54Z,scene_003,train,true,17,180,240,data/raw/arducam/depth/1751244174.npy,data/raw/arducam/confidence/1751244174.npy,data/processed/arducam/pose_coco17/1751244174.json,
1751244175,2025-06-30T00:42:55Z,scene_003,train,true,17,180,240,data/raw/arducam/depth/1751244175.npy,data/raw/arducam/confidence/1751244175.npy,data/processed/arducam/pose_coco17/1751244175.json,
1751244176,2025-06-30T00:42:56Z,scene_003,train,true,17,180,240,data/raw/arducam/depth/1751244176.npy,data/raw/arducam/confidence/1751244176.npy,data/processed/arducam/pose_coco17/1751244176.json,
1751244177,2025-06-30T00:42:57Z,scene_003,train,true,17,180,240,data/raw/arducam/depth/1751244177.npy,data/raw/arducam/confidence/1751244177.npy,data/processed/arducam/pose_coco17/1751244177.json,
1751244178,2025-06-30T00:42:58Z,scene_003,train,true,17,180,240,data/raw/arducam/depth/1751244178.npy,data/raw/arducam/confidence/1751244178.npy,data/processed/arducam/pose_coco17/1751244178.json,
1751244179,2025-06-30T00:42:59Z,scene_003,train,true,17,180,240,data/raw/arducam/depth/1751244179.npy,data/raw/arducam/confidence/1751244179.npy,data/processed/arducam/pose_coco17/1751244179.json,
1751244180,2025-06-30T00:43:00Z,scene_003,train,true,17,180,240,data/raw/arducam/depth/1751244180.npy,data/raw/arducam/confidence/1751244180.npy,data/processed/arducam/pose_coco17/1751244180.json,
1751244181,2025-06-30T00:43:01Z,scene_003,train,true,17,180,240,data/raw/arducam/depth/1751244181.npy,data/raw/arducam/confidence/1751244181.npy,data/processed/arducam/pose_coco17/1751244181.json,
1751244182,2025-06-30T00:43:02Z,scene_003,train,true,17,180,240,data/raw/arducam/depth/1751244182.npy,data/raw/arducam/confidence/1751244182.npy,data/processed/arducam/pose_coco17/1751244182.json,
1751244183,2025-06-30T00:43:03Z,scene_003,train,true,17,180,240,data/raw/arducam/depth/1751244183.npy,data/raw/arducam/confidence/1751244183.npy,data/processed/arducam/pose_coco17/1751244183.json,
1751244184,2025-06-30T00:43:04Z,scene_003,train,true,17,180,240,data/raw/arducam/depth/1751244184.npy,data/raw/arducam/confidence/1751244184.npy,data/processed/arducam/pose_coco17/1751244184.json,
1751244191,2025-06-30T00:43:11Z,scene_003,train,true,17,180,240,data/raw/arducam/depth/1751244191.npy,data/raw/arducam/confidence/1751244191.npy,data/processed/arducam/pose_coco17/1751244191.json,
1751244192,2025-06-30T00:43:12Z,scene_003,train,true,17,180,240,data/raw/arducam/depth/1751244192.npy,data/raw/arducam/confidence/1751244192.npy,data/processed/arducam/pose_coco17/1751244192.json,
1751244193,2025-06-30T00:43:13Z,scene_003,train,true,17,180,240,data/raw/arducam/depth/1751244193.npy,data/raw/arducam/confidence/1751244193.npy,data/processed/arducam/pose_coco17/1751244193.json,
1751244194,2025-06-30T00:43:14Z,scene_003,train,true,17,180,240,data/raw/arducam/depth/1751244194.npy,data/raw/arducam/confidence/1751244194.npy,data/processed/arducam/pose_coco17/1751244194.json,
1751244195,2025-06-30T00:43:15Z,scene_003,train,true,17,180,240,data/raw/arducam/depth/1751244195.npy,data/raw/arducam/confidence/1751244195.npy,data/processed/arducam/pose_coco17/1751244195.json,
1751244196,2025-06-30T00:43:16Z,scene_003,train,true,17,180,240,data/raw/arducam/depth/1751244196.npy,data/raw/arducam/confidence/1751244196.npy,data/processed/arducam/pose_coco17/1751244196.json,
1751244197,2025-06-30T00:43:17Z,scene_003,train,true,17,180,240,data/raw/arducam/depth/1751244197.npy,data/raw/arducam/confidence/1751244197.npy,data/processed/arducam/pose_coco17/1751244197.json,
1751244204,2025-06-30T00:43:24Z,scene_003,train,true,17,180,240,data/raw/arducam/depth/1751244204.npy,data/raw/arducam/confidence/1751244204.npy,data/processed/arducam/pose_coco17/1751244204.json,
1751244207,2025-06-30T00:43:27Z,scene_003,train,true,17,180,240,data/raw/arducam/depth/1751244207.npy,data/raw/arducam/confidence/1751244207.npy,data/processed/arducam/pose_coco17/1751244207.json,
1751244211,2025-06-30T00:43:31Z,scene_003,train,true,17,180,240,data/raw/arducam/depth/1751244211.npy,data/raw/arducam/confidence/1751244211.npy,data/processed/arducam/pose_coco17/1751244211.json,
1751244212,2025-06-30T00:43:32Z,scene_003,train,true,17,180,240,data/raw/arducam/depth/1751244212.npy,data/raw/arducam/confidence/1751244212.npy,data/processed/arducam/pose_coco17/1751244212.json,
1751244249,2025-06-30T00:44:09Z,scene_003,train,true,17,180,240,data/raw/arducam/depth/1751244249.npy,data/raw/arducam/confidence/1751244249.npy,data/processed/arducam/pose_coco17/1751244249.json,
1751244250,2025-06-30T00:44:10Z,scene_003,train,true,17,180,240,data/raw/arducam/depth/1751244250.npy,data/raw/arducam/confidence/1751244250.npy,data/processed/arducam/pose_coco17/1751244250.json,
1751244252,2025-06-30T00:44:12Z,scene_003,train,true,17,180,240,data/raw/arducam/depth/1751244252.npy,data/raw/arducam/confidence/1751244252.npy,data/processed/arducam/pose_coco17/1751244252.json,
1751244253,2025-06-30T00:44:13Z,scene_003,train,true,17,180,240,data/raw/arducam/depth/1751244253.npy,data/raw/arducam/confidence/1751244253.npy,data/processed/arducam/pose_coco17/1751244253.json,
1751244254,2025-06-30T00:44:14Z,scene_003,train,true,17,180,240,data/raw/arducam/depth/1751244254.npy,data/raw/arducam/confidence/1751244254.npy,data/processed/arducam/pose_coco17/1751244254.json,
1751244255,2025-06-30T00:44:15Z,scene_003,train,true,17,180,240,data/raw/arducam/depth/1751244255.npy,data/raw/arducam/confidence/1751244255.npy,data/processed/arducam/pose_coco17/1751244255.json,
1751244256,2025-06-30T00:44:16Z,scene_003,train,true,17,180,240,data/raw/arducam/depth/1751244256.npy,data/raw/arducam/confidence/1751244256.npy,data/processed/arducam/pose_coco17/1751244256.json,
1751244257,2025-06-30T00:44:17Z,scene_003,train,true,17,180,240,data/raw/arducam/depth/1751244257.npy,data/raw/arducam/confidence/1751244257.npy,data/processed/arducam/pose_coco17/1751244257.json,
1751244258,2025-06-30T00:44:18Z,scene_003,train,true,17,180,240,data/raw/arducam/depth/1751244258.npy,data/raw/arducam/confidence/1751244258.npy,data/processed/arducam/pose_coco17/1751244258.json,
1751244259,2025-06-30T00:44:19Z,scene_003,train,true,17,180,240,data/raw/arducam/depth/1751244259.npy,data/raw/arducam/confidence/1751244259.npy,data/processed/arducam/pose_coco17/1751244259.json,
1751244261,2025-06-30T00:44:21Z,scene_003,train,true,17,180,240,data/raw/arducam/depth/1751244261.npy,data/raw/arducam/confidence/1751244261.npy,data/processed/arducam/pose_coco17/1751244261.json,
1751244262,2025-06-30T00:44:22Z,scene_003,train,true,17,180,240,data/raw/arducam/depth/1751244262.npy,data/raw/arducam/confidence/1751244262.npy,data/processed/arducam/pose_coco17/1751244262.json,
1751244263,2025-06-30T00:44:23Z,scene_003,train,true,17,180,240,data/raw/arducam/depth/1751244263.npy,data/raw/arducam/confidence/1751244263.npy,data/processed/arducam/pose_coco17/1751244263.json,
1751244264,2025-06-30T00:44:24Z,scene_003,train,true,17,180,240,data/raw/arducam/depth/1751244264.npy,data/raw/arducam/confidence/1751244264.npy,data/processed/arducam/pose_coco17/1751244264.json,
1751244265,2025-06-30T00:44:25Z,scene_003,train,true,17,180,240,data/raw/arducam/depth/1751244265.npy,data/raw/arducam/confidence/1751244265.npy,data/processed/arducam/pose_coco17/1751244265.json,
1751244266,2025-06-30T00:44:26Z,scene_003,train,true,17,180,240,data/raw/arducam/depth/1751244266.npy,data/raw/arducam/confidence/1751244266.npy,data/processed/arducam/pose_coco17/1751244266.json,
1751244267,2025-06-30T00:44:27Z,scene_003,train,true,17,180,240,data/raw/arducam/depth/1751244267.npy,data/raw/arducam/confidence/1751244267.npy,data/processed/arducam/pose_coco17/1751244267.json,
1751244279,2025-06-30T00:44:39Z,scene_003,train,true,17,180,240,data/raw/arducam/depth/1751244279.npy,data/raw/arducam/confidence/1751244279.npy,data/processed/arducam/pose_coco17/1751244279.json,
1751244280,2025-06-30T00:44:40Z,scene_003,train,true,17,180,240,data/raw/arducam/depth/1751244280.npy,data/raw/arducam/confidence/1751244280.npy,data/processed/arducam/pose_coco17/1751244280.json,
1751244281,2025-06-30T00:44:41Z,scene_003,train,true,17,180,240,data/raw/arducam/depth/1751244281.npy,data/raw/arducam/confidence/1751244281.npy,data/processed/arducam/pose_coco17/1751244281.json,
1751244282,2025-06-30T00:44:42Z,scene_003,train,true,17,180,240,data/raw/arducam/depth/1751244282.npy,data/raw/arducam/confidence/1751244282.npy,data/processed/arducam/pose_coco17/1751244282.json,
1751244283,2025-06-30T00:44:43Z,scene_003,train,true,17,180,240,data/raw/arducam/depth/1751244283.npy,data/raw/arducam/confidence/1751244283.npy,data/processed/arducam/pose_coco17/1751244283.json,
1751244284,2025-06-30T00:44:44Z,scene_003,train,true,17,180,240,data/raw/arducam/depth/1751244284.npy,data/raw/arducam/confidence/1751244284.npy,data/processed/arducam/pose_coco17/1751244284.json,
1751244285,2025-06-30T00:44:45Z,scene_003,train,true,17,180,240,data/raw/arducam/depth/1751244285.npy,data/raw/arducam/confidence/1751244285.npy,data/processed/arducam/pose_coco17/1751244285.json,
1751244286,2025-06-30T00:44:46Z,scene_003,train,true,17,180,240,data/raw/arducam/depth/1751244286.npy,data/raw/arducam/confidence/1751244286.npy,data/processed/arducam/pose_coco17/1751244286.json,
1751244287,2025-06-30T00:44:47Z,scene_003,train,true,17,180,240,data/raw/arducam/depth/1751244287.npy,data/raw/arducam/confidence/1751244287.npy,data/processed/arducam/pose_coco17/1751244287.json,
1751244288,2025-06-30T00:44:48Z,scene_003,train,true,17,180,240,data/raw/arducam/depth/1751244288.npy,data/raw/arducam/confidence/1751244288.npy,data/processed/arducam/pose_coco17/1751244288.json,
1751244289,2025-06-30T00:44:49Z,scene_003,train,true,17,180,240,data/raw/arducam/depth/1751244289.npy,data/raw/arducam/confidence/1751244289.npy,data/processed/arducam/pose_coco17/1751244289.json,
1751244290,2025-06-30T00:44:50Z,scene_003,train,true,17,180,240,data/raw/arducam/depth/1751244290.npy,data/raw/arducam/confidence/1751244290.npy,data/processed/arducam/pose_coco17/1751244290.json,
1751244291,2025-06-30T00:44:51Z,scene_003,train,true,17,180,240,data/raw/arducam/depth/1751244291.npy,data/raw/arducam/confidence/1751244291.npy,data/processed/arducam/pose_coco17/1751244291.json,
1751244292,2025-06-30T00:44:52Z,scene_003,train,true,17,180,240,data/raw/arducam/depth/1751244292.npy,data/raw/arducam/confidence/1751244292.npy,data/processed/arducam/pose_coco17/1751244292.json,
1751244293,2025-06-30T00:44:53Z,scene_003,train,true,17,180,240,data/raw/arducam/depth/1751244293.npy,data/raw/arducam/confidence/1751244293.npy,data/processed/arducam/pose_coco17/1751244293.json,
1751244294,2025-06-30T00:44:54Z,scene_003,train,true,17,180,240,data/raw/arducam/depth/1751244294.npy,data/raw/arducam/confidence/1751244294.npy,data/processed/arducam/pose_coco17/1751244294.json,
1751244295,2025-06-30T00:44:55Z,scene_003,train,true,17,180,240,data/raw/arducam/depth/1751244295.npy,data/raw/arducam/confidence/1751244295.npy,data/processed/arducam/pose_coco17/1751244295.json,
1751244296,2025-06-30T00:44:56Z,scene_003,train,true,17,180,240,data/raw/arducam/depth/1751244296.npy,data/raw/arducam/confidence/1751244296.npy,data/processed/arducam/pose_coco17/1751244296.json,
1751244297,2025-06-30T00:44:57Z,scene_003,train,true,17,180,240,data/raw/arducam/depth/1751244297.npy,data/raw/arducam/confidence/1751244297.npy,data/processed/arducam/pose_coco17/1751244297.json,
1751244298,2025-06-30T00:44:58Z,scene_003,train,true,17,180,240,data/raw/arducam/depth/1751244298.npy,data/raw/arducam/confidence/1751244298.npy,data/processed/arducam/pose_coco17/1751244298.json,
1751244299,2025-06-30T00:44:59Z,scene_003,train,true,17,180,240,data/raw/arducam/depth/1751244299.npy,data/raw/arducam/confidence/1751244299.npy,data/processed/arducam/pose_coco17/1751244299.json,
1751244300,2025-06-30T00:45:00Z,scene_003,train,true,17,180,240,data/raw/arducam/depth/1751244300.npy,data/raw/arducam/confidence/1751244300.npy,data/processed/arducam/pose_coco17/1751244300.json,
1751244302,2025-06-30T00:45:02Z,scene_003,train,true,17,180,240,data/raw/arducam/depth/1751244302.npy,data/raw/arducam/confidence/1751244302.npy,data/processed/arducam/pose_coco17/1751244302.json,
1751244303,2025-06-30T00:45:03Z,scene_003,train,true,17,180,240,data/raw/arducam/depth/1751244303.npy,data/raw/arducam/confidence/1751244303.npy,data/processed/arducam/pose_coco17/1751244303.json,
1751244304,2025-06-30T00:45:04Z,scene_003,train,true,17,180,240,data/raw/arducam/depth/1751244304.npy,data/raw/arducam/confidence/1751244304.npy,data/processed/arducam/pose_coco17/1751244304.json,
1751244305,2025-06-30T00:45:05Z,scene_003,train,true,17,180,240,data/raw/arducam/depth/1751244305.npy,data/raw/arducam/confidence/1751244305.npy,data/processed/arducam/pose_coco17/1751244305.json,
1751244306,2025-06-30T00:45:06Z,scene_003,train,true,17,180,240,data/raw/arducam/depth/1751244306.npy,data/raw/arducam/confidence/1751244306.npy,data/processed/arducam/pose_coco17/1751244306.json,
1751244307,2025-06-30T00:45:07Z,scene_003,train,true,17,180,240,data/raw/arducam/depth/1751244307.npy,data/raw/arducam/confidence/1751244307.npy,data/processed/arducam/pose_coco17/1751244307.json,
1751244309,2025-06-30T00:45:09Z,scene_003,train,true,17,180,240,data/raw/arducam/depth/1751244309.npy,data/raw/arducam/confidence/1751244309.npy,data/processed/arducam/pose_coco17/1751244309.json,
1751244319,2025-06-30T00:45:19Z,scene_003,train,true,14,180,240,data/raw/arducam/depth/1751244319.npy,data/raw/arducam/confidence/1751244319.npy,data/processed/arducam/pose_coco17/1751244319.json,
1751244320,2025-06-30T00:45:20Z,scene_003,train,true,17,180,240,data/raw/arducam/depth/1751244320.npy,data/raw/arducam/confidence/1751244320.npy,data/processed/arducam/pose_coco17/1751244320.json,
1751244321,2025-06-30T00:45:21Z,scene_003,train,true,17,180,240,data/raw/arducam/depth/1751244321.npy,data/raw/arducam/confidence/1751244321.npy,data/processed/arducam/pose_coco17/1751244321.json,
1751244322,2025-06-30T00:45:22Z,scene_003,train,true,17,180,240,data/raw/arducam/depth/1751244322.npy,data/raw/arducam/confidence/1751244322.npy,data/processed/arducam/pose_coco17/1751244322.json,
1751244323,2025-06-30T00:45:23Z,scene_003,train,true,17,180,240,data/raw/arducam/depth/1751244323.npy,data/raw/arducam/confidence/1751244323.npy,data/processed/arducam/pose_coco17/1751244323.json,
1751244324,2025-06-30T00:45:24Z,scene_003,train,true,17,180,240,data/raw/arducam/depth/1751244324.npy,data/raw/arducam/confidence/1751244324.npy,data/processed/arducam/pose_coco17/1751244324.json,
1751244325,2025-06-30T00:45:25Z,scene_003,train,true,17,180,240,data/raw/arducam/depth/1751244325.npy,data/raw/arducam/confidence/1751244325.npy,data/processed/arducam/pose_coco17/1751244325.json,
1751244326,2025-06-30T00:45:26Z,scene_003,train,true,17,180,240,data/raw/arducam/depth/1751244326.npy,data/raw/arducam/confidence/1751244326.npy,data/processed/arducam/pose_coco17/1751244326.json,
1751244327,2025-06-30T00:45:27Z,scene_003,train,true,17,180,240,data/raw/arducam/depth/1751244327.npy,data/raw/arducam/confidence/1751244327.npy,data/processed/arducam/pose_coco17/1751244327.json,
1751244328,2025-06-30T00:45:28Z,scene_003,train,true,17,180,240,data/raw/arducam/depth/1751244328.npy,data/raw/arducam/confidence/1751244328.npy,data/processed/arducam/pose_coco17/1751244328.json,
1751244329,2025-06-30T00:45:29Z,scene_003,train,true,17,180,240,data/raw/arducam/depth/1751244329.npy,data/raw/arducam/confidence/1751244329.npy,data/processed/arducam/pose_coco17/1751244329.json,
1751244330,2025-06-30T00:45:30Z,scene_003,train,true,17,180,240,data/raw/arducam/depth/1751244330.npy,data/raw/arducam/confidence/1751244330.npy,data/processed/arducam/pose_coco17/1751244330.json,
1751244331,2025-06-30T00:45:31Z,scene_003,train,true,17,180,240,data/raw/arducam/depth/1751244331.npy,data/raw/arducam/confidence/1751244331.npy,data/processed/arducam/pose_coco17/1751244331.json,
1751244332,2025-06-30T00:45:32Z,scene_003,train,true,17,180,240,data/raw/arducam/depth/1751244332.npy,data/raw/arducam/confidence/1751244332.npy,data/processed/arducam/pose_coco17/1751244332.json,
1751244333,2025-06-30T00:45:33Z,scene_003,train,true,17,180,240,data/raw/arducam/depth/1751244333.npy,data/raw/arducam/confidence/1751244333.npy,data/processed/arducam/pose_coco17/1751244333.json,
1751244334,2025-06-30T00:45:34Z,scene_003,train,true,17,180,240,data/raw/arducam/depth/1751244334.npy,data/raw/arducam/confidence/1751244334.npy,data/processed/arducam/pose_coco17/1751244334.json,
1751244335,2025-06-30T00:45:35Z,scene_003,train,true,17,180,240,data/raw/arducam/depth/1751244335.npy,data/raw/arducam/confidence/1751244335.npy,data/processed/arducam/pose_coco17/1751244335.json,
1751244336,2025-06-30T00:45:36Z,scene_003,train,true,17,180,240,data/raw/arducam/depth/1751244336.npy,data/raw/arducam/confidence/1751244336.npy,data/processed/arducam/pose_coco17/1751244336.json,
1751244337,2025-06-30T00:45:37Z,scene_003,train,true,17,180,240,data/raw/arducam/depth/1751244337.npy,data/raw/arducam/confidence/1751244337.npy,data/processed/arducam/pose_coco17/1751244337.json,
1751244338,2025-06-30T00:45:38Z,scene_003,train,true,17,180,240,data/raw/arducam/depth/1751244338.npy,data/raw/arducam/confidence/1751244338.npy,data/processed/arducam/pose_coco17/1751244338.json,
1751244339,2025-06-30T00:45:39Z,scene_003,train,true,17,180,240,data/raw/arducam/depth/1751244339.npy,data/raw/arducam/confidence/1751244339.npy,data/processed/arducam/pose_coco17/1751244339.json,
1751244340,2025-06-30T00:45:40Z,scene_003,train,true,17,180,240,data/raw/arducam/depth/1751244340.npy,data/raw/arducam/confidence/1751244340.npy,data/processed/arducam/pose_coco17/1751244340.json,
1751244341,2025-06-30T00:45:41Z,scene_003,train,true,17,180,240,data/raw/arducam/depth/1751244341.npy,data/raw/arducam/confidence/1751244341.npy,data/processed/arducam/pose_coco17/1751244341.json,
1751244342,2025-06-30T00:45:42Z,scene_003,train,true,17,180,240,data/raw/arducam/depth/1751244342.npy,data/raw/arducam/confidence/1751244342.npy,data/processed/arducam/pose_coco17/1751244342.json,
1751244361,2025-06-30T00:46:01Z,scene_003,train,true,17,180,240,data/raw/arducam/depth/1751244361.npy,data/raw/arducam/confidence/1751244361.npy,data/processed/arducam/pose_coco17/1751244361.json,
1751244362,2025-06-30T00:46:02Z,scene_003,train,true,17,180,240,data/raw/arducam/depth/1751244362.npy,data/raw/arducam/confidence/1751244362.npy,data/processed/arducam/pose_coco17/1751244362.json,
1751244363,2025-06-30T00:46:03Z,scene_003,train,true,13,180,240,data/raw/arducam/depth/1751244363.npy,data/raw/arducam/confidence/1751244363.npy,data/processed/arducam/pose_coco17/1751244363.json,
1751244364,2025-06-30T00:46:04Z,scene_003,train,true,15,180,240,data/raw/arducam/depth/1751244364.npy,data/raw/arducam/confidence/1751244364.npy,data/processed/arducam/pose_coco17/1751244364.json,
1751244365,2025-06-30T00:46:05Z,scene_003,train,true,17,180,240,data/raw/arducam/depth/1751244365.npy,data/raw/arducam/confidence/1751244365.npy,data/processed/arducam/pose_coco17/1751244365.json,
1751244366,2025-06-30T00:46:06Z,scene_003,train,true,17,180,240,data/raw/arducam/depth/1751244366.npy,data/raw/arducam/confidence/1751244366.npy,data/processed/arducam/pose_coco17/1751244366.json,
1751244367,2025-06-30T00:46:07Z,scene_003,train,true,17,180,240,data/raw/arducam/depth/1751244367.npy,data/raw/arducam/confidence/1751244367.npy,data/processed/arducam/pose_coco17/1751244367.json,
1751244368,2025-06-30T00:46:08Z,scene_003,train,true,17,180,240,data/raw/arducam/depth/1751244368.npy,data/raw/arducam/confidence/1751244368.npy,data/processed/arducam/pose_coco17/1751244368.json,
1751244394,2025-06-30T00:46:34Z,scene_003,train,true,17,180,240,data/raw/arducam/depth/1751244394.npy,data/raw/arducam/confidence/1751244394.npy,data/processed/arducam/pose_coco17/1751244394.json,
1751244395,2025-06-30T00:46:35Z,scene_003,train,true,17,180,240,data/raw/arducam/depth/1751244395.npy,data/raw/arducam/confidence/1751244395.npy,data/processed/arducam/pose_coco17/1751244395.json,
1751244396,2025-06-30T00:46:36Z,scene_003,train,true,17,180,240,data/raw/arducam/depth/1751244396.npy,data/raw/arducam/confidence/1751244396.npy,data/processed/arducam/pose_coco17/1751244396.json,
1751244397,2025-06-30T00:46:37Z,scene_003,train,true,17,180,240,data/raw/arducam/depth/1751244397.npy,data/raw/arducam/confidence/1751244397.npy,data/processed/arducam/pose_coco17/1751244397.json,
1751244398,2025-06-30T00:46:38Z,scene_003,train,true,17,180,240,data/raw/arducam/depth/1751244398.npy,data/raw/arducam/confidence/1751244398.npy,data/processed/arducam/pose_coco17/1751244398.json,
1751244399,2025-06-30T00:46:39Z,scene_003,train,true,17,180,240,data/raw/arducam/depth/1751244399.npy,data/raw/arducam/confidence/1751244399.npy,data/processed/arducam/pose_coco17/1751244399.json,
1751244400,2025-06-30T00:46:40Z,scene_003,train,true,17,180,240,data/raw/arducam/depth/1751244400.npy,data/raw/arducam/confidence/1751244400.npy,data/processed/arducam/pose_coco17/1751244400.json,
1751244401,2025-06-30T00:46:41Z,scene_003,train,true,17,180,240,data/raw/arducam/depth/1751244401.npy,data/raw/arducam/confidence/1751244401.npy,data/processed/arducam/pose_coco17/1751244401.json,
1751244402,2025-06-30T00:46:42Z,scene_003,train,true,17,180,240,data/raw/arducam/depth/1751244402.npy,data/raw/arducam/confidence/1751244402.npy,data/processed/arducam/pose_coco17/1751244402.json,
1751244403,2025-06-30T00:46:43Z,scene_003,train,true,17,180,240,data/raw/arducam/depth/1751244403.npy,data/raw/arducam/confidence/1751244403.npy,data/processed/arducam/pose_coco17/1751244403.json,
1751244404,2025-06-30T00:46:44Z,scene_003,train,true,17,180,240,data/raw/arducam/depth/1751244404.npy,data/raw/arducam/confidence/1751244404.npy,data/processed/arducam/pose_coco17/1751244404.json,
1751244405,2025-06-30T00:46:45Z,scene_003,train,true,17,180,240,data/raw/arducam/depth/1751244405.npy,data/raw/arducam/confidence/1751244405.npy,data/processed/arducam/pose_coco17/1751244405.json,
1751244406,2025-06-30T00:46:46Z,scene_003,train,true,17,180,240,data/raw/arducam/depth/1751244406.npy,data/raw/arducam/confidence/1751244406.npy,data/processed/arducam/pose_coco17/1751244406.json,
1751244407,2025-06-30T00:46:47Z,scene_003,train,true,17,180,240,data/raw/arducam/depth/1751244407.npy,data/raw/arducam/confidence/1751244407.npy,data/processed/arducam/pose_coco17/1751244407.json,
1751244408,2025-06-30T00:46:48Z,scene_003,train,true,17,180,240,data/raw/arducam/depth/1751244408.npy,data/raw/arducam/confidence/1751244408.npy,data/processed/arducam/pose_coco17/1751244408.json,
1751244415,2025-06-30T00:46:55Z,scene_003,train,true,17,180,240,data/raw/arducam/depth/1751244415.npy,data/raw/arducam/confidence/1751244415.npy,data/processed/arducam/pose_coco17/1751244415.json,
1751244416,2025-06-30T00:46:56Z,scene_003,train,true,17,180,240,data/raw/arducam/depth/1751244416.npy,data/raw/arducam/confidence/1751244416.npy,data/processed/arducam/pose_coco17/1751244416.json,
1751244417,2025-06-30T00:46:57Z,scene_003,train,true,17,180,240,data/raw/arducam/depth/1751244417.npy,data/raw/arducam/confidence/1751244417.npy,data/processed/arducam/pose_coco17/1751244417.json,
1751244418,2025-06-30T00:46:58Z,scene_003,train,true,17,180,240,data/raw/arducam/depth/1751244418.npy,data/raw/arducam/confidence/1751244418.npy,data/processed/arducam/pose_coco17/1751244418.json,
1751244419,2025-06-30T00:46:59Z,scene_003,train,true,17,180,240,data/raw/arducam/depth/1751244419.npy,data/raw/arducam/confidence/1751244419.npy,data/processed/arducam/pose_coco17/1751244419.json,
1751244420,2025-06-30T00:47:00Z,scene_003,train,true,17,180,240,data/raw/arducam/depth/1751244420.npy,data/raw/arducam/confidence/1751244420.npy,data/processed/arducam/pose_coco17/1751244420.json,
1751244421,2025-06-30T00:47:01Z,scene_003,train,true,17,180,240,data/raw/arducam/depth/1751244421.npy,data/raw/arducam/confidence/1751244421.npy,data/processed/arducam/pose_coco17/1751244421.json,
1751244422,2025-06-30T00:47:02Z,scene_003,train,true,17,180,240,data/raw/arducam/depth/1751244422.npy,data/raw/arducam/confidence/1751244422.npy,data/processed/arducam/pose_coco17/1751244422.json,
1751244423,2025-06-30T00:47:03Z,scene_003,train,true,17,180,240,data/raw/arducam/depth/1751244423.npy,data/raw/arducam/confidence/1751244423.npy,data/processed/arducam/pose_coco17/1751244423.json,
1751244424,2025-06-30T00:47:04Z,scene_003,train,true,17,180,240,data/raw/arducam/depth/1751244424.npy,data/raw/arducam/confidence/1751244424.npy,data/processed/arducam/pose_coco17/1751244424.json,
1751244425,2025-06-30T00:47:05Z,scene_003,train,true,17,180,240,data/raw/arducam/depth/1751244425.npy,data/raw/arducam/confidence/1751244425.npy,data/processed/arducam/pose_coco17/1751244425.json,
1751244427,2025-06-30T00:47:07Z,scene_003,train,true,13,180,240,data/raw/arducam/depth/1751244427.npy,data/raw/arducam/confidence/1751244427.npy,data/processed/arducam/pose_coco17/1751244427.json,
1751244428,2025-06-30T00:47:08Z,scene_003,train,true,17,180,240,data/raw/arducam/depth/1751244428.npy,data/raw/arducam/confidence/1751244428.npy,data/processed/arducam/pose_coco17/1751244428.json,
1751244429,2025-06-30T00:47:09Z,scene_003,train,true,17,180,240,data/raw/arducam/depth/1751244429.npy,data/raw/arducam/confidence/1751244429.npy,data/processed/arducam/pose_coco17/1751244429.json,
1751244430,2025-06-30T00:47:10Z,scene_003,train,true,17,180,240,data/raw/arducam/depth/1751244430.npy,data/raw/arducam/confidence/1751244430.npy,data/processed/arducam/pose_coco17/1751244430.json,
1751244431,2025-06-30T00:47:11Z,scene_003,train,true,17,180,240,data/raw/arducam/depth/1751244431.npy,data/raw/arducam/confidence/1751244431.npy,data/processed/arducam/pose_coco17/1751244431.json,
1751244432,2025-06-30T00:47:12Z,scene_003,train,true,17,180,240,data/raw/arducam/depth/1751244432.npy,data/raw/arducam/confidence/1751244432.npy,data/processed/arducam/pose_coco17/1751244432.json,
1751244433,2025-06-30T00:47:13Z,scene_003,train,true,17,180,240,data/raw/arducam/depth/1751244433.npy,data/raw/arducam/confidence/1751244433.npy,data/processed/arducam/pose_coco17/1751244433.json,
1751244434,2025-06-30T00:47:14Z,scene_003,train,true,17,180,240,data/raw/arducam/depth/1751244434.npy,data/raw/arducam/confidence/1751244434.npy,data/processed/arducam/pose_coco17/1751244434.json,
1751244435,2025-06-30T00:47:15Z,scene_003,train,true,15,180,240,data/raw/arducam/depth/1751244435.npy,data/raw/arducam/confidence/1751244435.npy,data/processed/arducam/pose_coco17/1751244435.json,
1751244436,2025-06-30T00:47:16Z,scene_003,train,true,16,180,240,data/raw/arducam/depth/1751244436.npy,data/raw/arducam/confidence/1751244436.npy,data/processed/arducam/pose_coco17/1751244436.json,
1751244437,2025-06-30T00:47:17Z,scene_003,train,true,15,180,240,data/raw/arducam/depth/1751244437.npy,data/raw/arducam/confidence/1751244437.npy,data/processed/arducam/pose_coco17/1751244437.json,
1751244438,2025-06-30T00:47:18Z,scene_003,train,true,15,180,240,data/raw/arducam/depth/1751244438.npy,data/raw/arducam/confidence/1751244438.npy,data/processed/arducam/pose_coco17/1751244438.json,
1751244439,2025-06-30T00:47:19Z,scene_003,train,true,15,180,240,data/raw/arducam/depth/1751244439.npy,data/raw/arducam/confidence/1751244439.npy,data/processed/arducam/pose_coco17/1751244439.json,
1751244440,2025-06-30T00:47:20Z,scene_003,train,true,16,180,240,data/raw/arducam/depth/1751244440.npy,data/raw/arducam/confidence/1751244440.npy,data/processed/arducam/pose_coco17/1751244440.json,
1751244441,2025-06-30T00:47:21Z,scene_003,train,true,17,180,240,data/raw/arducam/depth/1751244441.npy,data/raw/arducam/confidence/1751244441.npy,data/processed/arducam/pose_coco17/1751244441.json,
1751244442,2025-06-30T00:47:22Z,scene_003,train,true,15,180,240,data/raw/arducam/depth/1751244442.npy,data/raw/arducam/confidence/1751244442.npy,data/processed/arducam/pose_coco17/1751244442.json,
1751244443,2025-06-30T00:47:23Z,scene_003,train,true,15,180,240,data/raw/arducam/depth/1751244443.npy,data/raw/arducam/confidence/1751244443.npy,data/processed/arducam/pose_coco17/1751244443.json,
1751244444,2025-06-30T00:47:24Z,scene_003,train,true,17,180,240,data/raw/arducam/depth/1751244444.npy,data/raw/arducam/confidence/1751244444.npy,data/processed/arducam/pose_coco17/1751244444.json,
1751244445,2025-06-30T00:47:25Z,scene_003,train,true,17,180,240,data/raw/arducam/depth/1751244445.npy,data/raw/arducam/confidence/1751244445.npy,data/processed/arducam/pose_coco17/1751244445.json,
1751244446,2025-06-30T00:47:26Z,scene_003,train,true,15,180,240,data/raw/arducam/depth/1751244446.npy,data/raw/arducam/confidence/1751244446.npy,data/processed/arducam/pose_coco17/1751244446.json,
1751244447,2025-06-30T00:47:27Z,scene_003,train,true,15,180,240,data/raw/arducam/depth/1751244447.npy,data/raw/arducam/confidence/1751244447.npy,data/processed/arducam/pose_coco17/1751244447.json,
1751244448,2025-06-30T00:47:28Z,scene_003,train,true,15,180,240,data/raw/arducam/depth/1751244448.npy,data/raw/arducam/confidence/1751244448.npy,data/processed/arducam/pose_coco17/1751244448.json,
1751244449,2025-06-30T00:47:29Z,scene_003,train,true,15,180,240,data/raw/arducam/depth/1751244449.npy,data/raw/arducam/confidence/1751244449.npy,data/processed/arducam/pose_coco17/1751244449.json,
1751244450,2025-06-30T00:47:30Z,scene_003,train,true,13,180,240,data/raw/arducam/depth/1751244450.npy,data/raw/arducam/confidence/1751244450.npy,data/processed/arducam/pose_coco17/1751244450.json,
1751244451,2025-06-30T00:47:31Z,scene_003,train,true,13,180,240,data/raw/arducam/depth/1751244451.npy,data/raw/arducam/confidence/1751244451.npy,data/processed/arducam/pose_coco17/1751244451.json,
1751244452,2025-06-30T00:47:32Z,scene_003,train,true,17,180,240,data/raw/arducam/depth/1751244452.npy,data/raw/arducam/confidence/1751244452.npy,data/processed/arducam/pose_coco17/1751244452.json,
1751244453,2025-06-30T00:47:33Z,scene_003,train,true,16,180,240,data/raw/arducam/depth/1751244453.npy,data/raw/arducam/confidence/1751244453.npy,data/processed/arducam/pose_coco17/1751244453.json,
1751244454,2025-06-30T00:47:34Z,scene_003,train,true,15,180,240,data/raw/arducam/depth/1751244454.npy,data/raw/arducam/confidence/1751244454.npy,data/processed/arducam/pose_coco17/1751244454.json,
1751244455,2025-06-30T00:47:35Z,scene_003,train,true,15,180,240,data/raw/arducam/depth/1751244455.npy,data/raw/arducam/confidence/1751244455.npy,data/processed/arducam/pose_coco17/1751244455.json,
1751244456,2025-06-30T00:47:36Z,scene_003,train,true,16,180,240,data/raw/arducam/depth/1751244456.npy,data/raw/arducam/confidence/1751244456.npy,data/processed/arducam/pose_coco17/1751244456.json,
1751244457,2025-06-30T00:47:37Z,scene_003,train,true,15,180,240,data/raw/arducam/depth/1751244457.npy,data/raw/arducam/confidence/1751244457.npy,data/processed/arducam/pose_coco17/1751244457.json,
1751244458,2025-06-30T00:47:38Z,scene_003,train,true,15,180,240,data/raw/arducam/depth/1751244458.npy,data/raw/arducam/confidence/1751244458.npy,data/processed/arducam/pose_coco17/1751244458.json,
1751244459,2025-06-30T00:47:39Z,scene_003,train,true,15,180,240,data/raw/arducam/depth/1751244459.npy,data/raw/arducam/confidence/1751244459.npy,data/processed/arducam/pose_coco17/1751244459.json,
1751244460,2025-06-30T00:47:40Z,scene_003,train,true,15,180,240,data/raw/arducam/depth/1751244460.npy,data/raw/arducam/confidence/1751244460.npy,data/processed/arducam/pose_coco17/1751244460.json,
1751244461,2025-06-30T00:47:41Z,scene_003,train,true,15,180,240,data/raw/arducam/depth/1751244461.npy,data/raw/arducam/confidence/1751244461.npy,data/processed/arducam/pose_coco17/1751244461.json,
1751244462,2025-06-30T00:47:42Z,scene_003,train,true,15,180,240,data/raw/arducam/depth/1751244462.npy,data/raw/arducam/confidence/1751244462.npy,data/processed/arducam/pose_coco17/1751244462.json,
1751244463,2025-06-30T00:47:43Z,scene_003,train,true,15,180,240,data/raw/arducam/depth/1751244463.npy,data/raw/arducam/confidence/1751244463.npy,data/processed/arducam/pose_coco17/1751244463.json,
1751244464,2025-06-30T00:47:44Z,scene_003,train,true,15,180,240,data/raw/arducam/depth/1751244464.npy,data/raw/arducam/confidence/1751244464.npy,data/processed/arducam/pose_coco17/1751244464.json,
1751244465,2025-06-30T00:47:45Z,scene_003,train,true,15,180,240,data/raw/arducam/depth/1751244465.npy,data/raw/arducam/confidence/1751244465.npy,data/processed/arducam/pose_coco17/1751244465.json,
1751244466,2025-06-30T00:47:46Z,scene_003,train,true,15,180,240,data/raw/arducam/depth/1751244466.npy,data/raw/arducam/confidence/1751244466.npy,data/processed/arducam/pose_coco17/1751244466.json,
1751244467,2025-06-30T00:47:47Z,scene_003,train,true,15,180,240,data/raw/arducam/depth/1751244467.npy,data/raw/arducam/confidence/1751244467.npy,data/processed/arducam/pose_coco17/1751244467.json,
1751244468,2025-06-30T00:47:48Z,scene_003,train,true,15,180,240,data/raw/arducam/depth/1751244468.npy,data/raw/arducam/confidence/1751244468.npy,data/processed/arducam/pose_coco17/1751244468.json,
1751244469,2025-06-30T00:47:49Z,scene_003,train,true,17,180,240,data/raw/arducam/depth/1751244469.npy,data/raw/arducam/confidence/1751244469.npy,data/processed/arducam/pose_coco17/1751244469.json,
1751244470,2025-06-30T00:47:50Z,scene_003,train,true,15,180,240,data/raw/arducam/depth/1751244470.npy,data/raw/arducam/confidence/1751244470.npy,data/processed/arducam/pose_coco17/1751244470.json,
1751244471,2025-06-30T00:47:51Z,scene_003,train,true,15,180,240,data/raw/arducam/depth/1751244471.npy,data/raw/arducam/confidence/1751244471.npy,data/processed/arducam/pose_coco17/1751244471.json,
1751244472,2025-06-30T00:47:52Z,scene_003,train,true,17,180,240,data/raw/arducam/depth/1751244472.npy,data/raw/arducam/confidence/1751244472.npy,data/processed/arducam/pose_coco17/1751244472.json,
1751244473,2025-06-30T00:47:53Z,scene_003,train,true,15,180,240,data/raw/arducam/depth/1751244473.npy,data/raw/arducam/confidence/1751244473.npy,data/processed/arducam/pose_coco17/1751244473.json,
1751244474,2025-06-30T00:47:54Z,scene_003,train,true,15,180,240,data/raw/arducam/depth/1751244474.npy,data/raw/arducam/confidence/1751244474.npy,data/processed/arducam/pose_coco17/1751244474.json,
1751244475,2025-06-30T00:47:55Z,scene_003,train,true,15,180,240,data/raw/arducam/depth/1751244475.npy,data/raw/arducam/confidence/1751244475.npy,data/processed/arducam/pose_coco17/1751244475.json,
1751244476,2025-06-30T00:47:56Z,scene_003,train,true,15,180,240,data/raw/arducam/depth/1751244476.npy,data/raw/arducam/confidence/1751244476.npy,data/processed/arducam/pose_coco17/1751244476.json,
1751244477,2025-06-30T00:47:57Z,scene_003,train,true,17,180,240,data/raw/arducam/depth/1751244477.npy,data/raw/arducam/confidence/1751244477.npy,data/processed/arducam/pose_coco17/1751244477.json,
1751244478,2025-06-30T00:47:58Z,scene_003,train,true,17,180,240,data/raw/arducam/depth/1751244478.npy,data/raw/arducam/confidence/1751244478.npy,data/processed/arducam/pose_coco17/1751244478.json,
1751244479,2025-06-30T00:47:59Z,scene_003,train,true,17,180,240,data/raw/arducam/depth/1751244479.npy,data/raw/arducam/confidence/1751244479.npy,data/processed/arducam/pose_coco17/1751244479.json,
1751244480,2025-06-30T00:48:00Z,scene_003,train,true,17,180,240,data/raw/arducam/depth/1751244480.npy,data/raw/arducam/confidence/1751244480.npy,data/processed/arducam/pose_coco17/1751244480.json,
1751244481,2025-06-30T00:48:01Z,scene_003,train,true,17,180,240,data/raw/arducam/depth/1751244481.npy,data/raw/arducam/confidence/1751244481.npy,data/processed/arducam/pose_coco17/1751244481.json,
1751244482,2025-06-30T00:48:02Z,scene_003,train,true,17,180,240,data/raw/arducam/depth/1751244482.npy,data/raw/arducam/confidence/1751244482.npy,data/processed/arducam/pose_coco17/1751244482.json,
1751244483,2025-06-30T00:48:03Z,scene_003,train,true,17,180,240,data/raw/arducam/depth/1751244483.npy,data/raw/arducam/confidence/1751244483.npy,data/processed/arducam/pose_coco17/1751244483.json,
1751244484,2025-06-30T00:48:04Z,scene_003,train,true,17,180,240,data/raw/arducam/depth/1751244484.npy,data/raw/arducam/confidence/1751244484.npy,data/processed/arducam/pose_coco17/1751244484.json,
1751244485,2025-06-30T00:48:05Z,scene_003,train,true,17,180,240,data/raw/arducam/depth/1751244485.npy,data/raw/arducam/confidence/1751244485.npy,data/processed/arducam/pose_coco17/1751244485.json,
1751244486,2025-06-30T00:48:06Z,scene_003,train,true,17,180,240,data/raw/arducam/depth/1751244486.npy,data/raw/arducam/confidence/1751244486.npy,data/processed/arducam/pose_coco17/1751244486.json,
1751244487,2025-06-30T00:48:07Z,scene_003,train,true,17,180,240,data/raw/arducam/depth/1751244487.npy,data/raw/arducam/confidence/1751244487.npy,data/processed/arducam/pose_coco17/1751244487.json,
1751244488,2025-06-30T00:48:08Z,scene_003,train,true,17,180,240,data/raw/arducam/depth/1751244488.npy,data/raw/arducam/confidence/1751244488.npy,data/processed/arducam/pose_coco17/1751244488.json,
1751244489,2025-06-30T00:48:09Z,scene_003,train,true,17,180,240,data/raw/arducam/depth/1751244489.npy,data/raw/arducam/confidence/1751244489.npy,data/processed/arducam/pose_coco17/1751244489.json,
1751244490,2025-06-30T00:48:10Z,scene_003,train,true,17,180,240,data/raw/arducam/depth/1751244490.npy,data/raw/arducam/confidence/1751244490.npy,data/processed/arducam/pose_coco17/1751244490.json,
1751244491,2025-06-30T00:48:11Z,scene_003,train,true,17,180,240,data/raw/arducam/depth/1751244491.npy,data/raw/arducam/confidence/1751244491.npy,data/processed/arducam/pose_coco17/1751244491.json,
1751244492,2025-06-30T00:48:12Z,scene_003,train,true,17,180,240,data/raw/arducam/depth/1751244492.npy,data/raw/arducam/confidence/1751244492.npy,data/processed/arducam/pose_coco17/1751244492.json,
1751244493,2025-06-30T00:48:13Z,scene_003,train,true,17,180,240,data/raw/arducam/depth/1751244493.npy,data/raw/arducam/confidence/1751244493.npy,data/processed/arducam/pose_coco17/1751244493.json,
1751244494,2025-06-30T00:48:14Z,scene_003,train,true,17,180,240,data/raw/arducam/depth/1751244494.npy,data/raw/arducam/confidence/1751244494.npy,data/processed/arducam/pose_coco17/1751244494.json,
1751244495,2025-06-30T00:48:15Z,scene_003,train,true,17,180,240,data/raw/arducam/depth/1751244495.npy,data/raw/arducam/confidence/1751244495.npy,data/processed/arducam/pose_coco17/1751244495.json,
1751244496,2025-06-30T00:48:16Z,scene_003,train,true,17,180,240,data/raw/arducam/depth/1751244496.npy,data/raw/arducam/confidence/1751244496.npy,data/processed/arducam/pose_coco17/1751244496.json,
1751244497,2025-06-30T00:48:17Z,scene_003,train,true,17,180,240,data/raw/arducam/depth/1751244497.npy,data/raw/arducam/confidence/1751244497.npy,data/processed/arducam/pose_coco17/1751244497.json,
1751244498,2025-06-30T00:48:18Z,scene_003,train,true,17,180,240,data/raw/arducam/depth/1751244498.npy,data/raw/arducam/confidence/1751244498.npy,data/processed/arducam/pose_coco17/1751244498.json,
1751244499,2025-06-30T00:48:19Z,scene_003,train,true,17,180,240,data/raw/arducam/depth/1751244499.npy,data/raw/arducam/confidence/1751244499.npy,data/processed/arducam/pose_coco17/1751244499.json,
1751244500,2025-06-30T00:48:20Z,scene_003,train,true,17,180,240,data/raw/arducam/depth/1751244500.npy,data/raw/arducam/confidence/1751244500.npy,data/processed/arducam/pose_coco17/1751244500.json,
1751244501,2025-06-30T00:48:21Z,scene_003,train,true,17,180,240,data/raw/arducam/depth/1751244501.npy,data/raw/arducam/confidence/1751244501.npy,data/processed/arducam/pose_coco17/1751244501.json,
1751244502,2025-06-30T00:48:22Z,scene_003,train,true,17,180,240,data/raw/arducam/depth/1751244502.npy,data/raw/arducam/confidence/1751244502.npy,data/processed/arducam/pose_coco17/1751244502.json,
1751244503,2025-06-30T00:48:23Z,scene_003,train,true,17,180,240,data/raw/arducam/depth/1751244503.npy,data/raw/arducam/confidence/1751244503.npy,data/processed/arducam/pose_coco17/1751244503.json,
1751244504,2025-06-30T00:48:24Z,scene_003,train,true,17,180,240,data/raw/arducam/depth/1751244504.npy,data/raw/arducam/confidence/1751244504.npy,data/processed/arducam/pose_coco17/1751244504.json,
1751244505,2025-06-30T00:48:25Z,scene_003,train,true,17,180,240,data/raw/arducam/depth/1751244505.npy,data/raw/arducam/confidence/1751244505.npy,data/processed/arducam/pose_coco17/1751244505.json,
1751244506,2025-06-30T00:48:26Z,scene_003,train,true,17,180,240,data/raw/arducam/depth/1751244506.npy,data/raw/arducam/confidence/1751244506.npy,data/processed/arducam/pose_coco17/1751244506.json,
1751244507,2025-06-30T00:48:27Z,scene_003,train,true,17,180,240,data/raw/arducam/depth/1751244507.npy,data/raw/arducam/confidence/1751244507.npy,data/processed/arducam/pose_coco17/1751244507.json,
1751244508,2025-06-30T00:48:28Z,scene_003,train,true,17,180,240,data/raw/arducam/depth/1751244508.npy,data/raw/arducam/confidence/1751244508.npy,data/processed/arducam/pose_coco17/1751244508.json,
1751244509,2025-06-30T00:48:29Z,scene_003,train,true,17,180,240,data/raw/arducam/depth/1751244509.npy,data/raw/arducam/confidence/1751244509.npy,data/processed/arducam/pose_coco17/1751244509.json,
1751244510,2025-06-30T00:48:30Z,scene_003,train,true,17,180,240,data/raw/arducam/depth/1751244510.npy,data/raw/arducam/confidence/1751244510.npy,data/processed/arducam/pose_coco17/1751244510.json,
1751244511,2025-06-30T00:48:31Z,scene_003,train,true,17,180,240,data/raw/arducam/depth/1751244511.npy,data/raw/arducam/confidence/1751244511.npy,data/processed/arducam/pose_coco17/1751244511.json,
1751244512,2025-06-30T00:48:32Z,scene_003,train,true,17,180,240,data/raw/arducam/depth/1751244512.npy,data/raw/arducam/confidence/1751244512.npy,data/processed/arducam/pose_coco17/1751244512.json,
1751244513,2025-06-30T00:48:33Z,scene_003,train,true,17,180,240,data/raw/arducam/depth/1751244513.npy,data/raw/arducam/confidence/1751244513.npy,data/processed/arducam/pose_coco17/1751244513.json,
1751244514,2025-06-30T00:48:34Z,scene_003,train,true,17,180,240,data/raw/arducam/depth/1751244514.npy,data/raw/arducam/confidence/1751244514.npy,data/processed/arducam/pose_coco17/1751244514.json,
1751244515,2025-06-30T00:48:35Z,scene_003,train,true,17,180,240,data/raw/arducam/depth/1751244515.npy,data/raw/arducam/confidence/1751244515.npy,data/processed/arducam/pose_coco17/1751244515.json,
1751244516,2025-06-30T00:48:36Z,scene_003,train,true,17,180,240,data/raw/arducam/depth/1751244516.npy,data/raw/arducam/confidence/1751244516.npy,data/processed/arducam/pose_coco17/1751244516.json,
1751244517,2025-06-30T00:48:37Z,scene_003,train,true,17,180,240,data/raw/arducam/depth/1751244517.npy,data/raw/arducam/confidence/1751244517.npy,data/processed/arducam/pose_coco17/1751244517.json,
1751244518,2025-06-30T00:48:38Z,scene_003,train,true,17,180,240,data/raw/arducam/depth/1751244518.npy,data/raw/arducam/confidence/1751244518.npy,data/processed/arducam/pose_coco17/1751244518.json,
1751244519,2025-06-30T00:48:39Z,scene_003,train,true,17,180,240,data/raw/arducam/depth/1751244519.npy,data/raw/arducam/confidence/1751244519.npy,data/processed/arducam/pose_coco17/1751244519.json,
1751244520,2025-06-30T00:48:40Z,scene_003,train,true,17,180,240,data/raw/arducam/depth/1751244520.npy,data/raw/arducam/confidence/1751244520.npy,data/processed/arducam/pose_coco17/1751244520.json,
1751244521,2025-06-30T00:48:41Z,scene_003,train,true,17,180,240,data/raw/arducam/depth/1751244521.npy,data/raw/arducam/confidence/1751244521.npy,data/processed/arducam/pose_coco17/1751244521.json,
1751244522,2025-06-30T00:48:42Z,scene_003,train,true,17,180,240,data/raw/arducam/depth/1751244522.npy,data/raw/arducam/confidence/1751244522.npy,data/processed/arducam/pose_coco17/1751244522.json,
1751244523,2025-06-30T00:48:43Z,scene_003,train,true,17,180,240,data/raw/arducam/depth/1751244523.npy,data/raw/arducam/confidence/1751244523.npy,data/processed/arducam/pose_coco17/1751244523.json,
1751244524,2025-06-30T00:48:44Z,scene_003,train,true,17,180,240,data/raw/arducam/depth/1751244524.npy,data/raw/arducam/confidence/1751244524.npy,data/processed/arducam/pose_coco17/1751244524.json,
1751244525,2025-06-30T00:48:45Z,scene_003,train,true,17,180,240,data/raw/arducam/depth/1751244525.npy,data/raw/arducam/confidence/1751244525.npy,data/processed/arducam/pose_coco17/1751244525.json,
1751244526,2025-06-30T00:48:46Z,scene_003,train,true,13,180,240,data/raw/arducam/depth/1751244526.npy,data/raw/arducam/confidence/1751244526.npy,data/processed/arducam/pose_coco17/1751244526.json,
1751244527,2025-06-30T00:48:47Z,scene_003,train,false,9,180,240,data/raw/arducam/depth/1751244527.npy,data/raw/arducam/confidence/1751244527.npy,data/processed/arducam/pose_coco17/1751244527.json,fewer_than_12_valid_keypoints
1751244528,2025-06-30T00:48:48Z,scene_003,train,true,13,180,240,data/raw/arducam/depth/1751244528.npy,data/raw/arducam/confidence/1751244528.npy,data/processed/arducam/pose_coco17/1751244528.json,
1751244529,2025-06-30T00:48:49Z,scene_003,train,true,15,180,240,data/raw/arducam/depth/1751244529.npy,data/raw/arducam/confidence/1751244529.npy,data/processed/arducam/pose_coco17/1751244529.json,
1751244530,2025-06-30T00:48:50Z,scene_003,train,true,13,180,240,data/raw/arducam/depth/1751244530.npy,data/raw/arducam/confidence/1751244530.npy,data/processed/arducam/pose_coco17/1751244530.json,
1751244531,2025-06-30T00:48:51Z,scene_003,train,true,13,180,240,data/raw/arducam/depth/1751244531.npy,data/raw/arducam/confidence/1751244531.npy,data/processed/arducam/pose_coco17/1751244531.json,
1751244532,2025-06-30T00:48:52Z,scene_003,train,true,13,180,240,data/raw/arducam/depth/1751244532.npy,data/raw/arducam/confidence/1751244532.npy,data/processed/arducam/pose_coco17/1751244532.json,
1751244533,2025-06-30T00:48:53Z,scene_003,train,true,15,180,240,data/raw/arducam/depth/1751244533.npy,data/raw/arducam/confidence/1751244533.npy,data/processed/arducam/pose_coco17/1751244533.json,
1751244534,2025-06-30T00:48:54Z,scene_003,train,true,15,180,240,data/raw/arducam/depth/1751244534.npy,data/raw/arducam/confidence/1751244534.npy,data/processed/arducam/pose_coco17/1751244534.json,
1751244535,2025-06-30T00:48:55Z,scene_003,train,true,15,180,240,data/raw/arducam/depth/1751244535.npy,data/raw/arducam/confidence/1751244535.npy,data/processed/arducam/pose_coco17/1751244535.json,
1751244536,2025-06-30T00:48:56Z,scene_003,train,true,17,180,240,data/raw/arducam/depth/1751244536.npy,data/raw/arducam/confidence/1751244536.npy,data/processed/arducam/pose_coco17/1751244536.json,
1751244537,2025-06-30T00:48:57Z,scene_003,train,true,15,180,240,data/raw/arducam/depth/1751244537.npy,data/raw/arducam/confidence/1751244537.npy,data/processed/arducam/pose_coco17/1751244537.json,
1751244936,2025-06-30T00:55:36Z,scene_004,val,false,10,180,240,data/raw/arducam/depth/1751244936.npy,data/raw/arducam/confidence/1751244936.npy,data/processed/arducam/pose_coco17/1751244936.json,fewer_than_12_valid_keypoints
1751244937,2025-06-30T00:55:37Z,scene_004,val,false,10,180,240,data/raw/arducam/depth/1751244937.npy,data/raw/arducam/confidence/1751244937.npy,data/processed/arducam/pose_coco17/1751244937.json,fewer_than_12_valid_keypoints
1751244938,2025-06-30T00:55:38Z,scene_004,val,true,13,180,240,data/raw/arducam/depth/1751244938.npy,data/raw/arducam/confidence/1751244938.npy,data/processed/arducam/pose_coco17/1751244938.json,
1751244939,2025-06-30T00:55:39Z,scene_004,val,true,13,180,240,data/raw/arducam/depth/1751244939.npy,data/raw/arducam/confidence/1751244939.npy,data/processed/arducam/pose_coco17/1751244939.json,
1751244940,2025-06-30T00:55:40Z,scene_004,val,true,13,180,240,data/raw/arducam/depth/1751244940.npy,data/raw/arducam/confidence/1751244940.npy,data/processed/arducam/pose_coco17/1751244940.json,
1751244941,2025-06-30T00:55:41Z,scene_004,val,true,13,180,240,data/raw/arducam/depth/1751244941.npy,data/raw/arducam/confidence/1751244941.npy,data/processed/arducam/pose_coco17/1751244941.json,
1751244942,2025-06-30T00:55:42Z,scene_004,val,true,15,180,240,data/raw/arducam/depth/1751244942.npy,data/raw/arducam/confidence/1751244942.npy,data/processed/arducam/pose_coco17/1751244942.json,
1751244943,2025-06-30T00:55:43Z,scene_004,val,true,17,180,240,data/raw/arducam/depth/1751244943.npy,data/raw/arducam/confidence/1751244943.npy,data/processed/arducam/pose_coco17/1751244943.json,
1751244944,2025-06-30T00:55:44Z,scene_004,val,true,15,180,240,data/raw/arducam/depth/1751244944.npy,data/raw/arducam/confidence/1751244944.npy,data/processed/arducam/pose_coco17/1751244944.json,
1751244945,2025-06-30T00:55:45Z,scene_004,val,true,13,180,240,data/raw/arducam/depth/1751244945.npy,data/raw/arducam/confidence/1751244945.npy,data/processed/arducam/pose_coco17/1751244945.json,
1751244946,2025-06-30T00:55:46Z,scene_004,val,true,13,180,240,data/raw/arducam/depth/1751244946.npy,data/raw/arducam/confidence/1751244946.npy,data/processed/arducam/pose_coco17/1751244946.json,
1751244947,2025-06-30T00:55:47Z,scene_004,val,true,15,180,240,data/raw/arducam/depth/1751244947.npy,data/raw/arducam/confidence/1751244947.npy,data/processed/arducam/pose_coco17/1751244947.json,
1751244948,2025-06-30T00:55:48Z,scene_004,val,true,17,180,240,data/raw/arducam/depth/1751244948.npy,data/raw/arducam/confidence/1751244948.npy,data/processed/arducam/pose_coco17/1751244948.json,
1751244949,2025-06-30T00:55:49Z,scene_004,val,true,17,180,240,data/raw/arducam/depth/1751244949.npy,data/raw/arducam/confidence/1751244949.npy,data/processed/arducam/pose_coco17/1751244949.json,
1751244950,2025-06-30T00:55:50Z,scene_004,val,true,17,180,240,data/raw/arducam/depth/1751244950.npy,data/raw/arducam/confidence/1751244950.npy,data/processed/arducam/pose_coco17/1751244950.json,
1751244951,2025-06-30T00:55:51Z,scene_004,val,true,15,180,240,data/raw/arducam/depth/1751244951.npy,data/raw/arducam/confidence/1751244951.npy,data/processed/arducam/pose_coco17/1751244951.json,
1751244952,2025-06-30T00:55:52Z,scene_004,val,true,13,180,240,data/raw/arducam/depth/1751244952.npy,data/raw/arducam/confidence/1751244952.npy,data/processed/arducam/pose_coco17/1751244952.json,
1751244953,2025-06-30T00:55:53Z,scene_004,val,false,11,180,240,data/raw/arducam/depth/1751244953.npy,data/raw/arducam/confidence/1751244953.npy,data/processed/arducam/pose_coco17/1751244953.json,fewer_than_12_valid_keypoints
1751244954,2025-06-30T00:55:54Z,scene_004,val,true,13,180,240,data/raw/arducam/depth/1751244954.npy,data/raw/arducam/confidence/1751244954.npy,data/processed/arducam/pose_coco17/1751244954.json,
1751244955,2025-06-30T00:55:55Z,scene_004,val,true,13,180,240,data/raw/arducam/depth/1751244955.npy,data/raw/arducam/confidence/1751244955.npy,data/processed/arducam/pose_coco17/1751244955.json,
1751244956,2025-06-30T00:55:56Z,scene_004,val,true,13,180,240,data/raw/arducam/depth/1751244956.npy,data/raw/arducam/confidence/1751244956.npy,data/processed/arducam/pose_coco17/1751244956.json,
1751244957,2025-06-30T00:55:57Z,scene_004,val,true,13,180,240,data/raw/arducam/depth/1751244957.npy,data/raw/arducam/confidence/1751244957.npy,data/processed/arducam/pose_coco17/1751244957.json,
1751244958,2025-06-30T00:55:58Z,scene_004,val,true,12,180,240,data/raw/arducam/depth/1751244958.npy,data/raw/arducam/confidence/1751244958.npy,data/processed/arducam/pose_coco17/1751244958.json,
1751244959,2025-06-30T00:55:59Z,scene_004,val,false,9,180,240,data/raw/arducam/depth/1751244959.npy,data/raw/arducam/confidence/1751244959.npy,data/processed/arducam/pose_coco17/1751244959.json,fewer_than_12_valid_keypoints
1751244960,2025-06-30T00:56:00Z,scene_004,val,false,9,180,240,data/raw/arducam/depth/1751244960.npy,data/raw/arducam/confidence/1751244960.npy,data/processed/arducam/pose_coco17/1751244960.json,fewer_than_12_valid_keypoints
1751244961,2025-06-30T00:56:01Z,scene_004,val,false,9,180,240,data/raw/arducam/depth/1751244961.npy,data/raw/arducam/confidence/1751244961.npy,data/processed/arducam/pose_coco17/1751244961.json,fewer_than_12_valid_keypoints
1751244962,2025-06-30T00:56:02Z,scene_004,val,true,13,180,240,data/raw/arducam/depth/1751244962.npy,data/raw/arducam/confidence/1751244962.npy,data/processed/arducam/pose_coco17/1751244962.json,
1751244963,2025-06-30T00:56:03Z,scene_004,val,true,13,180,240,data/raw/arducam/depth/1751244963.npy,data/raw/arducam/confidence/1751244963.npy,data/processed/arducam/pose_coco17/1751244963.json,
1751244964,2025-06-30T00:56:04Z,scene_004,val,true,15,180,240,data/raw/arducam/depth/1751244964.npy,data/raw/arducam/confidence/1751244964.npy,data/processed/arducam/pose_coco17/1751244964.json,
1751244965,2025-06-30T00:56:05Z,scene_004,val,true,17,180,240,data/raw/arducam/depth/1751244965.npy,data/raw/arducam/confidence/1751244965.npy,data/processed/arducam/pose_coco17/1751244965.json,
1751244966,2025-06-30T00:56:06Z,scene_004,val,true,17,180,240,data/raw/arducam/depth/1751244966.npy,data/raw/arducam/confidence/1751244966.npy,data/processed/arducam/pose_coco17/1751244966.json,
1751244967,2025-06-30T00:56:07Z,scene_004,val,true,17,180,240,data/raw/arducam/depth/1751244967.npy,data/raw/arducam/confidence/1751244967.npy,data/processed/arducam/pose_coco17/1751244967.json,
1751244969,2025-06-30T00:56:09Z,scene_004,val,true,17,180,240,data/raw/arducam/depth/1751244969.npy,data/raw/arducam/confidence/1751244969.npy,data/processed/arducam/pose_coco17/1751244969.json,
1751244970,2025-06-30T00:56:10Z,scene_004,val,true,13,180,240,data/raw/arducam/depth/1751244970.npy,data/raw/arducam/confidence/1751244970.npy,data/processed/arducam/pose_coco17/1751244970.json,
1751244971,2025-06-30T00:56:11Z,scene_004,val,false,9,180,240,data/raw/arducam/depth/1751244971.npy,data/raw/arducam/confidence/1751244971.npy,data/processed/arducam/pose_coco17/1751244971.json,fewer_than_12_valid_keypoints
1751244972,2025-06-30T00:56:12Z,scene_004,val,false,8,180,240,data/raw/arducam/depth/1751244972.npy,data/raw/arducam/confidence/1751244972.npy,data/processed/arducam/pose_coco17/1751244972.json,fewer_than_12_valid_keypoints
1751244973,2025-06-30T00:56:13Z,scene_004,val,false,7,180,240,data/raw/arducam/depth/1751244973.npy,data/raw/arducam/confidence/1751244973.npy,data/processed/arducam/pose_coco17/1751244973.json,fewer_than_12_valid_keypoints
1751244974,2025-06-30T00:56:14Z,scene_004,val,false,9,180,240,data/raw/arducam/depth/1751244974.npy,data/raw/arducam/confidence/1751244974.npy,data/processed/arducam/pose_coco17/1751244974.json,fewer_than_12_valid_keypoints
1751244975,2025-06-30T00:56:15Z,scene_004,val,false,9,180,240,data/raw/arducam/depth/1751244975.npy,data/raw/arducam/confidence/1751244975.npy,data/processed/arducam/pose_coco17/1751244975.json,fewer_than_12_valid_keypoints
1751244976,2025-06-30T00:56:16Z,scene_004,val,false,10,180,240,data/raw/arducam/depth/1751244976.npy,data/raw/arducam/confidence/1751244976.npy,data/processed/arducam/pose_coco17/1751244976.json,fewer_than_12_valid_keypoints
1751244977,2025-06-30T00:56:17Z,scene_004,val,true,13,180,240,data/raw/arducam/depth/1751244977.npy,data/raw/arducam/confidence/1751244977.npy,data/processed/arducam/pose_coco17/1751244977.json,
1751244978,2025-06-30T00:56:18Z,scene_004,val,true,13,180,240,data/raw/arducam/depth/1751244978.npy,data/raw/arducam/confidence/1751244978.npy,data/processed/arducam/pose_coco17/1751244978.json,
1751244979,2025-06-30T00:56:19Z,scene_004,val,false,9,180,240,data/raw/arducam/depth/1751244979.npy,data/raw/arducam/confidence/1751244979.npy,data/processed/arducam/pose_coco17/1751244979.json,fewer_than_12_valid_keypoints
1751244980,2025-06-30T00:56:20Z,scene_004,val,false,11,180,240,data/raw/arducam/depth/1751244980.npy,data/raw/arducam/confidence/1751244980.npy,data/processed/arducam/pose_coco17/1751244980.json,fewer_than_12_valid_keypoints
1751244981,2025-06-30T00:56:21Z,scene_004,val,true,13,180,240,data/raw/arducam/depth/1751244981.npy,data/raw/arducam/confidence/1751244981.npy,data/processed/arducam/pose_coco17/1751244981.json,
1751244982,2025-06-30T00:56:22Z,scene_004,val,true,17,180,240,data/raw/arducam/depth/1751244982.npy,data/raw/arducam/confidence/1751244982.npy,data/processed/arducam/pose_coco17/1751244982.json,
1751244983,2025-06-30T00:56:23Z,scene_004,val,true,17,180,240,data/raw/arducam/depth/1751244983.npy,data/raw/arducam/confidence/1751244983.npy,data/processed/arducam/pose_coco17/1751244983.json,
1751244984,2025-06-30T00:56:24Z,scene_004,val,true,17,180,240,data/raw/arducam/depth/1751244984.npy,data/raw/arducam/confidence/1751244984.npy,data/processed/arducam/pose_coco17/1751244984.json,
1751244985,2025-06-30T00:56:25Z,scene_004,val,true,17,180,240,data/raw/arducam/depth/1751244985.npy,data/raw/arducam/confidence/1751244985.npy,data/processed/arducam/pose_coco17/1751244985.json,
1751244986,2025-06-30T00:56:26Z,scene_004,val,true,17,180,240,data/raw/arducam/depth/1751244986.npy,data/raw/arducam/confidence/1751244986.npy,data/processed/arducam/pose_coco17/1751244986.json,
1751244987,2025-06-30T00:56:27Z,scene_004,val,true,17,180,240,data/raw/arducam/depth/1751244987.npy,data/raw/arducam/confidence/1751244987.npy,data/processed/arducam/pose_coco17/1751244987.json,
1751244988,2025-06-30T00:56:28Z,scene_004,val,true,17,180,240,data/raw/arducam/depth/1751244988.npy,data/raw/arducam/confidence/1751244988.npy,data/processed/arducam/pose_coco17/1751244988.json,
1751244989,2025-06-30T00:56:29Z,scene_004,val,true,17,180,240,data/raw/arducam/depth/1751244989.npy,data/raw/arducam/confidence/1751244989.npy,data/processed/arducam/pose_coco17/1751244989.json,
1751244990,2025-06-30T00:56:30Z,scene_004,val,true,17,180,240,data/raw/arducam/depth/1751244990.npy,data/raw/arducam/confidence/1751244990.npy,data/processed/arducam/pose_coco17/1751244990.json,
1751244991,2025-06-30T00:56:31Z,scene_004,val,true,17,180,240,data/raw/arducam/depth/1751244991.npy,data/raw/arducam/confidence/1751244991.npy,data/processed/arducam/pose_coco17/1751244991.json,
1751244992,2025-06-30T00:56:32Z,scene_004,val,true,17,180,240,data/raw/arducam/depth/1751244992.npy,data/raw/arducam/confidence/1751244992.npy,data/processed/arducam/pose_coco17/1751244992.json,
1751244993,2025-06-30T00:56:33Z,scene_004,val,true,17,180,240,data/raw/arducam/depth/1751244993.npy,data/raw/arducam/confidence/1751244993.npy,data/processed/arducam/pose_coco17/1751244993.json,
1751244994,2025-06-30T00:56:34Z,scene_004,val,true,17,180,240,data/raw/arducam/depth/1751244994.npy,data/raw/arducam/confidence/1751244994.npy,data/processed/arducam/pose_coco17/1751244994.json,
1751244995,2025-06-30T00:56:35Z,scene_004,val,true,17,180,240,data/raw/arducam/depth/1751244995.npy,data/raw/arducam/confidence/1751244995.npy,data/processed/arducam/pose_coco17/1751244995.json,
1751245004,2025-06-30T00:56:44Z,scene_004,val,true,15,180,240,data/raw/arducam/depth/1751245004.npy,data/raw/arducam/confidence/1751245004.npy,data/processed/arducam/pose_coco17/1751245004.json,
1751245005,2025-06-30T00:56:45Z,scene_004,val,true,13,180,240,data/raw/arducam/depth/1751245005.npy,data/raw/arducam/confidence/1751245005.npy,data/processed/arducam/pose_coco17/1751245005.json,
1751245006,2025-06-30T00:56:46Z,scene_004,val,true,13,180,240,data/raw/arducam/depth/1751245006.npy,data/raw/arducam/confidence/1751245006.npy,data/processed/arducam/pose_coco17/1751245006.json,
1751245007,2025-06-30T00:56:47Z,scene_004,val,true,12,180,240,data/raw/arducam/depth/1751245007.npy,data/raw/arducam/confidence/1751245007.npy,data/processed/arducam/pose_coco17/1751245007.json,
1751245008,2025-06-30T00:56:48Z,scene_004,val,false,9,180,240,data/raw/arducam/depth/1751245008.npy,data/raw/arducam/confidence/1751245008.npy,data/processed/arducam/pose_coco17/1751245008.json,fewer_than_12_valid_keypoints
1751245009,2025-06-30T00:56:49Z,scene_004,val,false,9,180,240,data/raw/arducam/depth/1751245009.npy,data/raw/arducam/confidence/1751245009.npy,data/processed/arducam/pose_coco17/1751245009.json,fewer_than_12_valid_keypoints
1751245010,2025-06-30T00:56:50Z,scene_004,val,false,9,180,240,data/raw/arducam/depth/1751245010.npy,data/raw/arducam/confidence/1751245010.npy,data/processed/arducam/pose_coco17/1751245010.json,fewer_than_12_valid_keypoints
1751245011,2025-06-30T00:56:51Z,scene_004,val,false,9,180,240,data/raw/arducam/depth/1751245011.npy,data/raw/arducam/confidence/1751245011.npy,data/processed/arducam/pose_coco17/1751245011.json,fewer_than_12_valid_keypoints
1751245012,2025-06-30T00:56:52Z,scene_004,val,false,9,180,240,data/raw/arducam/depth/1751245012.npy,data/raw/arducam/confidence/1751245012.npy,data/processed/arducam/pose_coco17/1751245012.json,fewer_than_12_valid_keypoints
1751245013,2025-06-30T00:56:53Z,scene_004,val,true,13,180,240,data/raw/arducam/depth/1751245013.npy,data/raw/arducam/confidence/1751245013.npy,data/processed/arducam/pose_coco17/1751245013.json,
1751245045,2025-06-30T00:57:25Z,scene_004,val,true,17,180,240,data/raw/arducam/depth/1751245045.npy,data/raw/arducam/confidence/1751245045.npy,data/processed/arducam/pose_coco17/1751245045.json,
1751245046,2025-06-30T00:57:26Z,scene_004,val,true,15,180,240,data/raw/arducam/depth/1751245046.npy,data/raw/arducam/confidence/1751245046.npy,data/processed/arducam/pose_coco17/1751245046.json,
1751245047,2025-06-30T00:57:27Z,scene_004,val,true,17,180,240,data/raw/arducam/depth/1751245047.npy,data/raw/arducam/confidence/1751245047.npy,data/processed/arducam/pose_coco17/1751245047.json,
1751245048,2025-06-30T00:57:28Z,scene_004,val,true,15,180,240,data/raw/arducam/depth/1751245048.npy,data/raw/arducam/confidence/1751245048.npy,data/processed/arducam/pose_coco17/1751245048.json,
1751245049,2025-06-30T00:57:29Z,scene_004,val,true,17,180,240,data/raw/arducam/depth/1751245049.npy,data/raw/arducam/confidence/1751245049.npy,data/processed/arducam/pose_coco17/1751245049.json,
1751245050,2025-06-30T00:57:30Z,scene_004,val,true,16,180,240,data/raw/arducam/depth/1751245050.npy,data/raw/arducam/confidence/1751245050.npy,data/processed/arducam/pose_coco17/1751245050.json,
1751245051,2025-06-30T00:57:31Z,scene_004,val,true,13,180,240,data/raw/arducam/depth/1751245051.npy,data/raw/arducam/confidence/1751245051.npy,data/processed/arducam/pose_coco17/1751245051.json,
1751245052,2025-06-30T00:57:32Z,scene_004,val,true,13,180,240,data/raw/arducam/depth/1751245052.npy,data/raw/arducam/confidence/1751245052.npy,data/processed/arducam/pose_coco17/1751245052.json,
1751245053,2025-06-30T00:57:33Z,scene_004,val,true,13,180,240,data/raw/arducam/depth/1751245053.npy,data/raw/arducam/confidence/1751245053.npy,data/processed/arducam/pose_coco17/1751245053.json,
1751245054,2025-06-30T00:57:34Z,scene_004,val,true,13,180,240,data/raw/arducam/depth/1751245054.npy,data/raw/arducam/confidence/1751245054.npy,data/processed/arducam/pose_coco17/1751245054.json,
1751245055,2025-06-30T00:57:35Z,scene_004,val,true,13,180,240,data/raw/arducam/depth/1751245055.npy,data/raw/arducam/confidence/1751245055.npy,data/processed/arducam/pose_coco17/1751245055.json,
1751245056,2025-06-30T00:57:36Z,scene_004,val,true,13,180,240,data/raw/arducam/depth/1751245056.npy,data/raw/arducam/confidence/1751245056.npy,data/processed/arducam/pose_coco17/1751245056.json,
1751245057,2025-06-30T00:57:37Z,scene_004,val,true,13,180,240,data/raw/arducam/depth/1751245057.npy,data/raw/arducam/confidence/1751245057.npy,data/processed/arducam/pose_coco17/1751245057.json,
1751245058,2025-06-30T00:57:38Z,scene_004,val,true,13,180,240,data/raw/arducam/depth/1751245058.npy,data/raw/arducam/confidence/1751245058.npy,data/processed/arducam/pose_coco17/1751245058.json,
1751245059,2025-06-30T00:57:39Z,scene_004,val,true,13,180,240,data/raw/arducam/depth/1751245059.npy,data/raw/arducam/confidence/1751245059.npy,data/processed/arducam/pose_coco17/1751245059.json,
1751245060,2025-06-30T00:57:40Z,scene_004,val,false,11,180,240,data/raw/arducam/depth/1751245060.npy,data/raw/arducam/confidence/1751245060.npy,data/processed/arducam/pose_coco17/1751245060.json,fewer_than_12_valid_keypoints
1751245066,2025-06-30T00:57:46Z,scene_004,val,true,12,180,240,data/raw/arducam/depth/1751245066.npy,data/raw/arducam/confidence/1751245066.npy,data/processed/arducam/pose_coco17/1751245066.json,
1751245067,2025-06-30T00:57:47Z,scene_004,val,false,10,180,240,data/raw/arducam/depth/1751245067.npy,data/raw/arducam/confidence/1751245067.npy,data/processed/arducam/pose_coco17/1751245067.json,fewer_than_12_valid_keypoints
1751245068,2025-06-30T00:57:48Z,scene_004,val,false,11,180,240,data/raw/arducam/depth/1751245068.npy,data/raw/arducam/confidence/1751245068.npy,data/processed/arducam/pose_coco17/1751245068.json,fewer_than_12_valid_keypoints
1751245069,2025-06-30T00:57:49Z,scene_004,val,false,10,180,240,data/raw/arducam/depth/1751245069.npy,data/raw/arducam/confidence/1751245069.npy,data/processed/arducam/pose_coco17/1751245069.json,fewer_than_12_valid_keypoints
1751245070,2025-06-30T00:57:50Z,scene_004,val,false,10,180,240,data/raw/arducam/depth/1751245070.npy,data/raw/arducam/confidence/1751245070.npy,data/processed/arducam/pose_coco17/1751245070.json,fewer_than_12_valid_keypoints
1751245071,2025-06-30T00:57:51Z,scene_004,val,true,13,180,240,data/raw/arducam/depth/1751245071.npy,data/raw/arducam/confidence/1751245071.npy,data/processed/arducam/pose_coco17/1751245071.json,
1751245072,2025-06-30T00:57:52Z,scene_004,val,true,13,180,240,data/raw/arducam/depth/1751245072.npy,data/raw/arducam/confidence/1751245072.npy,data/processed/arducam/pose_coco17/1751245072.json,
1751245073,2025-06-30T00:57:53Z,scene_004,val,true,13,180,240,data/raw/arducam/depth/1751245073.npy,data/raw/arducam/confidence/1751245073.npy,data/processed/arducam/pose_coco17/1751245073.json,
1751245074,2025-06-30T00:57:54Z,scene_004,val,true,14,180,240,data/raw/arducam/depth/1751245074.npy,data/raw/arducam/confidence/1751245074.npy,data/processed/arducam/pose_coco17/1751245074.json,
1751245075,2025-06-30T00:57:55Z,scene_004,val,true,13,180,240,data/raw/arducam/depth/1751245075.npy,data/raw/arducam/confidence/1751245075.npy,data/processed/arducam/pose_coco17/1751245075.json,
1751245076,2025-06-30T00:57:56Z,scene_004,val,true,15,180,240,data/raw/arducam/depth/1751245076.npy,data/raw/arducam/confidence/1751245076.npy,data/processed/arducam/pose_coco17/1751245076.json,
1751245077,2025-06-30T00:57:57Z,scene_004,val,true,15,180,240,data/raw/arducam/depth/1751245077.npy,data/raw/arducam/confidence/1751245077.npy,data/processed/arducam/pose_coco17/1751245077.json,
1751245078,2025-06-30T00:57:58Z,scene_004,val,true,15,180,240,data/raw/arducam/depth/1751245078.npy,data/raw/arducam/confidence/1751245078.npy,data/processed/arducam/pose_coco17/1751245078.json,
1751245079,2025-06-30T00:57:59Z,scene_004,val,true,15,180,240,data/raw/arducam/depth/1751245079.npy,data/raw/arducam/confidence/1751245079.npy,data/processed/arducam/pose_coco17/1751245079.json,
1751245080,2025-06-30T00:58:00Z,scene_004,val,true,15,180,240,data/raw/arducam/depth/1751245080.npy,data/raw/arducam/confidence/1751245080.npy,data/processed/arducam/pose_coco17/1751245080.json,
1751245081,2025-06-30T00:58:01Z,scene_004,val,true,15,180,240,data/raw/arducam/depth/1751245081.npy,data/raw/arducam/confidence/1751245081.npy,data/processed/arducam/pose_coco17/1751245081.json,
1751245082,2025-06-30T00:58:02Z,scene_004,val,true,12,180,240,data/raw/arducam/depth/1751245082.npy,data/raw/arducam/confidence/1751245082.npy,data/processed/arducam/pose_coco17/1751245082.json,
1751245083,2025-06-30T00:58:03Z,scene_004,val,false,11,180,240,data/raw/arducam/depth/1751245083.npy,data/raw/arducam/confidence/1751245083.npy,data/processed/arducam/pose_coco17/1751245083.json,fewer_than_12_valid_keypoints
1751245084,2025-06-30T00:58:04Z,scene_004,val,false,5,180,240,data/raw/arducam/depth/1751245084.npy,data/raw/arducam/confidence/1751245084.npy,data/processed/arducam/pose_coco17/1751245084.json,fewer_than_12_valid_keypoints
1751245085,2025-06-30T00:58:05Z,scene_004,val,false,5,180,240,data/raw/arducam/depth/1751245085.npy,data/raw/arducam/confidence/1751245085.npy,data/processed/arducam/pose_coco17/1751245085.json,fewer_than_12_valid_keypoints
1751245086,2025-06-30T00:58:06Z,scene_004,val,true,15,180,240,data/raw/arducam/depth/1751245086.npy,data/raw/arducam/confidence/1751245086.npy,data/processed/arducam/pose_coco17/1751245086.json,
1751245087,2025-06-30T00:58:07Z,scene_004,val,true,15,180,240,data/raw/arducam/depth/1751245087.npy,data/raw/arducam/confidence/1751245087.npy,data/processed/arducam/pose_coco17/1751245087.json,
1751245088,2025-06-30T00:58:08Z,scene_004,val,true,13,180,240,data/raw/arducam/depth/1751245088.npy,data/raw/arducam/confidence/1751245088.npy,data/processed/arducam/pose_coco17/1751245088.json,
1751245089,2025-06-30T00:58:09Z,scene_004,val,true,13,180,240,data/raw/arducam/depth/1751245089.npy,data/raw/arducam/confidence/1751245089.npy,data/processed/arducam/pose_coco17/1751245089.json,
1751245090,2025-06-30T00:58:10Z,scene_004,val,true,13,180,240,data/raw/arducam/depth/1751245090.npy,data/raw/arducam/confidence/1751245090.npy,data/processed/arducam/pose_coco17/1751245090.json,
1751245091,2025-06-30T00:58:11Z,scene_004,val,true,13,180,240,data/raw/arducam/depth/1751245091.npy,data/raw/arducam/confidence/1751245091.npy,data/processed/arducam/pose_coco17/1751245091.json,
1751245092,2025-06-30T00:58:12Z,scene_004,val,true,13,180,240,data/raw/arducam/depth/1751245092.npy,data/raw/arducam/confidence/1751245092.npy,data/processed/arducam/pose_coco17/1751245092.json,
1751245093,2025-06-30T00:58:13Z,scene_004,val,true,16,180,240,data/raw/arducam/depth/1751245093.npy,data/raw/arducam/confidence/1751245093.npy,data/processed/arducam/pose_coco17/1751245093.json,
1751245094,2025-06-30T00:58:14Z,scene_004,val,true,13,180,240,data/raw/arducam/depth/1751245094.npy,data/raw/arducam/confidence/1751245094.npy,data/processed/arducam/pose_coco17/1751245094.json,
1751245095,2025-06-30T00:58:15Z,scene_004,val,true,16,180,240,data/raw/arducam/depth/1751245095.npy,data/raw/arducam/confidence/1751245095.npy,data/processed/arducam/pose_coco17/1751245095.json,
1751245096,2025-06-30T00:58:16Z,scene_004,val,true,13,180,240,data/raw/arducam/depth/1751245096.npy,data/raw/arducam/confidence/1751245096.npy,data/processed/arducam/pose_coco17/1751245096.json,
1751245097,2025-06-30T00:58:17Z,scene_004,val,true,13,180,240,data/raw/arducam/depth/1751245097.npy,data/raw/arducam/confidence/1751245097.npy,data/processed/arducam/pose_coco17/1751245097.json,
1751245098,2025-06-30T00:58:18Z,scene_004,val,true,13,180,240,data/raw/arducam/depth/1751245098.npy,data/raw/arducam/confidence/1751245098.npy,data/processed/arducam/pose_coco17/1751245098.json,
1751245099,2025-06-30T00:58:19Z,scene_004,val,true,17,180,240,data/raw/arducam/depth/1751245099.npy,data/raw/arducam/confidence/1751245099.npy,data/processed/arducam/pose_coco17/1751245099.json,
1751245100,2025-06-30T00:58:20Z,scene_004,val,true,13,180,240,data/raw/arducam/depth/1751245100.npy,data/raw/arducam/confidence/1751245100.npy,data/processed/arducam/pose_coco17/1751245100.json,
1751245101,2025-06-30T00:58:21Z,scene_004,val,true,13,180,240,data/raw/arducam/depth/1751245101.npy,data/raw/arducam/confidence/1751245101.npy,data/processed/arducam/pose_coco17/1751245101.json,
1751245102,2025-06-30T00:58:22Z,scene_004,val,true,13,180,240,data/raw/arducam/depth/1751245102.npy,data/raw/arducam/confidence/1751245102.npy,data/processed/arducam/pose_coco17/1751245102.json,
1751245103,2025-06-30T00:58:23Z,scene_004,val,true,13,180,240,data/raw/arducam/depth/1751245103.npy,data/raw/arducam/confidence/1751245103.npy,data/processed/arducam/pose_coco17/1751245103.json,
1751245104,2025-06-30T00:58:24Z,scene_004,val,true,13,180,240,data/raw/arducam/depth/1751245104.npy,data/raw/arducam/confidence/1751245104.npy,data/processed/arducam/pose_coco17/1751245104.json,
1751245105,2025-06-30T00:58:25Z,scene_004,val,true,13,180,240,data/raw/arducam/depth/1751245105.npy,data/raw/arducam/confidence/1751245105.npy,data/processed/arducam/pose_coco17/1751245105.json,
1751245106,2025-06-30T00:58:26Z,scene_004,val,true,13,180,240,data/raw/arducam/depth/1751245106.npy,data/raw/arducam/confidence/1751245106.npy,data/processed/arducam/pose_coco17/1751245106.json,
1751245107,2025-06-30T00:58:27Z,scene_004,val,true,13,180,240,data/raw/arducam/depth/1751245107.npy,data/raw/arducam/confidence/1751245107.npy,data/processed/arducam/pose_coco17/1751245107.json,
1751245108,2025-06-30T00:58:28Z,scene_004,val,true,13,180,240,data/raw/arducam/depth/1751245108.npy,data/raw/arducam/confidence/1751245108.npy,data/processed/arducam/pose_coco17/1751245108.json,
1751245109,2025-06-30T00:58:29Z,scene_004,val,true,13,180,240,data/raw/arducam/depth/1751245109.npy,data/raw/arducam/confidence/1751245109.npy,data/processed/arducam/pose_coco17/1751245109.json,
1751245110,2025-06-30T00:58:30Z,scene_004,val,true,13,180,240,data/raw/arducam/depth/1751245110.npy,data/raw/arducam/confidence/1751245110.npy,data/processed/arducam/pose_coco17/1751245110.json,
1751245111,2025-06-30T00:58:31Z,scene_004,val,false,10,180,240,data/raw/arducam/depth/1751245111.npy,data/raw/arducam/confidence/1751245111.npy,data/processed/arducam/pose_coco17/1751245111.json,fewer_than_12_valid_keypoints
1751245112,2025-06-30T00:58:32Z,scene_004,val,true,17,180,240,data/raw/arducam/depth/1751245112.npy,data/raw/arducam/confidence/1751245112.npy,data/processed/arducam/pose_coco17/1751245112.json,
1751245113,2025-06-30T00:58:33Z,scene_004,val,true,17,180,240,data/raw/arducam/depth/1751245113.npy,data/raw/arducam/confidence/1751245113.npy,data/processed/arducam/pose_coco17/1751245113.json,
1751245114,2025-06-30T00:58:34Z,scene_004,val,true,13,180,240,data/raw/arducam/depth/1751245114.npy,data/raw/arducam/confidence/1751245114.npy,data/processed/arducam/pose_coco17/1751245114.json,
1751245115,2025-06-30T00:58:35Z,scene_004,val,true,12,180,240,data/raw/arducam/depth/1751245115.npy,data/raw/arducam/confidence/1751245115.npy,data/processed/arducam/pose_coco17/1751245115.json,
1751245116,2025-06-30T00:58:36Z,scene_004,val,false,11,180,240,data/raw/arducam/depth/1751245116.npy,data/raw/arducam/confidence/1751245116.npy,data/processed/arducam/pose_coco17/1751245116.json,fewer_than_12_valid_keypoints
1751245117,2025-06-30T00:58:37Z,scene_004,val,false,10,180,240,data/raw/arducam/depth/1751245117.npy,data/raw/arducam/confidence/1751245117.npy,data/processed/arducam/pose_coco17/1751245117.json,fewer_than_12_valid_keypoints
1751245118,2025-06-30T00:58:38Z,scene_004,val,true,13,180,240,data/raw/arducam/depth/1751245118.npy,data/raw/arducam/confidence/1751245118.npy,data/processed/arducam/pose_coco17/1751245118.json,
1751245119,2025-06-30T00:58:39Z,scene_004,val,true,13,180,240,data/raw/arducam/depth/1751245119.npy,data/raw/arducam/confidence/1751245119.npy,data/processed/arducam/pose_coco17/1751245119.json,
1751245120,2025-06-30T00:58:40Z,scene_004,val,true,13,180,240,data/raw/arducam/depth/1751245120.npy,data/raw/arducam/confidence/1751245120.npy,data/processed/arducam/pose_coco17/1751245120.json,
1751245121,2025-06-30T00:58:41Z,scene_004,val,true,13,180,240,data/raw/arducam/depth/1751245121.npy,data/raw/arducam/confidence/1751245121.npy,data/processed/arducam/pose_coco17/1751245121.json,
1751245122,2025-06-30T00:58:42Z,scene_004,val,true,13,180,240,data/raw/arducam/depth/1751245122.npy,data/raw/arducam/confidence/1751245122.npy,data/processed/arducam/pose_coco17/1751245122.json,
1751245123,2025-06-30T00:58:43Z,scene_004,val,true,13,180,240,data/raw/arducam/depth/1751245123.npy,data/raw/arducam/confidence/1751245123.npy,data/processed/arducam/pose_coco17/1751245123.json,
1751245124,2025-06-30T00:58:44Z,scene_004,val,true,13,180,240,data/raw/arducam/depth/1751245124.npy,data/raw/arducam/confidence/1751245124.npy,data/processed/arducam/pose_coco17/1751245124.json,
1751245125,2025-06-30T00:58:45Z,scene_004,val,true,13,180,240,data/raw/arducam/depth/1751245125.npy,data/raw/arducam/confidence/1751245125.npy,data/processed/arducam/pose_coco17/1751245125.json,
1751245126,2025-06-30T00:58:46Z,scene_004,val,true,13,180,240,data/raw/arducam/depth/1751245126.npy,data/raw/arducam/confidence/1751245126.npy,data/processed/arducam/pose_coco17/1751245126.json,
1751245127,2025-06-30T00:58:47Z,scene_004,val,true,12,180,240,data/raw/arducam/depth/1751245127.npy,data/raw/arducam/confidence/1751245127.npy,data/processed/arducam/pose_coco17/1751245127.json,
1751245128,2025-06-30T00:58:48Z,scene_004,val,true,13,180,240,data/raw/arducam/depth/1751245128.npy,data/raw/arducam/confidence/1751245128.npy,data/processed/arducam/pose_coco17/1751245128.json,
1751245129,2025-06-30T00:58:49Z,scene_004,val,true,13,180,240,data/raw/arducam/depth/1751245129.npy,data/raw/arducam/confidence/1751245129.npy,data/processed/arducam/pose_coco17/1751245129.json,
1751245130,2025-06-30T00:58:50Z,scene_004,val,true,13,180,240,data/raw/arducam/depth/1751245130.npy,data/raw/arducam/confidence/1751245130.npy,data/processed/arducam/pose_coco17/1751245130.json,
1751245131,2025-06-30T00:58:51Z,scene_004,val,true,14,180,240,data/raw/arducam/depth/1751245131.npy,data/raw/arducam/confidence/1751245131.npy,data/processed/arducam/pose_coco17/1751245131.json,
1751245132,2025-06-30T00:58:52Z,scene_004,val,true,13,180,240,data/raw/arducam/depth/1751245132.npy,data/raw/arducam/confidence/1751245132.npy,data/processed/arducam/pose_coco17/1751245132.json,
1751245133,2025-06-30T00:58:53Z,scene_004,val,true,13,180,240,data/raw/arducam/depth/1751245133.npy,data/raw/arducam/confidence/1751245133.npy,data/processed/arducam/pose_coco17/1751245133.json,
1751245134,2025-06-30T00:58:54Z,scene_004,val,true,13,180,240,data/raw/arducam/depth/1751245134.npy,data/raw/arducam/confidence/1751245134.npy,data/processed/arducam/pose_coco17/1751245134.json,
1751245135,2025-06-30T00:58:55Z,scene_004,val,true,13,180,240,data/raw/arducam/depth/1751245135.npy,data/raw/arducam/confidence/1751245135.npy,data/processed/arducam/pose_coco17/1751245135.json,
1751245136,2025-06-30T00:58:56Z,scene_004,val,true,13,180,240,data/raw/arducam/depth/1751245136.npy,data/raw/arducam/confidence/1751245136.npy,data/processed/arducam/pose_coco17/1751245136.json,
1751245137,2025-06-30T00:58:57Z,scene_004,val,true,13,180,240,data/raw/arducam/depth/1751245137.npy,data/raw/arducam/confidence/1751245137.npy,data/processed/arducam/pose_coco17/1751245137.json,
1751245138,2025-06-30T00:58:58Z,scene_004,val,true,13,180,240,data/raw/arducam/depth/1751245138.npy,data/raw/arducam/confidence/1751245138.npy,data/processed/arducam/pose_coco17/1751245138.json,
1751245139,2025-06-30T00:58:59Z,scene_004,val,true,13,180,240,data/raw/arducam/depth/1751245139.npy,data/raw/arducam/confidence/1751245139.npy,data/processed/arducam/pose_coco17/1751245139.json,
1751245140,2025-06-30T00:59:00Z,scene_004,val,true,14,180,240,data/raw/arducam/depth/1751245140.npy,data/raw/arducam/confidence/1751245140.npy,data/processed/arducam/pose_coco17/1751245140.json,
1751245141,2025-06-30T00:59:01Z,scene_004,val,true,13,180,240,data/raw/arducam/depth/1751245141.npy,data/raw/arducam/confidence/1751245141.npy,data/processed/arducam/pose_coco17/1751245141.json,
1751245142,2025-06-30T00:59:02Z,scene_004,val,true,13,180,240,data/raw/arducam/depth/1751245142.npy,data/raw/arducam/confidence/1751245142.npy,data/processed/arducam/pose_coco17/1751245142.json,
1751245143,2025-06-30T00:59:03Z,scene_004,val,true,13,180,240,data/raw/arducam/depth/1751245143.npy,data/raw/arducam/confidence/1751245143.npy,data/processed/arducam/pose_coco17/1751245143.json,
1751245144,2025-06-30T00:59:04Z,scene_004,val,true,13,180,240,data/raw/arducam/depth/1751245144.npy,data/raw/arducam/confidence/1751245144.npy,data/processed/arducam/pose_coco17/1751245144.json,
1751245145,2025-06-30T00:59:05Z,scene_004,val,true,15,180,240,data/raw/arducam/depth/1751245145.npy,data/raw/arducam/confidence/1751245145.npy,data/processed/arducam/pose_coco17/1751245145.json,
1751245146,2025-06-30T00:59:06Z,scene_004,val,true,15,180,240,data/raw/arducam/depth/1751245146.npy,data/raw/arducam/confidence/1751245146.npy,data/processed/arducam/pose_coco17/1751245146.json,
1751245147,2025-06-30T00:59:07Z,scene_004,val,true,15,180,240,data/raw/arducam/depth/1751245147.npy,data/raw/arducam/confidence/1751245147.npy,data/processed/arducam/pose_coco17/1751245147.json,
1751245148,2025-06-30T00:59:08Z,scene_004,val,true,15,180,240,data/raw/arducam/depth/1751245148.npy,data/raw/arducam/confidence/1751245148.npy,data/processed/arducam/pose_coco17/1751245148.json,
1751245149,2025-06-30T00:59:09Z,scene_004,val,true,15,180,240,data/raw/arducam/depth/1751245149.npy,data/raw/arducam/confidence/1751245149.npy,data/processed/arducam/pose_coco17/1751245149.json,
1751245150,2025-06-30T00:59:10Z,scene_004,val,true,15,180,240,data/raw/arducam/depth/1751245150.npy,data/raw/arducam/confidence/1751245150.npy,data/processed/arducam/pose_coco17/1751245150.json,
1751245151,2025-06-30T00:59:11Z,scene_004,val,true,15,180,240,data/raw/arducam/depth/1751245151.npy,data/raw/arducam/confidence/1751245151.npy,data/processed/arducam/pose_coco17/1751245151.json,
1751245152,2025-06-30T00:59:12Z,scene_004,val,true,15,180,240,data/raw/arducam/depth/1751245152.npy,data/raw/arducam/confidence/1751245152.npy,data/processed/arducam/pose_coco17/1751245152.json,
1751245153,2025-06-30T00:59:13Z,scene_004,val,true,15,180,240,data/raw/arducam/depth/1751245153.npy,data/raw/arducam/confidence/1751245153.npy,data/processed/arducam/pose_coco17/1751245153.json,
1751245154,2025-06-30T00:59:14Z,scene_004,val,true,15,180,240,data/raw/arducam/depth/1751245154.npy,data/raw/arducam/confidence/1751245154.npy,data/processed/arducam/pose_coco17/1751245154.json,
1751245155,2025-06-30T00:59:15Z,scene_004,val,true,15,180,240,data/raw/arducam/depth/1751245155.npy,data/raw/arducam/confidence/1751245155.npy,data/processed/arducam/pose_coco17/1751245155.json,
1751245156,2025-06-30T00:59:16Z,scene_004,val,true,15,180,240,data/raw/arducam/depth/1751245156.npy,data/raw/arducam/confidence/1751245156.npy,data/processed/arducam/pose_coco17/1751245156.json,
1751245157,2025-06-30T00:59:17Z,scene_004,val,true,15,180,240,data/raw/arducam/depth/1751245157.npy,data/raw/arducam/confidence/1751245157.npy,data/processed/arducam/pose_coco17/1751245157.json,
1751245158,2025-06-30T00:59:18Z,scene_004,val,true,15,180,240,data/raw/arducam/depth/1751245158.npy,data/raw/arducam/confidence/1751245158.npy,data/processed/arducam/pose_coco17/1751245158.json,
1751245159,2025-06-30T00:59:19Z,scene_004,val,true,15,180,240,data/raw/arducam/depth/1751245159.npy,data/raw/arducam/confidence/1751245159.npy,data/processed/arducam/pose_coco17/1751245159.json,
1751245160,2025-06-30T00:59:20Z,scene_004,val,true,15,180,240,data/raw/arducam/depth/1751245160.npy,data/raw/arducam/confidence/1751245160.npy,data/processed/arducam/pose_coco17/1751245160.json,
1751245161,2025-06-30T00:59:21Z,scene_004,val,true,15,180,240,data/raw/arducam/depth/1751245161.npy,data/raw/arducam/confidence/1751245161.npy,data/processed/arducam/pose_coco17/1751245161.json,
1751245162,2025-06-30T00:59:22Z,scene_004,val,true,15,180,240,data/raw/arducam/depth/1751245162.npy,data/raw/arducam/confidence/1751245162.npy,data/processed/arducam/pose_coco17/1751245162.json,
1751245163,2025-06-30T00:59:23Z,scene_004,val,true,15,180,240,data/raw/arducam/depth/1751245163.npy,data/raw/arducam/confidence/1751245163.npy,data/processed/arducam/pose_coco17/1751245163.json,
1751245164,2025-06-30T00:59:24Z,scene_004,val,true,15,180,240,data/raw/arducam/depth/1751245164.npy,data/raw/arducam/confidence/1751245164.npy,data/processed/arducam/pose_coco17/1751245164.json,
1751245165,2025-06-30T00:59:25Z,scene_004,val,true,15,180,240,data/raw/arducam/depth/1751245165.npy,data/raw/arducam/confidence/1751245165.npy,data/processed/arducam/pose_coco17/1751245165.json,
1751245166,2025-06-30T00:59:26Z,scene_004,val,true,15,180,240,data/raw/arducam/depth/1751245166.npy,data/raw/arducam/confidence/1751245166.npy,data/processed/arducam/pose_coco17/1751245166.json,
1751245167,2025-06-30T00:59:27Z,scene_004,val,true,15,180,240,data/raw/arducam/depth/1751245167.npy,data/raw/arducam/confidence/1751245167.npy,data/processed/arducam/pose_coco17/1751245167.json,
1751245168,2025-06-30T00:59:28Z,scene_004,val,true,13,180,240,data/raw/arducam/depth/1751245168.npy,data/raw/arducam/confidence/1751245168.npy,data/processed/arducam/pose_coco17/1751245168.json,
1751245169,2025-06-30T00:59:29Z,scene_004,val,true,13,180,240,data/raw/arducam/depth/1751245169.npy,data/raw/arducam/confidence/1751245169.npy,data/processed/arducam/pose_coco17/1751245169.json,
1751245170,2025-06-30T00:59:30Z,scene_004,val,true,13,180,240,data/raw/arducam/depth/1751245170.npy,data/raw/arducam/confidence/1751245170.npy,data/processed/arducam/pose_coco17/1751245170.json,
1751245171,2025-06-30T00:59:31Z,scene_004,val,true,13,180,240,data/raw/arducam/depth/1751245171.npy,data/raw/arducam/confidence/1751245171.npy,data/processed/arducam/pose_coco17/1751245171.json,
1751245172,2025-06-30T00:59:32Z,scene_004,val,true,13,180,240,data/raw/arducam/depth/1751245172.npy,data/raw/arducam/confidence/1751245172.npy,data/processed/arducam/pose_coco17/1751245172.json,
1751245173,2025-06-30T00:59:33Z,scene_004,val,true,13,180,240,data/raw/arducam/depth/1751245173.npy,data/raw/arducam/confidence/1751245173.npy,data/processed/arducam/pose_coco17/1751245173.json,
1751245174,2025-06-30T00:59:34Z,scene_004,val,true,13,180,240,data/raw/arducam/depth/1751245174.npy,data/raw/arducam/confidence/1751245174.npy,data/processed/arducam/pose_coco17/1751245174.json,
1751245175,2025-06-30T00:59:35Z,scene_004,val,true,13,180,240,data/raw/arducam/depth/1751245175.npy,data/raw/arducam/confidence/1751245175.npy,data/processed/arducam/pose_coco17/1751245175.json,
1751245176,2025-06-30T00:59:36Z,scene_004,val,true,13,180,240,data/raw/arducam/depth/1751245176.npy,data/raw/arducam/confidence/1751245176.npy,data/processed/arducam/pose_coco17/1751245176.json,
1751245177,2025-06-30T00:59:37Z,scene_004,val,true,13,180,240,data/raw/arducam/depth/1751245177.npy,data/raw/arducam/confidence/1751245177.npy,data/processed/arducam/pose_coco17/1751245177.json,
1751245178,2025-06-30T00:59:38Z,scene_004,val,true,13,180,240,data/raw/arducam/depth/1751245178.npy,data/raw/arducam/confidence/1751245178.npy,data/processed/arducam/pose_coco17/1751245178.json,
1751245179,2025-06-30T00:59:39Z,scene_004,val,true,13,180,240,data/raw/arducam/depth/1751245179.npy,data/raw/arducam/confidence/1751245179.npy,data/processed/arducam/pose_coco17/1751245179.json,
1751245180,2025-06-30T00:59:40Z,scene_004,val,true,13,180,240,data/raw/arducam/depth/1751245180.npy,data/raw/arducam/confidence/1751245180.npy,data/processed/arducam/pose_coco17/1751245180.json,
1751245181,2025-06-30T00:59:41Z,scene_004,val,true,13,180,240,data/raw/arducam/depth/1751245181.npy,data/raw/arducam/confidence/1751245181.npy,data/processed/arducam/pose_coco17/1751245181.json,
1751245182,2025-06-30T00:59:42Z,scene_004,val,true,13,180,240,data/raw/arducam/depth/1751245182.npy,data/raw/arducam/confidence/1751245182.npy,data/processed/arducam/pose_coco17/1751245182.json,
1751245183,2025-06-30T00:59:43Z,scene_004,val,true,13,180,240,data/raw/arducam/depth/1751245183.npy,data/raw/arducam/confidence/1751245183.npy,data/processed/arducam/pose_coco17/1751245183.json,
1751245184,2025-06-30T00:59:44Z,scene_004,val,true,13,180,240,data/raw/arducam/depth/1751245184.npy,data/raw/arducam/confidence/1751245184.npy,data/processed/arducam/pose_coco17/1751245184.json,
1751245185,2025-06-30T00:59:45Z,scene_004,val,true,13,180,240,data/raw/arducam/depth/1751245185.npy,data/raw/arducam/confidence/1751245185.npy,data/processed/arducam/pose_coco17/1751245185.json,
1751245186,2025-06-30T00:59:46Z,scene_004,val,true,13,180,240,data/raw/arducam/depth/1751245186.npy,data/raw/arducam/confidence/1751245186.npy,data/processed/arducam/pose_coco17/1751245186.json,
1751245187,2025-06-30T00:59:47Z,scene_004,val,true,13,180,240,data/raw/arducam/depth/1751245187.npy,data/raw/arducam/confidence/1751245187.npy,data/processed/arducam/pose_coco17/1751245187.json,
1751245188,2025-06-30T00:59:48Z,scene_004,val,true,13,180,240,data/raw/arducam/depth/1751245188.npy,data/raw/arducam/confidence/1751245188.npy,data/processed/arducam/pose_coco17/1751245188.json,
1751245189,2025-06-30T00:59:49Z,scene_004,val,true,14,180,240,data/raw/arducam/depth/1751245189.npy,data/raw/arducam/confidence/1751245189.npy,data/processed/arducam/pose_coco17/1751245189.json,
1751245190,2025-06-30T00:59:50Z,scene_004,val,true,15,180,240,data/raw/arducam/depth/1751245190.npy,data/raw/arducam/confidence/1751245190.npy,data/processed/arducam/pose_coco17/1751245190.json,
1751245191,2025-06-30T00:59:51Z,scene_004,val,true,13,180,240,data/raw/arducam/depth/1751245191.npy,data/raw/arducam/confidence/1751245191.npy,data/processed/arducam/pose_coco17/1751245191.json,
1751245192,2025-06-30T00:59:52Z,scene_004,val,true,13,180,240,data/raw/arducam/depth/1751245192.npy,data/raw/arducam/confidence/1751245192.npy,data/processed/arducam/pose_coco17/1751245192.json,
1751245193,2025-06-30T00:59:53Z,scene_004,val,false,10,180,240,data/raw/arducam/depth/1751245193.npy,data/raw/arducam/confidence/1751245193.npy,data/processed/arducam/pose_coco17/1751245193.json,fewer_than_12_valid_keypoints
1751245194,2025-06-30T00:59:54Z,scene_004,val,false,9,180,240,data/raw/arducam/depth/1751245194.npy,data/raw/arducam/confidence/1751245194.npy,data/processed/arducam/pose_coco17/1751245194.json,fewer_than_12_valid_keypoints
1751245197,2025-06-30T00:59:57Z,scene_004,val,false,8,180,240,data/raw/arducam/depth/1751245197.npy,data/raw/arducam/confidence/1751245197.npy,data/processed/arducam/pose_coco17/1751245197.json,fewer_than_12_valid_keypoints
1751245198,2025-06-30T00:59:58Z,scene_004,val,false,10,180,240,data/raw/arducam/depth/1751245198.npy,data/raw/arducam/confidence/1751245198.npy,data/processed/arducam/pose_coco17/1751245198.json,fewer_than_12_valid_keypoints
1751245199,2025-06-30T00:59:59Z,scene_004,val,true,13,180,240,data/raw/arducam/depth/1751245199.npy,data/raw/arducam/confidence/1751245199.npy,data/processed/arducam/pose_coco17/1751245199.json,
1751245200,2025-06-30T01:00:00Z,scene_004,val,true,13,180,240,data/raw/arducam/depth/1751245200.npy,data/raw/arducam/confidence/1751245200.npy,data/processed/arducam/pose_coco17/1751245200.json,
1751245201,2025-06-30T01:00:01Z,scene_004,val,true,13,180,240,data/raw/arducam/depth/1751245201.npy,data/raw/arducam/confidence/1751245201.npy,data/processed/arducam/pose_coco17/1751245201.json,
1751245202,2025-06-30T01:00:02Z,scene_004,val,true,13,180,240,data/raw/arducam/depth/1751245202.npy,data/raw/arducam/confidence/1751245202.npy,data/processed/arducam/pose_coco17/1751245202.json,
1751245203,2025-06-30T01:00:03Z,scene_004,val,true,17,180,240,data/raw/arducam/depth/1751245203.npy,data/raw/arducam/confidence/1751245203.npy,data/processed/arducam/pose_coco17/1751245203.json,
1751245204,2025-06-30T01:00:04Z,scene_004,val,true,13,180,240,data/raw/arducam/depth/1751245204.npy,data/raw/arducam/confidence/1751245204.npy,data/processed/arducam/pose_coco17/1751245204.json,
1751245205,2025-06-30T01:00:05Z,scene_004,val,true,15,180,240,data/raw/arducam/depth/1751245205.npy,data/raw/arducam/confidence/1751245205.npy,data/processed/arducam/pose_coco17/1751245205.json,
1751245206,2025-06-30T01:00:06Z,scene_004,val,true,13,180,240,data/raw/arducam/depth/1751245206.npy,data/raw/arducam/confidence/1751245206.npy,data/processed/arducam/pose_coco17/1751245206.json,
1751245207,2025-06-30T01:00:07Z,scene_004,val,true,13,180,240,data/raw/arducam/depth/1751245207.npy,data/raw/arducam/confidence/1751245207.npy,data/processed/arducam/pose_coco17/1751245207.json,
1751245208,2025-06-30T01:00:08Z,scene_004,val,true,13,180,240,data/raw/arducam/depth/1751245208.npy,data/raw/arducam/confidence/1751245208.npy,data/processed/arducam/pose_coco17/1751245208.json,
1751245209,2025-06-30T01:00:09Z,scene_004,val,true,13,180,240,data/raw/arducam/depth/1751245209.npy,data/raw/arducam/confidence/1751245209.npy,data/processed/arducam/pose_coco17/1751245209.json,
1751245210,2025-06-30T01:00:10Z,scene_004,val,false,9,180,240,data/raw/arducam/depth/1751245210.npy,data/raw/arducam/confidence/1751245210.npy,data/processed/arducam/pose_coco17/1751245210.json,fewer_than_12_valid_keypoints
1751245449,2025-06-30T01:04:09Z,scene_005,train,true,13,180,240,data/raw/arducam/depth/1751245449.npy,data/raw/arducam/confidence/1751245449.npy,data/processed/arducam/pose_coco17/1751245449.json,
1751245450,2025-06-30T01:04:10Z,scene_005,train,true,14,180,240,data/raw/arducam/depth/1751245450.npy,data/raw/arducam/confidence/1751245450.npy,data/processed/arducam/pose_coco17/1751245450.json,
1751245451,2025-06-30T01:04:11Z,scene_005,train,true,15,180,240,data/raw/arducam/depth/1751245451.npy,data/raw/arducam/confidence/1751245451.npy,data/processed/arducam/pose_coco17/1751245451.json,
1751245452,2025-06-30T01:04:12Z,scene_005,train,true,17,180,240,data/raw/arducam/depth/1751245452.npy,data/raw/arducam/confidence/1751245452.npy,data/processed/arducam/pose_coco17/1751245452.json,
1751245453,2025-06-30T01:04:13Z,scene_005,train,true,17,180,240,data/raw/arducam/depth/1751245453.npy,data/raw/arducam/confidence/1751245453.npy,data/processed/arducam/pose_coco17/1751245453.json,
1751245462,2025-06-30T01:04:22Z,scene_005,train,true,17,180,240,data/raw/arducam/depth/1751245462.npy,data/raw/arducam/confidence/1751245462.npy,data/processed/arducam/pose_coco17/1751245462.json,
1751245468,2025-06-30T01:04:28Z,scene_005,train,true,17,180,240,data/raw/arducam/depth/1751245468.npy,data/raw/arducam/confidence/1751245468.npy,data/processed/arducam/pose_coco17/1751245468.json,
1751245469,2025-06-30T01:04:29Z,scene_005,train,true,17,180,240,data/raw/arducam/depth/1751245469.npy,data/raw/arducam/confidence/1751245469.npy,data/processed/arducam/pose_coco17/1751245469.json,
1751245470,2025-06-30T01:04:30Z,scene_005,train,true,17,180,240,data/raw/arducam/depth/1751245470.npy,data/raw/arducam/confidence/1751245470.npy,data/processed/arducam/pose_coco17/1751245470.json,
1751245613,2025-06-30T01:06:53Z,scene_005,train,true,13,180,240,data/raw/arducam/depth/1751245613.npy,data/raw/arducam/confidence/1751245613.npy,data/processed/arducam/pose_coco17/1751245613.json,
1751245614,2025-06-30T01:06:54Z,scene_005,train,true,15,180,240,data/raw/arducam/depth/1751245614.npy,data/raw/arducam/confidence/1751245614.npy,data/processed/arducam/pose_coco17/1751245614.json,
1751245615,2025-06-30T01:06:55Z,scene_005,train,true,15,180,240,data/raw/arducam/depth/1751245615.npy,data/raw/arducam/confidence/1751245615.npy,data/processed/arducam/pose_coco17/1751245615.json,
1751245616,2025-06-30T01:06:56Z,scene_005,train,true,16,180,240,data/raw/arducam/depth/1751245616.npy,data/raw/arducam/confidence/1751245616.npy,data/processed/arducam/pose_coco17/1751245616.json,
1751245617,2025-06-30T01:06:57Z,scene_005,train,true,17,180,240,data/raw/arducam/depth/1751245617.npy,data/raw/arducam/confidence/1751245617.npy,data/processed/arducam/pose_coco17/1751245617.json,
1751245618,2025-06-30T01:06:58Z,scene_005,train,true,17,180,240,data/raw/arducam/depth/1751245618.npy,data/raw/arducam/confidence/1751245618.npy,data/processed/arducam/pose_coco17/1751245618.json,
1751245624,2025-06-30T01:07:04Z,scene_005,train,true,17,180,240,data/raw/arducam/depth/1751245624.npy,data/raw/arducam/confidence/1751245624.npy,data/processed/arducam/pose_coco17/1751245624.json,
1751245625,2025-06-30T01:07:05Z,scene_005,train,true,17,180,240,data/raw/arducam/depth/1751245625.npy,data/raw/arducam/confidence/1751245625.npy,data/processed/arducam/pose_coco17/1751245625.json,
1751245626,2025-06-30T01:07:06Z,scene_005,train,true,17,180,240,data/raw/arducam/depth/1751245626.npy,data/raw/arducam/confidence/1751245626.npy,data/processed/arducam/pose_coco17/1751245626.json,
1751245627,2025-06-30T01:07:07Z,scene_005,train,true,17,180,240,data/raw/arducam/depth/1751245627.npy,data/raw/arducam/confidence/1751245627.npy,data/processed/arducam/pose_coco17/1751245627.json,
1751245628,2025-06-30T01:07:08Z,scene_005,train,true,17,180,240,data/raw/arducam/depth/1751245628.npy,data/raw/arducam/confidence/1751245628.npy,data/processed/arducam/pose_coco17/1751245628.json,
1751245629,2025-06-30T01:07:09Z,scene_005,train,true,17,180,240,data/raw/arducam/depth/1751245629.npy,data/raw/arducam/confidence/1751245629.npy,data/processed/arducam/pose_coco17/1751245629.json,
1751245630,2025-06-30T01:07:10Z,scene_005,train,true,17,180,240,data/raw/arducam/depth/1751245630.npy,data/raw/arducam/confidence/1751245630.npy,data/processed/arducam/pose_coco17/1751245630.json,
1751245631,2025-06-30T01:07:11Z,scene_005,train,true,17,180,240,data/raw/arducam/depth/1751245631.npy,data/raw/arducam/confidence/1751245631.npy,data/processed/arducam/pose_coco17/1751245631.json,
1751245632,2025-06-30T01:07:12Z,scene_005,train,true,17,180,240,data/raw/arducam/depth/1751245632.npy,data/raw/arducam/confidence/1751245632.npy,data/processed/arducam/pose_coco17/1751245632.json,
1751245633,2025-06-30T01:07:13Z,scene_005,train,true,15,180,240,data/raw/arducam/depth/1751245633.npy,data/raw/arducam/confidence/1751245633.npy,data/processed/arducam/pose_coco17/1751245633.json,
1751245634,2025-06-30T01:07:14Z,scene_005,train,true,17,180,240,data/raw/arducam/depth/1751245634.npy,data/raw/arducam/confidence/1751245634.npy,data/processed/arducam/pose_coco17/1751245634.json,
1751245635,2025-06-30T01:07:15Z,scene_005,train,true,17,180,240,data/raw/arducam/depth/1751245635.npy,data/raw/arducam/confidence/1751245635.npy,data/processed/arducam/pose_coco17/1751245635.json,
1751245636,2025-06-30T01:07:16Z,scene_005,train,true,15,180,240,data/raw/arducam/depth/1751245636.npy,data/raw/arducam/confidence/1751245636.npy,data/processed/arducam/pose_coco17/1751245636.json,
1751245637,2025-06-30T01:07:17Z,scene_005,train,true,15,180,240,data/raw/arducam/depth/1751245637.npy,data/raw/arducam/confidence/1751245637.npy,data/processed/arducam/pose_coco17/1751245637.json,
1751245638,2025-06-30T01:07:18Z,scene_005,train,true,15,180,240,data/raw/arducam/depth/1751245638.npy,data/raw/arducam/confidence/1751245638.npy,data/processed/arducam/pose_coco17/1751245638.json,
1751245639,2025-06-30T01:07:19Z,scene_005,train,true,15,180,240,data/raw/arducam/depth/1751245639.npy,data/raw/arducam/confidence/1751245639.npy,data/processed/arducam/pose_coco17/1751245639.json,
1751245640,2025-06-30T01:07:20Z,scene_005,train,true,15,180,240,data/raw/arducam/depth/1751245640.npy,data/raw/arducam/confidence/1751245640.npy,data/processed/arducam/pose_coco17/1751245640.json,
1751245641,2025-06-30T01:07:21Z,scene_005,train,true,15,180,240,data/raw/arducam/depth/1751245641.npy,data/raw/arducam/confidence/1751245641.npy,data/processed/arducam/pose_coco17/1751245641.json,
1751245642,2025-06-30T01:07:22Z,scene_005,train,true,15,180,240,data/raw/arducam/depth/1751245642.npy,data/raw/arducam/confidence/1751245642.npy,data/processed/arducam/pose_coco17/1751245642.json,
1751245643,2025-06-30T01:07:23Z,scene_005,train,true,15,180,240,data/raw/arducam/depth/1751245643.npy,data/raw/arducam/confidence/1751245643.npy,data/processed/arducam/pose_coco17/1751245643.json,
1751245644,2025-06-30T01:07:24Z,scene_005,train,true,15,180,240,data/raw/arducam/depth/1751245644.npy,data/raw/arducam/confidence/1751245644.npy,data/processed/arducam/pose_coco17/1751245644.json,
1751245645,2025-06-30T01:07:25Z,scene_005,train,true,15,180,240,data/raw/arducam/depth/1751245645.npy,data/raw/arducam/confidence/1751245645.npy,data/processed/arducam/pose_coco17/1751245645.json,
1751245646,2025-06-30T01:07:26Z,scene_005,train,true,15,180,240,data/raw/arducam/depth/1751245646.npy,data/raw/arducam/confidence/1751245646.npy,data/processed/arducam/pose_coco17/1751245646.json,
1751245647,2025-06-30T01:07:27Z,scene_005,train,true,17,180,240,data/raw/arducam/depth/1751245647.npy,data/raw/arducam/confidence/1751245647.npy,data/processed/arducam/pose_coco17/1751245647.json,
1751245669,2025-06-30T01:07:49Z,scene_005,train,true,17,180,240,data/raw/arducam/depth/1751245669.npy,data/raw/arducam/confidence/1751245669.npy,data/processed/arducam/pose_coco17/1751245669.json,
1751245670,2025-06-30T01:07:50Z,scene_005,train,true,17,180,240,data/raw/arducam/depth/1751245670.npy,data/raw/arducam/confidence/1751245670.npy,data/processed/arducam/pose_coco17/1751245670.json,
1751245671,2025-06-30T01:07:51Z,scene_005,train,true,14,180,240,data/raw/arducam/depth/1751245671.npy,data/raw/arducam/confidence/1751245671.npy,data/processed/arducam/pose_coco17/1751245671.json,
1751245672,2025-06-30T01:07:52Z,scene_005,train,true,14,180,240,data/raw/arducam/depth/1751245672.npy,data/raw/arducam/confidence/1751245672.npy,data/processed/arducam/pose_coco17/1751245672.json,
1751245673,2025-06-30T01:07:53Z,scene_005,train,true,15,180,240,data/raw/arducam/depth/1751245673.npy,data/raw/arducam/confidence/1751245673.npy,data/processed/arducam/pose_coco17/1751245673.json,
1751245674,2025-06-30T01:07:54Z,scene_005,train,true,15,180,240,data/raw/arducam/depth/1751245674.npy,data/raw/arducam/confidence/1751245674.npy,data/processed/arducam/pose_coco17/1751245674.json,
1751245675,2025-06-30T01:07:55Z,scene_005,train,true,15,180,240,data/raw/arducam/depth/1751245675.npy,data/raw/arducam/confidence/1751245675.npy,data/processed/arducam/pose_coco17/1751245675.json,
1751245676,2025-06-30T01:07:56Z,scene_005,train,true,15,180,240,data/raw/arducam/depth/1751245676.npy,data/raw/arducam/confidence/1751245676.npy,data/processed/arducam/pose_coco17/1751245676.json,
1751245677,2025-06-30T01:07:57Z,scene_005,train,true,15,180,240,data/raw/arducam/depth/1751245677.npy,data/raw/arducam/confidence/1751245677.npy,data/processed/arducam/pose_coco17/1751245677.json,
1751245678,2025-06-30T01:07:58Z,scene_005,train,true,15,180,240,data/raw/arducam/depth/1751245678.npy,data/raw/arducam/confidence/1751245678.npy,data/processed/arducam/pose_coco17/1751245678.json,
1751245679,2025-06-30T01:07:59Z,scene_005,train,true,15,180,240,data/raw/arducam/depth/1751245679.npy,data/raw/arducam/confidence/1751245679.npy,data/processed/arducam/pose_coco17/1751245679.json,
1751245680,2025-06-30T01:08:00Z,scene_005,train,true,17,180,240,data/raw/arducam/depth/1751245680.npy,data/raw/arducam/confidence/1751245680.npy,data/processed/arducam/pose_coco17/1751245680.json,
1751245681,2025-06-30T01:08:01Z,scene_005,train,true,17,180,240,data/raw/arducam/depth/1751245681.npy,data/raw/arducam/confidence/1751245681.npy,data/processed/arducam/pose_coco17/1751245681.json,
1751245682,2025-06-30T01:08:02Z,scene_005,train,true,17,180,240,data/raw/arducam/depth/1751245682.npy,data/raw/arducam/confidence/1751245682.npy,data/processed/arducam/pose_coco17/1751245682.json,
1751245683,2025-06-30T01:08:03Z,scene_005,train,true,17,180,240,data/raw/arducam/depth/1751245683.npy,data/raw/arducam/confidence/1751245683.npy,data/processed/arducam/pose_coco17/1751245683.json,
1751245684,2025-06-30T01:08:04Z,scene_005,train,true,15,180,240,data/raw/arducam/depth/1751245684.npy,data/raw/arducam/confidence/1751245684.npy,data/processed/arducam/pose_coco17/1751245684.json,
1751245685,2025-06-30T01:08:05Z,scene_005,train,true,17,180,240,data/raw/arducam/depth/1751245685.npy,data/raw/arducam/confidence/1751245685.npy,data/processed/arducam/pose_coco17/1751245685.json,
1751245686,2025-06-30T01:08:06Z,scene_005,train,true,17,180,240,data/raw/arducam/depth/1751245686.npy,data/raw/arducam/confidence/1751245686.npy,data/processed/arducam/pose_coco17/1751245686.json,
1751245687,2025-06-30T01:08:07Z,scene_005,train,true,17,180,240,data/raw/arducam/depth/1751245687.npy,data/raw/arducam/confidence/1751245687.npy,data/processed/arducam/pose_coco17/1751245687.json,
1751245688,2025-06-30T01:08:08Z,scene_005,train,true,16,180,240,data/raw/arducam/depth/1751245688.npy,data/raw/arducam/confidence/1751245688.npy,data/processed/arducam/pose_coco17/1751245688.json,
1751245689,2025-06-30T01:08:09Z,scene_005,train,true,15,180,240,data/raw/arducam/depth/1751245689.npy,data/raw/arducam/confidence/1751245689.npy,data/processed/arducam/pose_coco17/1751245689.json,
1751245690,2025-06-30T01:08:10Z,scene_005,train,true,15,180,240,data/raw/arducam/depth/1751245690.npy,data/raw/arducam/confidence/1751245690.npy,data/processed/arducam/pose_coco17/1751245690.json,
1751245691,2025-06-30T01:08:11Z,scene_005,train,true,14,180,240,data/raw/arducam/depth/1751245691.npy,data/raw/arducam/confidence/1751245691.npy,data/processed/arducam/pose_coco17/1751245691.json,
1751245692,2025-06-30T01:08:12Z,scene_005,train,true,15,180,240,data/raw/arducam/depth/1751245692.npy,data/raw/arducam/confidence/1751245692.npy,data/processed/arducam/pose_coco17/1751245692.json,
1751245693,2025-06-30T01:08:13Z,scene_005,train,true,15,180,240,data/raw/arducam/depth/1751245693.npy,data/raw/arducam/confidence/1751245693.npy,data/processed/arducam/pose_coco17/1751245693.json,
1751245694,2025-06-30T01:08:14Z,scene_005,train,true,15,180,240,data/raw/arducam/depth/1751245694.npy,data/raw/arducam/confidence/1751245694.npy,data/processed/arducam/pose_coco17/1751245694.json,
1751245695,2025-06-30T01:08:15Z,scene_005,train,true,15,180,240,data/raw/arducam/depth/1751245695.npy,data/raw/arducam/confidence/1751245695.npy,data/processed/arducam/pose_coco17/1751245695.json,
1751245696,2025-06-30T01:08:16Z,scene_005,train,true,15,180,240,data/raw/arducam/depth/1751245696.npy,data/raw/arducam/confidence/1751245696.npy,data/processed/arducam/pose_coco17/1751245696.json,
1751245697,2025-06-30T01:08:17Z,scene_005,train,true,15,180,240,data/raw/arducam/depth/1751245697.npy,data/raw/arducam/confidence/1751245697.npy,data/processed/arducam/pose_coco17/1751245697.json,
1751245698,2025-06-30T01:08:18Z,scene_005,train,true,14,180,240,data/raw/arducam/depth/1751245698.npy,data/raw/arducam/confidence/1751245698.npy,data/processed/arducam/pose_coco17/1751245698.json,
1751245699,2025-06-30T01:08:19Z,scene_005,train,true,14,180,240,data/raw/arducam/depth/1751245699.npy,data/raw/arducam/confidence/1751245699.npy,data/processed/arducam/pose_coco17/1751245699.json,
1751245700,2025-06-30T01:08:20Z,scene_005,train,true,15,180,240,data/raw/arducam/depth/1751245700.npy,data/raw/arducam/confidence/1751245700.npy,data/processed/arducam/pose_coco17/1751245700.json,
1751245701,2025-06-30T01:08:21Z,scene_005,train,true,15,180,240,data/raw/arducam/depth/1751245701.npy,data/raw/arducam/confidence/1751245701.npy,data/processed/arducam/pose_coco17/1751245701.json,
1751245702,2025-06-30T01:08:22Z,scene_005,train,true,15,180,240,data/raw/arducam/depth/1751245702.npy,data/raw/arducam/confidence/1751245702.npy,data/processed/arducam/pose_coco17/1751245702.json,
1751245703,2025-06-30T01:08:23Z,scene_005,train,true,15,180,240,data/raw/arducam/depth/1751245703.npy,data/raw/arducam/confidence/1751245703.npy,data/processed/arducam/pose_coco17/1751245703.json,
1751245704,2025-06-30T01:08:24Z,scene_005,train,true,15,180,240,data/raw/arducam/depth/1751245704.npy,data/raw/arducam/confidence/1751245704.npy,data/processed/arducam/pose_coco17/1751245704.json,
1751245705,2025-06-30T01:08:25Z,scene_005,train,true,15,180,240,data/raw/arducam/depth/1751245705.npy,data/raw/arducam/confidence/1751245705.npy,data/processed/arducam/pose_coco17/1751245705.json,
1751245706,2025-06-30T01:08:26Z,scene_005,train,true,15,180,240,data/raw/arducam/depth/1751245706.npy,data/raw/arducam/confidence/1751245706.npy,data/processed/arducam/pose_coco17/1751245706.json,
1751245707,2025-06-30T01:08:27Z,scene_005,train,true,15,180,240,data/raw/arducam/depth/1751245707.npy,data/raw/arducam/confidence/1751245707.npy,data/processed/arducam/pose_coco17/1751245707.json,
1751245708,2025-06-30T01:08:28Z,scene_005,train,true,15,180,240,data/raw/arducam/depth/1751245708.npy,data/raw/arducam/confidence/1751245708.npy,data/processed/arducam/pose_coco17/1751245708.json,
1751245709,2025-06-30T01:08:29Z,scene_005,train,true,15,180,240,data/raw/arducam/depth/1751245709.npy,data/raw/arducam/confidence/1751245709.npy,data/processed/arducam/pose_coco17/1751245709.json,
1751245710,2025-06-30T01:08:30Z,scene_005,train,true,15,180,240,data/raw/arducam/depth/1751245710.npy,data/raw/arducam/confidence/1751245710.npy,data/processed/arducam/pose_coco17/1751245710.json,
1751245711,2025-06-30T01:08:31Z,scene_005,train,true,15,180,240,data/raw/arducam/depth/1751245711.npy,data/raw/arducam/confidence/1751245711.npy,data/processed/arducam/pose_coco17/1751245711.json,
1751245712,2025-06-30T01:08:32Z,scene_005,train,true,15,180,240,data/raw/arducam/depth/1751245712.npy,data/raw/arducam/confidence/1751245712.npy,data/processed/arducam/pose_coco17/1751245712.json,
1751245713,2025-06-30T01:08:33Z,scene_005,train,true,15,180,240,data/raw/arducam/depth/1751245713.npy,data/raw/arducam/confidence/1751245713.npy,data/processed/arducam/pose_coco17/1751245713.json,
1751245714,2025-06-30T01:08:34Z,scene_005,train,true,15,180,240,data/raw/arducam/depth/1751245714.npy,data/raw/arducam/confidence/1751245714.npy,data/processed/arducam/pose_coco17/1751245714.json,
1751245715,2025-06-30T01:08:35Z,scene_005,train,true,15,180,240,data/raw/arducam/depth/1751245715.npy,data/raw/arducam/confidence/1751245715.npy,data/processed/arducam/pose_coco17/1751245715.json,
1751245716,2025-06-30T01:08:36Z,scene_005,train,true,15,180,240,data/raw/arducam/depth/1751245716.npy,data/raw/arducam/confidence/1751245716.npy,data/processed/arducam/pose_coco17/1751245716.json,
1751245717,2025-06-30T01:08:37Z,scene_005,train,true,17,180,240,data/raw/arducam/depth/1751245717.npy,data/raw/arducam/confidence/1751245717.npy,data/processed/arducam/pose_coco17/1751245717.json,
1751245718,2025-06-30T01:08:38Z,scene_005,train,true,17,180,240,data/raw/arducam/depth/1751245718.npy,data/raw/arducam/confidence/1751245718.npy,data/processed/arducam/pose_coco17/1751245718.json,
1751245719,2025-06-30T01:08:39Z,scene_005,train,true,17,180,240,data/raw/arducam/depth/1751245719.npy,data/raw/arducam/confidence/1751245719.npy,data/processed/arducam/pose_coco17/1751245719.json,
1751245720,2025-06-30T01:08:40Z,scene_005,train,true,17,180,240,data/raw/arducam/depth/1751245720.npy,data/raw/arducam/confidence/1751245720.npy,data/processed/arducam/pose_coco17/1751245720.json,
1751245721,2025-06-30T01:08:41Z,scene_005,train,false,9,180,240,data/raw/arducam/depth/1751245721.npy,data/raw/arducam/confidence/1751245721.npy,data/processed/arducam/pose_coco17/1751245721.json,fewer_than_12_valid_keypoints
1751245722,2025-06-30T01:08:42Z,scene_005,train,false,10,180,240,data/raw/arducam/depth/1751245722.npy,data/raw/arducam/confidence/1751245722.npy,data/processed/arducam/pose_coco17/1751245722.json,fewer_than_12_valid_keypoints
1751245723,2025-06-30T01:08:43Z,scene_005,train,true,13,180,240,data/raw/arducam/depth/1751245723.npy,data/raw/arducam/confidence/1751245723.npy,data/processed/arducam/pose_coco17/1751245723.json,
1751245724,2025-06-30T01:08:44Z,scene_005,train,true,15,180,240,data/raw/arducam/depth/1751245724.npy,data/raw/arducam/confidence/1751245724.npy,data/processed/arducam/pose_coco17/1751245724.json,
1751245725,2025-06-30T01:08:45Z,scene_005,train,true,17,180,240,data/raw/arducam/depth/1751245725.npy,data/raw/arducam/confidence/1751245725.npy,data/processed/arducam/pose_coco17/1751245725.json,
1751245726,2025-06-30T01:08:46Z,scene_005,train,true,13,180,240,data/raw/arducam/depth/1751245726.npy,data/raw/arducam/confidence/1751245726.npy,data/processed/arducam/pose_coco17/1751245726.json,
1751245727,2025-06-30T01:08:47Z,scene_005,train,true,13,180,240,data/raw/arducam/depth/1751245727.npy,data/raw/arducam/confidence/1751245727.npy,data/processed/arducam/pose_coco17/1751245727.json,
1751245728,2025-06-30T01:08:48Z,scene_005,train,true,13,180,240,data/raw/arducam/depth/1751245728.npy,data/raw/arducam/confidence/1751245728.npy,data/processed/arducam/pose_coco17/1751245728.json,
1751245729,2025-06-30T01:08:49Z,scene_005,train,true,13,180,240,data/raw/arducam/depth/1751245729.npy,data/raw/arducam/confidence/1751245729.npy,data/processed/arducam/pose_coco17/1751245729.json,
1751245730,2025-06-30T01:08:50Z,scene_005,train,true,13,180,240,data/raw/arducam/depth/1751245730.npy,data/raw/arducam/confidence/1751245730.npy,data/processed/arducam/pose_coco17/1751245730.json,
1751245731,2025-06-30T01:08:51Z,scene_005,train,true,13,180,240,data/raw/arducam/depth/1751245731.npy,data/raw/arducam/confidence/1751245731.npy,data/processed/arducam/pose_coco17/1751245731.json,
1751245732,2025-06-30T01:08:52Z,scene_005,train,true,13,180,240,data/raw/arducam/depth/1751245732.npy,data/raw/arducam/confidence/1751245732.npy,data/processed/arducam/pose_coco17/1751245732.json,
1751245733,2025-06-30T01:08:53Z,scene_005,train,true,13,180,240,data/raw/arducam/depth/1751245733.npy,data/raw/arducam/confidence/1751245733.npy,data/processed/arducam/pose_coco17/1751245733.json,
1751245734,2025-06-30T01:08:54Z,scene_005,train,true,13,180,240,data/raw/arducam/depth/1751245734.npy,data/raw/arducam/confidence/1751245734.npy,data/processed/arducam/pose_coco17/1751245734.json,
1751245735,2025-06-30T01:08:55Z,scene_005,train,true,13,180,240,data/raw/arducam/depth/1751245735.npy,data/raw/arducam/confidence/1751245735.npy,data/processed/arducam/pose_coco17/1751245735.json,
1751245736,2025-06-30T01:08:56Z,scene_005,train,true,13,180,240,data/raw/arducam/depth/1751245736.npy,data/raw/arducam/confidence/1751245736.npy,data/processed/arducam/pose_coco17/1751245736.json,
1751245737,2025-06-30T01:08:57Z,scene_005,train,true,13,180,240,data/raw/arducam/depth/1751245737.npy,data/raw/arducam/confidence/1751245737.npy,data/processed/arducam/pose_coco17/1751245737.json,
1751245738,2025-06-30T01:08:58Z,scene_005,train,true,13,180,240,data/raw/arducam/depth/1751245738.npy,data/raw/arducam/confidence/1751245738.npy,data/processed/arducam/pose_coco17/1751245738.json,
1751245739,2025-06-30T01:08:59Z,scene_005,train,true,13,180,240,data/raw/arducam/depth/1751245739.npy,data/raw/arducam/confidence/1751245739.npy,data/processed/arducam/pose_coco17/1751245739.json,
1751245740,2025-06-30T01:09:00Z,scene_005,train,true,13,180,240,data/raw/arducam/depth/1751245740.npy,data/raw/arducam/confidence/1751245740.npy,data/processed/arducam/pose_coco17/1751245740.json,
1751245741,2025-06-30T01:09:01Z,scene_005,train,true,13,180,240,data/raw/arducam/depth/1751245741.npy,data/raw/arducam/confidence/1751245741.npy,data/processed/arducam/pose_coco17/1751245741.json,
1751245742,2025-06-30T01:09:02Z,scene_005,train,true,13,180,240,data/raw/arducam/depth/1751245742.npy,data/raw/arducam/confidence/1751245742.npy,data/processed/arducam/pose_coco17/1751245742.json,
1751245743,2025-06-30T01:09:03Z,scene_005,train,true,13,180,240,data/raw/arducam/depth/1751245743.npy,data/raw/arducam/confidence/1751245743.npy,data/processed/arducam/pose_coco17/1751245743.json,
1751245744,2025-06-30T01:09:04Z,scene_005,train,true,13,180,240,data/raw/arducam/depth/1751245744.npy,data/raw/arducam/confidence/1751245744.npy,data/processed/arducam/pose_coco17/1751245744.json,
1751245745,2025-06-30T01:09:05Z,scene_005,train,true,13,180,240,data/raw/arducam/depth/1751245745.npy,data/raw/arducam/confidence/1751245745.npy,data/processed/arducam/pose_coco17/1751245745.json,
1751245746,2025-06-30T01:09:06Z,scene_005,train,true,13,180,240,data/raw/arducam/depth/1751245746.npy,data/raw/arducam/confidence/1751245746.npy,data/processed/arducam/pose_coco17/1751245746.json,
1751245747,2025-06-30T01:09:07Z,scene_005,train,true,13,180,240,data/raw/arducam/depth/1751245747.npy,data/raw/arducam/confidence/1751245747.npy,data/processed/arducam/pose_coco17/1751245747.json,
1751245748,2025-06-30T01:09:08Z,scene_005,train,true,13,180,240,data/raw/arducam/depth/1751245748.npy,data/raw/arducam/confidence/1751245748.npy,data/processed/arducam/pose_coco17/1751245748.json,
1751245749,2025-06-30T01:09:09Z,scene_005,train,true,13,180,240,data/raw/arducam/depth/1751245749.npy,data/raw/arducam/confidence/1751245749.npy,data/processed/arducam/pose_coco17/1751245749.json,
1751245750,2025-06-30T01:09:10Z,scene_005,train,false,9,180,240,data/raw/arducam/depth/1751245750.npy,data/raw/arducam/confidence/1751245750.npy,data/processed/arducam/pose_coco17/1751245750.json,fewer_than_12_valid_keypoints
1751245751,2025-06-30T01:09:11Z,scene_005,train,false,9,180,240,data/raw/arducam/depth/1751245751.npy,data/raw/arducam/confidence/1751245751.npy,data/processed/arducam/pose_coco17/1751245751.json,fewer_than_12_valid_keypoints
1751245752,2025-06-30T01:09:12Z,scene_005,train,true,13,180,240,data/raw/arducam/depth/1751245752.npy,data/raw/arducam/confidence/1751245752.npy,data/processed/arducam/pose_coco17/1751245752.json,
1751245753,2025-06-30T01:09:13Z,scene_005,train,true,13,180,240,data/raw/arducam/depth/1751245753.npy,data/raw/arducam/confidence/1751245753.npy,data/processed/arducam/pose_coco17/1751245753.json,
1751245754,2025-06-30T01:09:14Z,scene_005,train,true,13,180,240,data/raw/arducam/depth/1751245754.npy,data/raw/arducam/confidence/1751245754.npy,data/processed/arducam/pose_coco17/1751245754.json,
1751245755,2025-06-30T01:09:15Z,scene_005,train,true,13,180,240,data/raw/arducam/depth/1751245755.npy,data/raw/arducam/confidence/1751245755.npy,data/processed/arducam/pose_coco17/1751245755.json,
1751245756,2025-06-30T01:09:16Z,scene_005,train,true,13,180,240,data/raw/arducam/depth/1751245756.npy,data/raw/arducam/confidence/1751245756.npy,data/processed/arducam/pose_coco17/1751245756.json,
1751245757,2025-06-30T01:09:17Z,scene_005,train,true,15,180,240,data/raw/arducam/depth/1751245757.npy,data/raw/arducam/confidence/1751245757.npy,data/processed/arducam/pose_coco17/1751245757.json,
1751245758,2025-06-30T01:09:18Z,scene_005,train,true,15,180,240,data/raw/arducam/depth/1751245758.npy,data/raw/arducam/confidence/1751245758.npy,data/processed/arducam/pose_coco17/1751245758.json,
1751245759,2025-06-30T01:09:19Z,scene_005,train,true,13,180,240,data/raw/arducam/depth/1751245759.npy,data/raw/arducam/confidence/1751245759.npy,data/processed/arducam/pose_coco17/1751245759.json,
1751245760,2025-06-30T01:09:20Z,scene_005,train,true,13,180,240,data/raw/arducam/depth/1751245760.npy,data/raw/arducam/confidence/1751245760.npy,data/processed/arducam/pose_coco17/1751245760.json,
1751245761,2025-06-30T01:09:21Z,scene_005,train,true,13,180,240,data/raw/arducam/depth/1751245761.npy,data/raw/arducam/confidence/1751245761.npy,data/processed/arducam/pose_coco17/1751245761.json,
1751245762,2025-06-30T01:09:22Z,scene_005,train,true,13,180,240,data/raw/arducam/depth/1751245762.npy,data/raw/arducam/confidence/1751245762.npy,data/processed/arducam/pose_coco17/1751245762.json,
1751245763,2025-06-30T01:09:23Z,scene_005,train,true,13,180,240,data/raw/arducam/depth/1751245763.npy,data/raw/arducam/confidence/1751245763.npy,data/processed/arducam/pose_coco17/1751245763.json,
1751245764,2025-06-30T01:09:24Z,scene_005,train,true,13,180,240,data/raw/arducam/depth/1751245764.npy,data/raw/arducam/confidence/1751245764.npy,data/processed/arducam/pose_coco17/1751245764.json,
1751245765,2025-06-30T01:09:25Z,scene_005,train,true,13,180,240,data/raw/arducam/depth/1751245765.npy,data/raw/arducam/confidence/1751245765.npy,data/processed/arducam/pose_coco17/1751245765.json,
1751245766,2025-06-30T01:09:26Z,scene_005,train,true,13,180,240,data/raw/arducam/depth/1751245766.npy,data/raw/arducam/confidence/1751245766.npy,data/processed/arducam/pose_coco17/1751245766.json,
1751245767,2025-06-30T01:09:27Z,scene_005,train,true,13,180,240,data/raw/arducam/depth/1751245767.npy,data/raw/arducam/confidence/1751245767.npy,data/processed/arducam/pose_coco17/1751245767.json,
1751245768,2025-06-30T01:09:28Z,scene_005,train,true,13,180,240,data/raw/arducam/depth/1751245768.npy,data/raw/arducam/confidence/1751245768.npy,data/processed/arducam/pose_coco17/1751245768.json,
1751245769,2025-06-30T01:09:29Z,scene_005,train,true,13,180,240,data/raw/arducam/depth/1751245769.npy,data/raw/arducam/confidence/1751245769.npy,data/processed/arducam/pose_coco17/1751245769.json,
1751245770,2025-06-30T01:09:30Z,scene_005,train,true,13,180,240,data/raw/arducam/depth/1751245770.npy,data/raw/arducam/confidence/1751245770.npy,data/processed/arducam/pose_coco17/1751245770.json,
1751245771,2025-06-30T01:09:31Z,scene_005,train,true,13,180,240,data/raw/arducam/depth/1751245771.npy,data/raw/arducam/confidence/1751245771.npy,data/processed/arducam/pose_coco17/1751245771.json,
1751245772,2025-06-30T01:09:32Z,scene_005,train,true,13,180,240,data/raw/arducam/depth/1751245772.npy,data/raw/arducam/confidence/1751245772.npy,data/processed/arducam/pose_coco17/1751245772.json,
1751245773,2025-06-30T01:09:33Z,scene_005,train,true,13,180,240,data/raw/arducam/depth/1751245773.npy,data/raw/arducam/confidence/1751245773.npy,data/processed/arducam/pose_coco17/1751245773.json,
1751245774,2025-06-30T01:09:34Z,scene_005,train,true,13,180,240,data/raw/arducam/depth/1751245774.npy,data/raw/arducam/confidence/1751245774.npy,data/processed/arducam/pose_coco17/1751245774.json,
1751245775,2025-06-30T01:09:35Z,scene_005,train,true,13,180,240,data/raw/arducam/depth/1751245775.npy,data/raw/arducam/confidence/1751245775.npy,data/processed/arducam/pose_coco17/1751245775.json,
1751245776,2025-06-30T01:09:36Z,scene_005,train,true,13,180,240,data/raw/arducam/depth/1751245776.npy,data/raw/arducam/confidence/1751245776.npy,data/processed/arducam/pose_coco17/1751245776.json,
1751245777,2025-06-30T01:09:37Z,scene_005,train,true,13,180,240,data/raw/arducam/depth/1751245777.npy,data/raw/arducam/confidence/1751245777.npy,data/processed/arducam/pose_coco17/1751245777.json,
1751245778,2025-06-30T01:09:38Z,scene_005,train,true,13,180,240,data/raw/arducam/depth/1751245778.npy,data/raw/arducam/confidence/1751245778.npy,data/processed/arducam/pose_coco17/1751245778.json,
1751245779,2025-06-30T01:09:39Z,scene_005,train,true,13,180,240,data/raw/arducam/depth/1751245779.npy,data/raw/arducam/confidence/1751245779.npy,data/processed/arducam/pose_coco17/1751245779.json,
1751245780,2025-06-30T01:09:40Z,scene_005,train,true,13,180,240,data/raw/arducam/depth/1751245780.npy,data/raw/arducam/confidence/1751245780.npy,data/processed/arducam/pose_coco17/1751245780.json,
1751245781,2025-06-30T01:09:41Z,scene_005,train,true,13,180,240,data/raw/arducam/depth/1751245781.npy,data/raw/arducam/confidence/1751245781.npy,data/processed/arducam/pose_coco17/1751245781.json,
1751245782,2025-06-30T01:09:42Z,scene_005,train,true,13,180,240,data/raw/arducam/depth/1751245782.npy,data/raw/arducam/confidence/1751245782.npy,data/processed/arducam/pose_coco17/1751245782.json,
1751245783,2025-06-30T01:09:43Z,scene_005,train,true,13,180,240,data/raw/arducam/depth/1751245783.npy,data/raw/arducam/confidence/1751245783.npy,data/processed/arducam/pose_coco17/1751245783.json,
1751245784,2025-06-30T01:09:44Z,scene_005,train,true,13,180,240,data/raw/arducam/depth/1751245784.npy,data/raw/arducam/confidence/1751245784.npy,data/processed/arducam/pose_coco17/1751245784.json,
1751245785,2025-06-30T01:09:45Z,scene_005,train,true,13,180,240,data/raw/arducam/depth/1751245785.npy,data/raw/arducam/confidence/1751245785.npy,data/processed/arducam/pose_coco17/1751245785.json,
1751245786,2025-06-30T01:09:46Z,scene_005,train,true,13,180,240,data/raw/arducam/depth/1751245786.npy,data/raw/arducam/confidence/1751245786.npy,data/processed/arducam/pose_coco17/1751245786.json,
1751245787,2025-06-30T01:09:47Z,scene_005,train,true,13,180,240,data/raw/arducam/depth/1751245787.npy,data/raw/arducam/confidence/1751245787.npy,data/processed/arducam/pose_coco17/1751245787.json,
1751245788,2025-06-30T01:09:48Z,scene_005,train,true,13,180,240,data/raw/arducam/depth/1751245788.npy,data/raw/arducam/confidence/1751245788.npy,data/processed/arducam/pose_coco17/1751245788.json,
1751245789,2025-06-30T01:09:49Z,scene_005,train,true,13,180,240,data/raw/arducam/depth/1751245789.npy,data/raw/arducam/confidence/1751245789.npy,data/processed/arducam/pose_coco17/1751245789.json,
1751245790,2025-06-30T01:09:50Z,scene_005,train,true,13,180,240,data/raw/arducam/depth/1751245790.npy,data/raw/arducam/confidence/1751245790.npy,data/processed/arducam/pose_coco17/1751245790.json,
1751245791,2025-06-30T01:09:51Z,scene_005,train,true,13,180,240,data/raw/arducam/depth/1751245791.npy,data/raw/arducam/confidence/1751245791.npy,data/processed/arducam/pose_coco17/1751245791.json,
1751245792,2025-06-30T01:09:52Z,scene_005,train,true,13,180,240,data/raw/arducam/depth/1751245792.npy,data/raw/arducam/confidence/1751245792.npy,data/processed/arducam/pose_coco17/1751245792.json,
1751245793,2025-06-30T01:09:53Z,scene_005,train,true,13,180,240,data/raw/arducam/depth/1751245793.npy,data/raw/arducam/confidence/1751245793.npy,data/processed/arducam/pose_coco17/1751245793.json,
1751245794,2025-06-30T01:09:54Z,scene_005,train,true,13,180,240,data/raw/arducam/depth/1751245794.npy,data/raw/arducam/confidence/1751245794.npy,data/processed/arducam/pose_coco17/1751245794.json,
1751245795,2025-06-30T01:09:55Z,scene_005,train,true,13,180,240,data/raw/arducam/depth/1751245795.npy,data/raw/arducam/confidence/1751245795.npy,data/processed/arducam/pose_coco17/1751245795.json,
1751245796,2025-06-30T01:09:56Z,scene_005,train,true,13,180,240,data/raw/arducam/depth/1751245796.npy,data/raw/arducam/confidence/1751245796.npy,data/processed/arducam/pose_coco17/1751245796.json,
1751245797,2025-06-30T01:09:57Z,scene_005,train,true,13,180,240,data/raw/arducam/depth/1751245797.npy,data/raw/arducam/confidence/1751245797.npy,data/processed/arducam/pose_coco17/1751245797.json,
1751245798,2025-06-30T01:09:58Z,scene_005,train,true,13,180,240,data/raw/arducam/depth/1751245798.npy,data/raw/arducam/confidence/1751245798.npy,data/processed/arducam/pose_coco17/1751245798.json,
1751245799,2025-06-30T01:09:59Z,scene_005,train,true,13,180,240,data/raw/arducam/depth/1751245799.npy,data/raw/arducam/confidence/1751245799.npy,data/processed/arducam/pose_coco17/1751245799.json,
1751245800,2025-06-30T01:10:00Z,scene_005,train,true,13,180,240,data/raw/arducam/depth/1751245800.npy,data/raw/arducam/confidence/1751245800.npy,data/processed/arducam/pose_coco17/1751245800.json,
1751245801,2025-06-30T01:10:01Z,scene_005,train,true,13,180,240,data/raw/arducam/depth/1751245801.npy,data/raw/arducam/confidence/1751245801.npy,data/processed/arducam/pose_coco17/1751245801.json,
1751245802,2025-06-30T01:10:02Z,scene_005,train,true,15,180,240,data/raw/arducam/depth/1751245802.npy,data/raw/arducam/confidence/1751245802.npy,data/processed/arducam/pose_coco17/1751245802.json,
1751245803,2025-06-30T01:10:03Z,scene_005,train,true,13,180,240,data/raw/arducam/depth/1751245803.npy,data/raw/arducam/confidence/1751245803.npy,data/processed/arducam/pose_coco17/1751245803.json,
1751245804,2025-06-30T01:10:04Z,scene_005,train,true,15,180,240,data/raw/arducam/depth/1751245804.npy,data/raw/arducam/confidence/1751245804.npy,data/processed/arducam/pose_coco17/1751245804.json,
1751245805,2025-06-30T01:10:05Z,scene_005,train,true,13,180,240,data/raw/arducam/depth/1751245805.npy,data/raw/arducam/confidence/1751245805.npy,data/processed/arducam/pose_coco17/1751245805.json,
1751245806,2025-06-30T01:10:06Z,scene_005,train,true,17,180,240,data/raw/arducam/depth/1751245806.npy,data/raw/arducam/confidence/1751245806.npy,data/processed/arducam/pose_coco17/1751245806.json,
1751245807,2025-06-30T01:10:07Z,scene_005,train,true,17,180,240,data/raw/arducam/depth/1751245807.npy,data/raw/arducam/confidence/1751245807.npy,data/processed/arducam/pose_coco17/1751245807.json,
1751245808,2025-06-30T01:10:08Z,scene_005,train,true,13,180,240,data/raw/arducam/depth/1751245808.npy,data/raw/arducam/confidence/1751245808.npy,data/processed/arducam/pose_coco17/1751245808.json,
1751245809,2025-06-30T01:10:09Z,scene_005,train,true,13,180,240,data/raw/arducam/depth/1751245809.npy,data/raw/arducam/confidence/1751245809.npy,data/processed/arducam/pose_coco17/1751245809.json,
1751245810,2025-06-30T01:10:10Z,scene_005,train,true,13,180,240,data/raw/arducam/depth/1751245810.npy,data/raw/arducam/confidence/1751245810.npy,data/processed/arducam/pose_coco17/1751245810.json,
1751245811,2025-06-30T01:10:11Z,scene_005,train,true,13,180,240,data/raw/arducam/depth/1751245811.npy,data/raw/arducam/confidence/1751245811.npy,data/processed/arducam/pose_coco17/1751245811.json,
1751245812,2025-06-30T01:10:12Z,scene_005,train,true,13,180,240,data/raw/arducam/depth/1751245812.npy,data/raw/arducam/confidence/1751245812.npy,data/processed/arducam/pose_coco17/1751245812.json,
1751245813,2025-06-30T01:10:13Z,scene_005,train,true,13,180,240,data/raw/arducam/depth/1751245813.npy,data/raw/arducam/confidence/1751245813.npy,data/processed/arducam/pose_coco17/1751245813.json,
1751245814,2025-06-30T01:10:14Z,scene_005,train,true,13,180,240,data/raw/arducam/depth/1751245814.npy,data/raw/arducam/confidence/1751245814.npy,data/processed/arducam/pose_coco17/1751245814.json,
1751245815,2025-06-30T01:10:15Z,scene_005,train,true,13,180,240,data/raw/arducam/depth/1751245815.npy,data/raw/arducam/confidence/1751245815.npy,data/processed/arducam/pose_coco17/1751245815.json,
1751245816,2025-06-30T01:10:16Z,scene_005,train,true,13,180,240,data/raw/arducam/depth/1751245816.npy,data/raw/arducam/confidence/1751245816.npy,data/processed/arducam/pose_coco17/1751245816.json,
1751245817,2025-06-30T01:10:17Z,scene_005,train,true,13,180,240,data/raw/arducam/depth/1751245817.npy,data/raw/arducam/confidence/1751245817.npy,data/processed/arducam/pose_coco17/1751245817.json,
1751245818,2025-06-30T01:10:18Z,scene_005,train,true,15,180,240,data/raw/arducam/depth/1751245818.npy,data/raw/arducam/confidence/1751245818.npy,data/processed/arducam/pose_coco17/1751245818.json,
1751245819,2025-06-30T01:10:19Z,scene_005,train,true,13,180,240,data/raw/arducam/depth/1751245819.npy,data/raw/arducam/confidence/1751245819.npy,data/processed/arducam/pose_coco17/1751245819.json,
1751245820,2025-06-30T01:10:20Z,scene_005,train,true,13,180,240,data/raw/arducam/depth/1751245820.npy,data/raw/arducam/confidence/1751245820.npy,data/processed/arducam/pose_coco17/1751245820.json,
1751245821,2025-06-30T01:10:21Z,scene_005,train,true,13,180,240,data/raw/arducam/depth/1751245821.npy,data/raw/arducam/confidence/1751245821.npy,data/processed/arducam/pose_coco17/1751245821.json,
1751245822,2025-06-30T01:10:22Z,scene_005,train,true,13,180,240,data/raw/arducam/depth/1751245822.npy,data/raw/arducam/confidence/1751245822.npy,data/processed/arducam/pose_coco17/1751245822.json,
1751245823,2025-06-30T01:10:23Z,scene_005,train,true,13,180,240,data/raw/arducam/depth/1751245823.npy,data/raw/arducam/confidence/1751245823.npy,data/processed/arducam/pose_coco17/1751245823.json,
1751245824,2025-06-30T01:10:24Z,scene_005,train,true,13,180,240,data/raw/arducam/depth/1751245824.npy,data/raw/arducam/confidence/1751245824.npy,data/processed/arducam/pose_coco17/1751245824.json,
1751245825,2025-06-30T01:10:25Z,scene_005,train,true,13,180,240,data/raw/arducam/depth/1751245825.npy,data/raw/arducam/confidence/1751245825.npy,data/processed/arducam/pose_coco17/1751245825.json,
1751245826,2025-06-30T01:10:26Z,scene_005,train,true,13,180,240,data/raw/arducam/depth/1751245826.npy,data/raw/arducam/confidence/1751245826.npy,data/processed/arducam/pose_coco17/1751245826.json,
1751245827,2025-06-30T01:10:27Z,scene_005,train,true,13,180,240,data/raw/arducam/depth/1751245827.npy,data/raw/arducam/confidence/1751245827.npy,data/processed/arducam/pose_coco17/1751245827.json,
1751245828,2025-06-30T01:10:28Z,scene_005,train,true,13,180,240,data/raw/arducam/depth/1751245828.npy,data/raw/arducam/confidence/1751245828.npy,data/processed/arducam/pose_coco17/1751245828.json,
1751245829,2025-06-30T01:10:29Z,scene_005,train,true,13,180,240,data/raw/arducam/depth/1751245829.npy,data/raw/arducam/confidence/1751245829.npy,data/processed/arducam/pose_coco17/1751245829.json,
1751245830,2025-06-30T01:10:30Z,scene_005,train,true,13,180,240,data/raw/arducam/depth/1751245830.npy,data/raw/arducam/confidence/1751245830.npy,data/processed/arducam/pose_coco17/1751245830.json,
1751245831,2025-06-30T01:10:31Z,scene_005,train,true,13,180,240,data/raw/arducam/depth/1751245831.npy,data/raw/arducam/confidence/1751245831.npy,data/processed/arducam/pose_coco17/1751245831.json,
1751245832,2025-06-30T01:10:32Z,scene_005,train,true,13,180,240,data/raw/arducam/depth/1751245832.npy,data/raw/arducam/confidence/1751245832.npy,data/processed/arducam/pose_coco17/1751245832.json,
1751245833,2025-06-30T01:10:33Z,scene_005,train,true,13,180,240,data/raw/arducam/depth/1751245833.npy,data/raw/arducam/confidence/1751245833.npy,data/processed/arducam/pose_coco17/1751245833.json,
1751245834,2025-06-30T01:10:34Z,scene_005,train,true,13,180,240,data/raw/arducam/depth/1751245834.npy,data/raw/arducam/confidence/1751245834.npy,data/processed/arducam/pose_coco17/1751245834.json,
1751245835,2025-06-30T01:10:35Z,scene_005,train,true,13,180,240,data/raw/arducam/depth/1751245835.npy,data/raw/arducam/confidence/1751245835.npy,data/processed/arducam/pose_coco17/1751245835.json,
1751245836,2025-06-30T01:10:36Z,scene_005,train,true,15,180,240,data/raw/arducam/depth/1751245836.npy,data/raw/arducam/confidence/1751245836.npy,data/processed/arducam/pose_coco17/1751245836.json,
1751245837,2025-06-30T01:10:37Z,scene_005,train,true,13,180,240,data/raw/arducam/depth/1751245837.npy,data/raw/arducam/confidence/1751245837.npy,data/processed/arducam/pose_coco17/1751245837.json,
1751245838,2025-06-30T01:10:38Z,scene_005,train,true,13,180,240,data/raw/arducam/depth/1751245838.npy,data/raw/arducam/confidence/1751245838.npy,data/processed/arducam/pose_coco17/1751245838.json,
1751245839,2025-06-30T01:10:39Z,scene_005,train,true,13,180,240,data/raw/arducam/depth/1751245839.npy,data/raw/arducam/confidence/1751245839.npy,data/processed/arducam/pose_coco17/1751245839.json,
1751245840,2025-06-30T01:10:40Z,scene_005,train,true,13,180,240,data/raw/arducam/depth/1751245840.npy,data/raw/arducam/confidence/1751245840.npy,data/processed/arducam/pose_coco17/1751245840.json,
1751245841,2025-06-30T01:10:41Z,scene_005,train,true,13,180,240,data/raw/arducam/depth/1751245841.npy,data/raw/arducam/confidence/1751245841.npy,data/processed/arducam/pose_coco17/1751245841.json,
1751245842,2025-06-30T01:10:42Z,scene_005,train,true,13,180,240,data/raw/arducam/depth/1751245842.npy,data/raw/arducam/confidence/1751245842.npy,data/processed/arducam/pose_coco17/1751245842.json,
1751245843,2025-06-30T01:10:43Z,scene_005,train,true,13,180,240,data/raw/arducam/depth/1751245843.npy,data/raw/arducam/confidence/1751245843.npy,data/processed/arducam/pose_coco17/1751245843.json,
1751245844,2025-06-30T01:10:44Z,scene_005,train,true,13,180,240,data/raw/arducam/depth/1751245844.npy,data/raw/arducam/confidence/1751245844.npy,data/processed/arducam/pose_coco17/1751245844.json,
1751245845,2025-06-30T01:10:45Z,scene_005,train,true,13,180,240,data/raw/arducam/depth/1751245845.npy,data/raw/arducam/confidence/1751245845.npy,data/processed/arducam/pose_coco17/1751245845.json,
1751245846,2025-06-30T01:10:46Z,scene_005,train,true,13,180,240,data/raw/arducam/depth/1751245846.npy,data/raw/arducam/confidence/1751245846.npy,data/processed/arducam/pose_coco17/1751245846.json,
1751245847,2025-06-30T01:10:47Z,scene_005,train,true,13,180,240,data/raw/arducam/depth/1751245847.npy,data/raw/arducam/confidence/1751245847.npy,data/processed/arducam/pose_coco17/1751245847.json,
1751245848,2025-06-30T01:10:48Z,scene_005,train,true,13,180,240,data/raw/arducam/depth/1751245848.npy,data/raw/arducam/confidence/1751245848.npy,data/processed/arducam/pose_coco17/1751245848.json,
1751245849,2025-06-30T01:10:49Z,scene_005,train,true,13,180,240,data/raw/arducam/depth/1751245849.npy,data/raw/arducam/confidence/1751245849.npy,data/processed/arducam/pose_coco17/1751245849.json,
1751245850,2025-06-30T01:10:50Z,scene_005,train,true,13,180,240,data/raw/arducam/depth/1751245850.npy,data/raw/arducam/confidence/1751245850.npy,data/processed/arducam/pose_coco17/1751245850.json,
1751245851,2025-06-30T01:10:51Z,scene_005,train,true,13,180,240,data/raw/arducam/depth/1751245851.npy,data/raw/arducam/confidence/1751245851.npy,data/processed/arducam/pose_coco17/1751245851.json,
1751245852,2025-06-30T01:10:52Z,scene_005,train,true,13,180,240,data/raw/arducam/depth/1751245852.npy,data/raw/arducam/confidence/1751245852.npy,data/processed/arducam/pose_coco17/1751245852.json,
1751245853,2025-06-30T01:10:53Z,scene_005,train,true,13,180,240,data/raw/arducam/depth/1751245853.npy,data/raw/arducam/confidence/1751245853.npy,data/processed/arducam/pose_coco17/1751245853.json,
1751245854,2025-06-30T01:10:54Z,scene_005,train,true,13,180,240,data/raw/arducam/depth/1751245854.npy,data/raw/arducam/confidence/1751245854.npy,data/processed/arducam/pose_coco17/1751245854.json,
1751245855,2025-06-30T01:10:55Z,scene_005,train,true,13,180,240,data/raw/arducam/depth/1751245855.npy,data/raw/arducam/confidence/1751245855.npy,data/processed/arducam/pose_coco17/1751245855.json,
1751245856,2025-06-30T01:10:56Z,scene_005,train,true,13,180,240,data/raw/arducam/depth/1751245856.npy,data/raw/arducam/confidence/1751245856.npy,data/processed/arducam/pose_coco17/1751245856.json,
1751245857,2025-06-30T01:10:57Z,scene_005,train,true,13,180,240,data/raw/arducam/depth/1751245857.npy,data/raw/arducam/confidence/1751245857.npy,data/processed/arducam/pose_coco17/1751245857.json,
1751245858,2025-06-30T01:10:58Z,scene_005,train,true,13,180,240,data/raw/arducam/depth/1751245858.npy,data/raw/arducam/confidence/1751245858.npy,data/processed/arducam/pose_coco17/1751245858.json,
1751245859,2025-06-30T01:10:59Z,scene_005,train,true,13,180,240,data/raw/arducam/depth/1751245859.npy,data/raw/arducam/confidence/1751245859.npy,data/processed/arducam/pose_coco17/1751245859.json,
1751245860,2025-06-30T01:11:00Z,scene_005,train,true,13,180,240,data/raw/arducam/depth/1751245860.npy,data/raw/arducam/confidence/1751245860.npy,data/processed/arducam/pose_coco17/1751245860.json,
1751245861,2025-06-30T01:11:01Z,scene_005,train,true,13,180,240,data/raw/arducam/depth/1751245861.npy,data/raw/arducam/confidence/1751245861.npy,data/processed/arducam/pose_coco17/1751245861.json,
1751245862,2025-06-30T01:11:02Z,scene_005,train,true,13,180,240,data/raw/arducam/depth/1751245862.npy,data/raw/arducam/confidence/1751245862.npy,data/processed/arducam/pose_coco17/1751245862.json,
1751245863,2025-06-30T01:11:03Z,scene_005,train,true,13,180,240,data/raw/arducam/depth/1751245863.npy,data/raw/arducam/confidence/1751245863.npy,data/processed/arducam/pose_coco17/1751245863.json,
1751245864,2025-06-30T01:11:04Z,scene_005,train,true,13,180,240,data/raw/arducam/depth/1751245864.npy,data/raw/arducam/confidence/1751245864.npy,data/processed/arducam/pose_coco17/1751245864.json,
1751245865,2025-06-30T01:11:05Z,scene_005,train,true,13,180,240,data/raw/arducam/depth/1751245865.npy,data/raw/arducam/confidence/1751245865.npy,data/processed/arducam/pose_coco17/1751245865.json,
1751245866,2025-06-30T01:11:06Z,scene_005,train,true,13,180,240,data/raw/arducam/depth/1751245866.npy,data/raw/arducam/confidence/1751245866.npy,data/processed/arducam/pose_coco17/1751245866.json,
1751245867,2025-06-30T01:11:07Z,scene_005,train,true,13,180,240,data/raw/arducam/depth/1751245867.npy,data/raw/arducam/confidence/1751245867.npy,data/processed/arducam/pose_coco17/1751245867.json,
1751245868,2025-06-30T01:11:08Z,scene_005,train,true,13,180,240,data/raw/arducam/depth/1751245868.npy,data/raw/arducam/confidence/1751245868.npy,data/processed/arducam/pose_coco17/1751245868.json,
1751245869,2025-06-30T01:11:09Z,scene_005,train,true,13,180,240,data/raw/arducam/depth/1751245869.npy,data/raw/arducam/confidence/1751245869.npy,data/processed/arducam/pose_coco17/1751245869.json,
1751245870,2025-06-30T01:11:10Z,scene_005,train,true,13,180,240,data/raw/arducam/depth/1751245870.npy,data/raw/arducam/confidence/1751245870.npy,data/processed/arducam/pose_coco17/1751245870.json,
1751245871,2025-06-30T01:11:11Z,scene_005,train,true,13,180,240,data/raw/arducam/depth/1751245871.npy,data/raw/arducam/confidence/1751245871.npy,data/processed/arducam/pose_coco17/1751245871.json,
1751245872,2025-06-30T01:11:12Z,scene_005,train,true,13,180,240,data/raw/arducam/depth/1751245872.npy,data/raw/arducam/confidence/1751245872.npy,data/processed/arducam/pose_coco17/1751245872.json,
1751245873,2025-06-30T01:11:13Z,scene_005,train,true,13,180,240,data/raw/arducam/depth/1751245873.npy,data/raw/arducam/confidence/1751245873.npy,data/processed/arducam/pose_coco17/1751245873.json,
1751245874,2025-06-30T01:11:14Z,scene_005,train,true,13,180,240,data/raw/arducam/depth/1751245874.npy,data/raw/arducam/confidence/1751245874.npy,data/processed/arducam/pose_coco17/1751245874.json,
1751245875,2025-06-30T01:11:15Z,scene_005,train,true,13,180,240,data/raw/arducam/depth/1751245875.npy,data/raw/arducam/confidence/1751245875.npy,data/processed/arducam/pose_coco17/1751245875.json,
1751245876,2025-06-30T01:11:16Z,scene_005,train,true,13,180,240,data/raw/arducam/depth/1751245876.npy,data/raw/arducam/confidence/1751245876.npy,data/processed/arducam/pose_coco17/1751245876.json,
1751245877,2025-06-30T01:11:17Z,scene_005,train,true,15,180,240,data/raw/arducam/depth/1751245877.npy,data/raw/arducam/confidence/1751245877.npy,data/processed/arducam/pose_coco17/1751245877.json,
1751245878,2025-06-30T01:11:18Z,scene_005,train,true,15,180,240,data/raw/arducam/depth/1751245878.npy,data/raw/arducam/confidence/1751245878.npy,data/processed/arducam/pose_coco17/1751245878.json,
1751245879,2025-06-30T01:11:19Z,scene_005,train,true,15,180,240,data/raw/arducam/depth/1751245879.npy,data/raw/arducam/confidence/1751245879.npy,data/processed/arducam/pose_coco17/1751245879.json,
1751245880,2025-06-30T01:11:20Z,scene_005,train,true,15,180,240,data/raw/arducam/depth/1751245880.npy,data/raw/arducam/confidence/1751245880.npy,data/processed/arducam/pose_coco17/1751245880.json,
1751245881,2025-06-30T01:11:21Z,scene_005,train,true,15,180,240,data/raw/arducam/depth/1751245881.npy,data/raw/arducam/confidence/1751245881.npy,data/processed/arducam/pose_coco17/1751245881.json,
1751245882,2025-06-30T01:11:22Z,scene_005,train,true,15,180,240,data/raw/arducam/depth/1751245882.npy,data/raw/arducam/confidence/1751245882.npy,data/processed/arducam/pose_coco17/1751245882.json,
1751245883,2025-06-30T01:11:23Z,scene_005,train,true,15,180,240,data/raw/arducam/depth/1751245883.npy,data/raw/arducam/confidence/1751245883.npy,data/processed/arducam/pose_coco17/1751245883.json,
1751245884,2025-06-30T01:11:24Z,scene_005,train,true,13,180,240,data/raw/arducam/depth/1751245884.npy,data/raw/arducam/confidence/1751245884.npy,data/processed/arducam/pose_coco17/1751245884.json,
1751245885,2025-06-30T01:11:25Z,scene_005,train,true,15,180,240,data/raw/arducam/depth/1751245885.npy,data/raw/arducam/confidence/1751245885.npy,data/processed/arducam/pose_coco17/1751245885.json,
1751245886,2025-06-30T01:11:26Z,scene_005,train,true,15,180,240,data/raw/arducam/depth/1751245886.npy,data/raw/arducam/confidence/1751245886.npy,data/processed/arducam/pose_coco17/1751245886.json,
1751245887,2025-06-30T01:11:27Z,scene_005,train,true,13,180,240,data/raw/arducam/depth/1751245887.npy,data/raw/arducam/confidence/1751245887.npy,data/processed/arducam/pose_coco17/1751245887.json,
1751245888,2025-06-30T01:11:28Z,scene_005,train,true,15,180,240,data/raw/arducam/depth/1751245888.npy,data/raw/arducam/confidence/1751245888.npy,data/processed/arducam/pose_coco17/1751245888.json,
1751245889,2025-06-30T01:11:29Z,scene_005,train,true,15,180,240,data/raw/arducam/depth/1751245889.npy,data/raw/arducam/confidence/1751245889.npy,data/processed/arducam/pose_coco17/1751245889.json,
1751245890,2025-06-30T01:11:30Z,scene_005,train,true,15,180,240,data/raw/arducam/depth/1751245890.npy,data/raw/arducam/confidence/1751245890.npy,data/processed/arducam/pose_coco17/1751245890.json,
1751245891,2025-06-30T01:11:31Z,scene_005,train,true,15,180,240,data/raw/arducam/depth/1751245891.npy,data/raw/arducam/confidence/1751245891.npy,data/processed/arducam/pose_coco17/1751245891.json,
1751245892,2025-06-30T01:11:32Z,scene_005,train,true,15,180,240,data/raw/arducam/depth/1751245892.npy,data/raw/arducam/confidence/1751245892.npy,data/processed/arducam/pose_coco17/1751245892.json,
1751245893,2025-06-30T01:11:33Z,scene_005,train,true,15,180,240,data/raw/arducam/depth/1751245893.npy,data/raw/arducam/confidence/1751245893.npy,data/processed/arducam/pose_coco17/1751245893.json,
1751245894,2025-06-30T01:11:34Z,scene_005,train,true,17,180,240,data/raw/arducam/depth/1751245894.npy,data/raw/arducam/confidence/1751245894.npy,data/processed/arducam/pose_coco17/1751245894.json,
1751245895,2025-06-30T01:11:35Z,scene_005,train,true,15,180,240,data/raw/arducam/depth/1751245895.npy,data/raw/arducam/confidence/1751245895.npy,data/processed/arducam/pose_coco17/1751245895.json,
1751245896,2025-06-30T01:11:36Z,scene_005,train,true,15,180,240,data/raw/arducam/depth/1751245896.npy,data/raw/arducam/confidence/1751245896.npy,data/processed/arducam/pose_coco17/1751245896.json,
1751245897,2025-06-30T01:11:37Z,scene_005,train,true,17,180,240,data/raw/arducam/depth/1751245897.npy,data/raw/arducam/confidence/1751245897.npy,data/processed/arducam/pose_coco17/1751245897.json,
1751245898,2025-06-30T01:11:38Z,scene_005,train,true,15,180,240,data/raw/arducam/depth/1751245898.npy,data/raw/arducam/confidence/1751245898.npy,data/processed/arducam/pose_coco17/1751245898.json,
1751245899,2025-06-30T01:11:39Z,scene_005,train,true,15,180,240,data/raw/arducam/depth/1751245899.npy,data/raw/arducam/confidence/1751245899.npy,data/processed/arducam/pose_coco17/1751245899.json,
1751245900,2025-06-30T01:11:40Z,scene_005,train,true,15,180,240,data/raw/arducam/depth/1751245900.npy,data/raw/arducam/confidence/1751245900.npy,data/processed/arducam/pose_coco17/1751245900.json,
1751245901,2025-06-30T01:11:41Z,scene_005,train,true,15,180,240,data/raw/arducam/depth/1751245901.npy,data/raw/arducam/confidence/1751245901.npy,data/processed/arducam/pose_coco17/1751245901.json,
1751245902,2025-06-30T01:11:42Z,scene_005,train,true,15,180,240,data/raw/arducam/depth/1751245902.npy,data/raw/arducam/confidence/1751245902.npy,data/processed/arducam/pose_coco17/1751245902.json,
1751245903,2025-06-30T01:11:43Z,scene_005,train,true,15,180,240,data/raw/arducam/depth/1751245903.npy,data/raw/arducam/confidence/1751245903.npy,data/processed/arducam/pose_coco17/1751245903.json,
1751245904,2025-06-30T01:11:44Z,scene_005,train,true,15,180,240,data/raw/arducam/depth/1751245904.npy,data/raw/arducam/confidence/1751245904.npy,data/processed/arducam/pose_coco17/1751245904.json,
1751245905,2025-06-30T01:11:45Z,scene_005,train,true,16,180,240,data/raw/arducam/depth/1751245905.npy,data/raw/arducam/confidence/1751245905.npy,data/processed/arducam/pose_coco17/1751245905.json,
1751245906,2025-06-30T01:11:46Z,scene_005,train,true,15,180,240,data/raw/arducam/depth/1751245906.npy,data/raw/arducam/confidence/1751245906.npy,data/processed/arducam/pose_coco17/1751245906.json,
1751245907,2025-06-30T01:11:47Z,scene_005,train,true,16,180,240,data/raw/arducam/depth/1751245907.npy,data/raw/arducam/confidence/1751245907.npy,data/processed/arducam/pose_coco17/1751245907.json,
1751245908,2025-06-30T01:11:48Z,scene_005,train,true,15,180,240,data/raw/arducam/depth/1751245908.npy,data/raw/arducam/confidence/1751245908.npy,data/processed/arducam/pose_coco17/1751245908.json,
1751245909,2025-06-30T01:11:49Z,scene_005,train,true,16,180,240,data/raw/arducam/depth/1751245909.npy,data/raw/arducam/confidence/1751245909.npy,data/processed/arducam/pose_coco17/1751245909.json,
1751245910,2025-06-30T01:11:50Z,scene_005,train,true,16,180,240,data/raw/arducam/depth/1751245910.npy,data/raw/arducam/confidence/1751245910.npy,data/processed/arducam/pose_coco17/1751245910.json,
1751245911,2025-06-30T01:11:51Z,scene_005,train,true,17,180,240,data/raw/arducam/depth/1751245911.npy,data/raw/arducam/confidence/1751245911.npy,data/processed/arducam/pose_coco17/1751245911.json,
1751245912,2025-06-30T01:11:52Z,scene_005,train,true,16,180,240,data/raw/arducam/depth/1751245912.npy,data/raw/arducam/confidence/1751245912.npy,data/processed/arducam/pose_coco17/1751245912.json,
1751245913,2025-06-30T01:11:53Z,scene_005,train,true,16,180,240,data/raw/arducam/depth/1751245913.npy,data/raw/arducam/confidence/1751245913.npy,data/processed/arducam/pose_coco17/1751245913.json,
1751245914,2025-06-30T01:11:54Z,scene_005,train,true,16,180,240,data/raw/arducam/depth/1751245914.npy,data/raw/arducam/confidence/1751245914.npy,data/processed/arducam/pose_coco17/1751245914.json,
1751245915,2025-06-30T01:11:55Z,scene_005,train,true,16,180,240,data/raw/arducam/depth/1751245915.npy,data/raw/arducam/confidence/1751245915.npy,data/processed/arducam/pose_coco17/1751245915.json,
1751245916,2025-06-30T01:11:56Z,scene_005,train,true,16,180,240,data/raw/arducam/depth/1751245916.npy,data/raw/arducam/confidence/1751245916.npy,data/processed/arducam/pose_coco17/1751245916.json,
1751245917,2025-06-30T01:11:57Z,scene_005,train,true,17,180,240,data/raw/arducam/depth/1751245917.npy,data/raw/arducam/confidence/1751245917.npy,data/processed/arducam/pose_coco17/1751245917.json,
1751245918,2025-06-30T01:11:58Z,scene_005,train,true,17,180,240,data/raw/arducam/depth/1751245918.npy,data/raw/arducam/confidence/1751245918.npy,data/processed/arducam/pose_coco17/1751245918.json,
1751245919,2025-06-30T01:11:59Z,scene_005,train,true,15,180,240,data/raw/arducam/depth/1751245919.npy,data/raw/arducam/confidence/1751245919.npy,data/processed/arducam/pose_coco17/1751245919.json,
1751245920,2025-06-30T01:12:00Z,scene_005,train,true,17,180,240,data/raw/arducam/depth/1751245920.npy,data/raw/arducam/confidence/1751245920.npy,data/processed/arducam/pose_coco17/1751245920.json,
1751245921,2025-06-30T01:12:01Z,scene_005,train,true,15,180,240,data/raw/arducam/depth/1751245921.npy,data/raw/arducam/confidence/1751245921.npy,data/processed/arducam/pose_coco17/1751245921.json,
1751245922,2025-06-30T01:12:02Z,scene_005,train,true,15,180,240,data/raw/arducam/depth/1751245922.npy,data/raw/arducam/confidence/1751245922.npy,data/processed/arducam/pose_coco17/1751245922.json,
1751245923,2025-06-30T01:12:03Z,scene_005,train,true,17,180,240,data/raw/arducam/depth/1751245923.npy,data/raw/arducam/confidence/1751245923.npy,data/processed/arducam/pose_coco17/1751245923.json,
1751245924,2025-06-30T01:12:04Z,scene_005,train,true,16,180,240,data/raw/arducam/depth/1751245924.npy,data/raw/arducam/confidence/1751245924.npy,data/processed/arducam/pose_coco17/1751245924.json,
1751245925,2025-06-30T01:12:05Z,scene_005,train,true,15,180,240,data/raw/arducam/depth/1751245925.npy,data/raw/arducam/confidence/1751245925.npy,data/processed/arducam/pose_coco17/1751245925.json,
1751245926,2025-06-30T01:12:06Z,scene_005,train,true,17,180,240,data/raw/arducam/depth/1751245926.npy,data/raw/arducam/confidence/1751245926.npy,data/processed/arducam/pose_coco17/1751245926.json,
1751245927,2025-06-30T01:12:07Z,scene_005,train,true,15,180,240,data/raw/arducam/depth/1751245927.npy,data/raw/arducam/confidence/1751245927.npy,data/processed/arducam/pose_coco17/1751245927.json,
1751245928,2025-06-30T01:12:08Z,scene_005,train,true,13,180,240,data/raw/arducam/depth/1751245928.npy,data/raw/arducam/confidence/1751245928.npy,data/processed/arducam/pose_coco17/1751245928.json,
1751245929,2025-06-30T01:12:09Z,scene_005,train,true,12,180,240,data/raw/arducam/depth/1751245929.npy,data/raw/arducam/confidence/1751245929.npy,data/processed/arducam/pose_coco17/1751245929.json,
1751245930,2025-06-30T01:12:10Z,scene_005,train,true,13,180,240,data/raw/arducam/depth/1751245930.npy,data/raw/arducam/confidence/1751245930.npy,data/processed/arducam/pose_coco17/1751245930.json,
1751245931,2025-06-30T01:12:11Z,scene_005,train,true,17,180,240,data/raw/arducam/depth/1751245931.npy,data/raw/arducam/confidence/1751245931.npy,data/processed/arducam/pose_coco17/1751245931.json,
1751245932,2025-06-30T01:12:12Z,scene_005,train,true,15,180,240,data/raw/arducam/depth/1751245932.npy,data/raw/arducam/confidence/1751245932.npy,data/processed/arducam/pose_coco17/1751245932.json,
1751245933,2025-06-30T01:12:13Z,scene_005,train,true,15,180,240,data/raw/arducam/depth/1751245933.npy,data/raw/arducam/confidence/1751245933.npy,data/processed/arducam/pose_coco17/1751245933.json,
1751245934,2025-06-30T01:12:14Z,scene_005,train,true,15,180,240,data/raw/arducam/depth/1751245934.npy,data/raw/arducam/confidence/1751245934.npy,data/processed/arducam/pose_coco17/1751245934.json,
1751245935,2025-06-30T01:12:15Z,scene_005,train,true,13,180,240,data/raw/arducam/depth/1751245935.npy,data/raw/arducam/confidence/1751245935.npy,data/processed/arducam/pose_coco17/1751245935.json,
1751245936,2025-06-30T01:12:16Z,scene_005,train,true,13,180,240,data/raw/arducam/depth/1751245936.npy,data/raw/arducam/confidence/1751245936.npy,data/processed/arducam/pose_coco17/1751245936.json,
1751245937,2025-06-30T01:12:17Z,scene_005,train,true,13,180,240,data/raw/arducam/depth/1751245937.npy,data/raw/arducam/confidence/1751245937.npy,data/processed/arducam/pose_coco17/1751245937.json,
1751245938,2025-06-30T01:12:18Z,scene_005,train,false,10,180,240,data/raw/arducam/depth/1751245938.npy,data/raw/arducam/confidence/1751245938.npy,data/processed/arducam/pose_coco17/1751245938.json,fewer_than_12_valid_keypoints
1751246062,2025-06-30T01:14:22Z,scene_005,train,true,17,180,240,data/raw/arducam/depth/1751246062.npy,data/raw/arducam/confidence/1751246062.npy,data/processed/arducam/pose_coco17/1751246062.json,
1751246063,2025-06-30T01:14:23Z,scene_005,train,true,17,180,240,data/raw/arducam/depth/1751246063.npy,data/raw/arducam/confidence/1751246063.npy,data/processed/arducam/pose_coco17/1751246063.json,
1751246064,2025-06-30T01:14:24Z,scene_005,train,true,13,180,240,data/raw/arducam/depth/1751246064.npy,data/raw/arducam/confidence/1751246064.npy,data/processed/arducam/pose_coco17/1751246064.json,
1751246065,2025-06-30T01:14:25Z,scene_005,train,true,12,180,240,data/raw/arducam/depth/1751246065.npy,data/raw/arducam/confidence/1751246065.npy,data/processed/arducam/pose_coco17/1751246065.json,
1751246066,2025-06-30T01:14:26Z,scene_005,train,false,10,180,240,data/raw/arducam/depth/1751246066.npy,data/raw/arducam/confidence/1751246066.npy,data/processed/arducam/pose_coco17/1751246066.json,fewer_than_12_valid_keypoints
1751246067,2025-06-30T01:14:27Z,scene_005,train,false,11,180,240,data/raw/arducam/depth/1751246067.npy,data/raw/arducam/confidence/1751246067.npy,data/processed/arducam/pose_coco17/1751246067.json,fewer_than_12_valid_keypoints
1751246068,2025-06-30T01:14:28Z,scene_005,train,true,12,180,240,data/raw/arducam/depth/1751246068.npy,data/raw/arducam/confidence/1751246068.npy,data/processed/arducam/pose_coco17/1751246068.json,
1751246069,2025-06-30T01:14:29Z,scene_005,train,true,13,180,240,data/raw/arducam/depth/1751246069.npy,data/raw/arducam/confidence/1751246069.npy,data/processed/arducam/pose_coco17/1751246069.json,
1751246070,2025-06-30T01:14:30Z,scene_005,train,true,17,180,240,data/raw/arducam/depth/1751246070.npy,data/raw/arducam/confidence/1751246070.npy,data/processed/arducam/pose_coco17/1751246070.json,
1751246071,2025-06-30T01:14:31Z,scene_005,train,true,15,180,240,data/raw/arducam/depth/1751246071.npy,data/raw/arducam/confidence/1751246071.npy,data/processed/arducam/pose_coco17/1751246071.json,
1751246072,2025-06-30T01:14:32Z,scene_005,train,true,17,180,240,data/raw/arducam/depth/1751246072.npy,data/raw/arducam/confidence/1751246072.npy,data/processed/arducam/pose_coco17/1751246072.json,
1751246073,2025-06-30T01:14:33Z,scene_005,train,true,17,180,240,data/raw/arducam/depth/1751246073.npy,data/raw/arducam/confidence/1751246073.npy,data/processed/arducam/pose_coco17/1751246073.json,
1751246074,2025-06-30T01:14:34Z,scene_005,train,true,17,180,240,data/raw/arducam/depth/1751246074.npy,data/raw/arducam/confidence/1751246074.npy,data/processed/arducam/pose_coco17/1751246074.json,
1751246075,2025-06-30T01:14:35Z,scene_005,train,true,17,180,240,data/raw/arducam/depth/1751246075.npy,data/raw/arducam/confidence/1751246075.npy,data/processed/arducam/pose_coco17/1751246075.json,
1751246076,2025-06-30T01:14:36Z,scene_005,train,true,17,180,240,data/raw/arducam/depth/1751246076.npy,data/raw/arducam/confidence/1751246076.npy,data/processed/arducam/pose_coco17/1751246076.json,
1751246077,2025-06-30T01:14:37Z,scene_005,train,true,17,180,240,data/raw/arducam/depth/1751246077.npy,data/raw/arducam/confidence/1751246077.npy,data/processed/arducam/pose_coco17/1751246077.json,
1751246078,2025-06-30T01:14:38Z,scene_005,train,true,15,180,240,data/raw/arducam/depth/1751246078.npy,data/raw/arducam/confidence/1751246078.npy,data/processed/arducam/pose_coco17/1751246078.json,
1751246079,2025-06-30T01:14:39Z,scene_005,train,true,13,180,240,data/raw/arducam/depth/1751246079.npy,data/raw/arducam/confidence/1751246079.npy,data/processed/arducam/pose_coco17/1751246079.json,
1751246080,2025-06-30T01:14:40Z,scene_005,train,true,15,180,240,data/raw/arducam/depth/1751246080.npy,data/raw/arducam/confidence/1751246080.npy,data/processed/arducam/pose_coco17/1751246080.json,
1751246081,2025-06-30T01:14:41Z,scene_005,train,true,17,180,240,data/raw/arducam/depth/1751246081.npy,data/raw/arducam/confidence/1751246081.npy,data/processed/arducam/pose_coco17/1751246081.json,
1751246082,2025-06-30T01:14:42Z,scene_005,train,true,17,180,240,data/raw/arducam/depth/1751246082.npy,data/raw/arducam/confidence/1751246082.npy,data/processed/arducam/pose_coco17/1751246082.json,
1751246083,2025-06-30T01:14:43Z,scene_005,train,true,17,180,240,data/raw/arducam/depth/1751246083.npy,data/raw/arducam/confidence/1751246083.npy,data/processed/arducam/pose_coco17/1751246083.json,
1751246084,2025-06-30T01:14:44Z,scene_005,train,true,17,180,240,data/raw/arducam/depth/1751246084.npy,data/raw/arducam/confidence/1751246084.npy,data/processed/arducam/pose_coco17/1751246084.json,
1751246085,2025-06-30T01:14:45Z,scene_005,train,true,17,180,240,data/raw/arducam/depth/1751246085.npy,data/raw/arducam/confidence/1751246085.npy,data/processed/arducam/pose_coco17/1751246085.json,
1751246086,2025-06-30T01:14:46Z,scene_005,train,true,17,180,240,data/raw/arducam/depth/1751246086.npy,data/raw/arducam/confidence/1751246086.npy,data/processed/arducam/pose_coco17/1751246086.json,
1751246087,2025-06-30T01:14:47Z,scene_005,train,true,17,180,240,data/raw/arducam/depth/1751246087.npy,data/raw/arducam/confidence/1751246087.npy,data/processed/arducam/pose_coco17/1751246087.json,
1751246088,2025-06-30T01:14:48Z,scene_005,train,true,17,180,240,data/raw/arducam/depth/1751246088.npy,data/raw/arducam/confidence/1751246088.npy,data/processed/arducam/pose_coco17/1751246088.json,
1751246089,2025-06-30T01:14:49Z,scene_005,train,true,15,180,240,data/raw/arducam/depth/1751246089.npy,data/raw/arducam/confidence/1751246089.npy,data/processed/arducam/pose_coco17/1751246089.json,
1751246090,2025-06-30T01:14:50Z,scene_005,train,true,15,180,240,data/raw/arducam/depth/1751246090.npy,data/raw/arducam/confidence/1751246090.npy,data/processed/arducam/pose_coco17/1751246090.json,
1751246091,2025-06-30T01:14:51Z,scene_005,train,true,15,180,240,data/raw/arducam/depth/1751246091.npy,data/raw/arducam/confidence/1751246091.npy,data/processed/arducam/pose_coco17/1751246091.json,
1751246092,2025-06-30T01:14:52Z,scene_005,train,true,15,180,240,data/raw/arducam/depth/1751246092.npy,data/raw/arducam/confidence/1751246092.npy,data/processed/arducam/pose_coco17/1751246092.json,
1751246093,2025-06-30T01:14:53Z,scene_005,train,true,15,180,240,data/raw/arducam/depth/1751246093.npy,data/raw/arducam/confidence/1751246093.npy,data/processed/arducam/pose_coco17/1751246093.json,
1751246094,2025-06-30T01:14:54Z,scene_005,train,true,17,180,240,data/raw/arducam/depth/1751246094.npy,data/raw/arducam/confidence/1751246094.npy,data/processed/arducam/pose_coco17/1751246094.json,
1751246095,2025-06-30T01:14:55Z,scene_005,train,true,17,180,240,data/raw/arducam/depth/1751246095.npy,data/raw/arducam/confidence/1751246095.npy,data/processed/arducam/pose_coco17/1751246095.json,
1751246096,2025-06-30T01:14:56Z,scene_005,train,true,17,180,240,data/raw/arducam/depth/1751246096.npy,data/raw/arducam/confidence/1751246096.npy,data/processed/arducam/pose_coco17/1751246096.json,
1751246097,2025-06-30T01:14:57Z,scene_005,train,true,17,180,240,data/raw/arducam/depth/1751246097.npy,data/raw/arducam/confidence/1751246097.npy,data/processed/arducam/pose_coco17/1751246097.json,
1751246098,2025-06-30T01:14:58Z,scene_005,train,true,17,180,240,data/raw/arducam/depth/1751246098.npy,data/raw/arducam/confidence/1751246098.npy,data/processed/arducam/pose_coco17/1751246098.json,
1751246099,2025-06-30T01:14:59Z,scene_005,train,true,17,180,240,data/raw/arducam/depth/1751246099.npy,data/raw/arducam/confidence/1751246099.npy,data/processed/arducam/pose_coco17/1751246099.json,
1751246100,2025-06-30T01:15:00Z,scene_005,train,true,17,180,240,data/raw/arducam/depth/1751246100.npy,data/raw/arducam/confidence/1751246100.npy,data/processed/arducam/pose_coco17/1751246100.json,
1751246104,2025-06-30T01:15:04Z,scene_005,train,true,17,180,240,data/raw/arducam/depth/1751246104.npy,data/raw/arducam/confidence/1751246104.npy,data/processed/arducam/pose_coco17/1751246104.json,
1751246105,2025-06-30T01:15:05Z,scene_005,train,true,17,180,240,data/raw/arducam/depth/1751246105.npy,data/raw/arducam/confidence/1751246105.npy,data/processed/arducam/pose_coco17/1751246105.json,
1751246106,2025-06-30T01:15:06Z,scene_005,train,true,17,180,240,data/raw/arducam/depth/1751246106.npy,data/raw/arducam/confidence/1751246106.npy,data/processed/arducam/pose_coco17/1751246106.json,
1751246107,2025-06-30T01:15:07Z,scene_005,train,true,17,180,240,data/raw/arducam/depth/1751246107.npy,data/raw/arducam/confidence/1751246107.npy,data/processed/arducam/pose_coco17/1751246107.json,
1751246108,2025-06-30T01:15:08Z,scene_005,train,true,17,180,240,data/raw/arducam/depth/1751246108.npy,data/raw/arducam/confidence/1751246108.npy,data/processed/arducam/pose_coco17/1751246108.json,
1751246109,2025-06-30T01:15:09Z,scene_005,train,true,17,180,240,data/raw/arducam/depth/1751246109.npy,data/raw/arducam/confidence/1751246109.npy,data/processed/arducam/pose_coco17/1751246109.json,
1751246110,2025-06-30T01:15:10Z,scene_005,train,true,17,180,240,data/raw/arducam/depth/1751246110.npy,data/raw/arducam/confidence/1751246110.npy,data/processed/arducam/pose_coco17/1751246110.json,
1751246111,2025-06-30T01:15:11Z,scene_005,train,true,17,180,240,data/raw/arducam/depth/1751246111.npy,data/raw/arducam/confidence/1751246111.npy,data/processed/arducam/pose_coco17/1751246111.json,
1751246112,2025-06-30T01:15:12Z,scene_005,train,true,17,180,240,data/raw/arducam/depth/1751246112.npy,data/raw/arducam/confidence/1751246112.npy,data/processed/arducam/pose_coco17/1751246112.json,
1751246113,2025-06-30T01:15:13Z,scene_005,train,true,15,180,240,data/raw/arducam/depth/1751246113.npy,data/raw/arducam/confidence/1751246113.npy,data/processed/arducam/pose_coco17/1751246113.json,
1751246114,2025-06-30T01:15:14Z,scene_005,train,true,13,180,240,data/raw/arducam/depth/1751246114.npy,data/raw/arducam/confidence/1751246114.npy,data/processed/arducam/pose_coco17/1751246114.json,
1751246115,2025-06-30T01:15:15Z,scene_005,train,true,13,180,240,data/raw/arducam/depth/1751246115.npy,data/raw/arducam/confidence/1751246115.npy,data/processed/arducam/pose_coco17/1751246115.json,
1751246116,2025-06-30T01:15:16Z,scene_005,train,true,13,180,240,data/raw/arducam/depth/1751246116.npy,data/raw/arducam/confidence/1751246116.npy,data/processed/arducam/pose_coco17/1751246116.json,
1751246117,2025-06-30T01:15:17Z,scene_005,train,true,13,180,240,data/raw/arducam/depth/1751246117.npy,data/raw/arducam/confidence/1751246117.npy,data/processed/arducam/pose_coco17/1751246117.json,
1751246118,2025-06-30T01:15:18Z,scene_005,train,true,17,180,240,data/raw/arducam/depth/1751246118.npy,data/raw/arducam/confidence/1751246118.npy,data/processed/arducam/pose_coco17/1751246118.json,
1751246119,2025-06-30T01:15:19Z,scene_005,train,true,17,180,240,data/raw/arducam/depth/1751246119.npy,data/raw/arducam/confidence/1751246119.npy,data/processed/arducam/pose_coco17/1751246119.json,
1751246120,2025-06-30T01:15:20Z,scene_005,train,true,14,180,240,data/raw/arducam/depth/1751246120.npy,data/raw/arducam/confidence/1751246120.npy,data/processed/arducam/pose_coco17/1751246120.json,
1751246121,2025-06-30T01:15:21Z,scene_005,train,true,13,180,240,data/raw/arducam/depth/1751246121.npy,data/raw/arducam/confidence/1751246121.npy,data/processed/arducam/pose_coco17/1751246121.json,
1751246122,2025-06-30T01:15:22Z,scene_005,train,false,9,180,240,data/raw/arducam/depth/1751246122.npy,data/raw/arducam/confidence/1751246122.npy,data/processed/arducam/pose_coco17/1751246122.json,fewer_than_12_valid_keypoints
1751246123,2025-06-30T01:15:23Z,scene_005,train,false,11,180,240,data/raw/arducam/depth/1751246123.npy,data/raw/arducam/confidence/1751246123.npy,data/processed/arducam/pose_coco17/1751246123.json,fewer_than_12_valid_keypoints
1751246124,2025-06-30T01:15:24Z,scene_005,train,false,9,180,240,data/raw/arducam/depth/1751246124.npy,data/raw/arducam/confidence/1751246124.npy,data/processed/arducam/pose_coco17/1751246124.json,fewer_than_12_valid_keypoints
1751246125,2025-06-30T01:15:25Z,scene_005,train,false,11,180,240,data/raw/arducam/depth/1751246125.npy,data/raw/arducam/confidence/1751246125.npy,data/processed/arducam/pose_coco17/1751246125.json,fewer_than_12_valid_keypoints
1751246126,2025-06-30T01:15:26Z,scene_005,train,false,11,180,240,data/raw/arducam/depth/1751246126.npy,data/raw/arducam/confidence/1751246126.npy,data/processed/arducam/pose_coco17/1751246126.json,fewer_than_12_valid_keypoints
1751246127,2025-06-30T01:15:27Z,scene_005,train,false,11,180,240,data/raw/arducam/depth/1751246127.npy,data/raw/arducam/confidence/1751246127.npy,data/processed/arducam/pose_coco17/1751246127.json,fewer_than_12_valid_keypoints
1751246128,2025-06-30T01:15:28Z,scene_005,train,true,12,180,240,data/raw/arducam/depth/1751246128.npy,data/raw/arducam/confidence/1751246128.npy,data/processed/arducam/pose_coco17/1751246128.json,
1751246130,2025-06-30T01:15:30Z,scene_005,train,true,17,180,240,data/raw/arducam/depth/1751246130.npy,data/raw/arducam/confidence/1751246130.npy,data/processed/arducam/pose_coco17/1751246130.json,
1751246131,2025-06-30T01:15:31Z,scene_005,train,true,17,180,240,data/raw/arducam/depth/1751246131.npy,data/raw/arducam/confidence/1751246131.npy,data/processed/arducam/pose_coco17/1751246131.json,
1751246132,2025-06-30T01:15:32Z,scene_005,train,true,17,180,240,data/raw/arducam/depth/1751246132.npy,data/raw/arducam/confidence/1751246132.npy,data/processed/arducam/pose_coco17/1751246132.json,
1751246133,2025-06-30T01:15:33Z,scene_005,train,true,17,180,240,data/raw/arducam/depth/1751246133.npy,data/raw/arducam/confidence/1751246133.npy,data/processed/arducam/pose_coco17/1751246133.json,
1751246134,2025-06-30T01:15:34Z,scene_005,train,true,17,180,240,data/raw/arducam/depth/1751246134.npy,data/raw/arducam/confidence/1751246134.npy,data/processed/arducam/pose_coco17/1751246134.json,
1751246135,2025-06-30T01:15:35Z,scene_005,train,true,17,180,240,data/raw/arducam/depth/1751246135.npy,data/raw/arducam/confidence/1751246135.npy,data/processed/arducam/pose_coco17/1751246135.json,
1751246136,2025-06-30T01:15:36Z,scene_005,train,true,15,180,240,data/raw/arducam/depth/1751246136.npy,data/raw/arducam/confidence/1751246136.npy,data/processed/arducam/pose_coco17/1751246136.json,
1751246137,2025-06-30T01:15:37Z,scene_005,train,true,14,180,240,data/raw/arducam/depth/1751246137.npy,data/raw/arducam/confidence/1751246137.npy,data/processed/arducam/pose_coco17/1751246137.json,
1751246138,2025-06-30T01:15:38Z,scene_005,train,true,13,180,240,data/raw/arducam/depth/1751246138.npy,data/raw/arducam/confidence/1751246138.npy,data/processed/arducam/pose_coco17/1751246138.json,
1751246139,2025-06-30T01:15:39Z,scene_005,train,true,13,180,240,data/raw/arducam/depth/1751246139.npy,data/raw/arducam/confidence/1751246139.npy,data/processed/arducam/pose_coco17/1751246139.json,
1751246140,2025-06-30T01:15:40Z,scene_005,train,false,11,180,240,data/raw/arducam/depth/1751246140.npy,data/raw/arducam/confidence/1751246140.npy,data/processed/arducam/pose_coco17/1751246140.json,fewer_than_12_valid_keypoints
1751246141,2025-06-30T01:15:41Z,scene_005,train,false,10,180,240,data/raw/arducam/depth/1751246141.npy,data/raw/arducam/confidence/1751246141.npy,data/processed/arducam/pose_coco17/1751246141.json,fewer_than_12_valid_keypoints
1751246142,2025-06-30T01:15:42Z,scene_005,train,true,14,180,240,data/raw/arducam/depth/1751246142.npy,data/raw/arducam/confidence/1751246142.npy,data/processed/arducam/pose_coco17/1751246142.json,
1751246153,2025-06-30T01:15:53Z,scene_005,train,true,13,180,240,data/raw/arducam/depth/1751246153.npy,data/raw/arducam/confidence/1751246153.npy,data/processed/arducam/pose_coco17/1751246153.json,
1751246154,2025-06-30T01:15:54Z,scene_005,train,true,17,180,240,data/raw/arducam/depth/1751246154.npy,data/raw/arducam/confidence/1751246154.npy,data/processed/arducam/pose_coco17/1751246154.json,
1751246155,2025-06-30T01:15:55Z,scene_005,train,true,13,180,240,data/raw/arducam/depth/1751246155.npy,data/raw/arducam/confidence/1751246155.npy,data/processed/arducam/pose_coco17/1751246155.json,
1751246156,2025-06-30T01:15:56Z,scene_005,train,true,13,180,240,data/raw/arducam/depth/1751246156.npy,data/raw/arducam/confidence/1751246156.npy,data/processed/arducam/pose_coco17/1751246156.json,
1751246157,2025-06-30T01:15:57Z,scene_005,train,true,13,180,240,data/raw/arducam/depth/1751246157.npy,data/raw/arducam/confidence/1751246157.npy,data/processed/arducam/pose_coco17/1751246157.json,
1751246158,2025-06-30T01:15:58Z,scene_005,train,true,13,180,240,data/raw/arducam/depth/1751246158.npy,data/raw/arducam/confidence/1751246158.npy,data/processed/arducam/pose_coco17/1751246158.json,
1751246159,2025-06-30T01:15:59Z,scene_005,train,true,13,180,240,data/raw/arducam/depth/1751246159.npy,data/raw/arducam/confidence/1751246159.npy,data/processed/arducam/pose_coco17/1751246159.json,
1751246160,2025-06-30T01:16:00Z,scene_005,train,true,13,180,240,data/raw/arducam/depth/1751246160.npy,data/raw/arducam/confidence/1751246160.npy,data/processed/arducam/pose_coco17/1751246160.json,
1751246161,2025-06-30T01:16:01Z,scene_005,train,true,15,180,240,data/raw/arducam/depth/1751246161.npy,data/raw/arducam/confidence/1751246161.npy,data/processed/arducam/pose_coco17/1751246161.json,
1751246162,2025-06-30T01:16:02Z,scene_005,train,true,13,180,240,data/raw/arducam/depth/1751246162.npy,data/raw/arducam/confidence/1751246162.npy,data/processed/arducam/pose_coco17/1751246162.json,
1751246163,2025-06-30T01:16:03Z,scene_005,train,true,13,180,240,data/raw/arducam/depth/1751246163.npy,data/raw/arducam/confidence/1751246163.npy,data/processed/arducam/pose_coco17/1751246163.json,
1751246164,2025-06-30T01:16:04Z,scene_005,train,true,13,180,240,data/raw/arducam/depth/1751246164.npy,data/raw/arducam/confidence/1751246164.npy,data/processed/arducam/pose_coco17/1751246164.json,
1751246165,2025-06-30T01:16:05Z,scene_005,train,true,13,180,240,data/raw/arducam/depth/1751246165.npy,data/raw/arducam/confidence/1751246165.npy,data/processed/arducam/pose_coco17/1751246165.json,
1751246166,2025-06-30T01:16:06Z,scene_005,train,true,13,180,240,data/raw/arducam/depth/1751246166.npy,data/raw/arducam/confidence/1751246166.npy,data/processed/arducam/pose_coco17/1751246166.json,
1751246167,2025-06-30T01:16:07Z,scene_005,train,true,13,180,240,data/raw/arducam/depth/1751246167.npy,data/raw/arducam/confidence/1751246167.npy,data/processed/arducam/pose_coco17/1751246167.json,
1751246168,2025-06-30T01:16:08Z,scene_005,train,false,10,180,240,data/raw/arducam/depth/1751246168.npy,data/raw/arducam/confidence/1751246168.npy,data/processed/arducam/pose_coco17/1751246168.json,fewer_than_12_valid_keypoints
1751246169,2025-06-30T01:16:09Z,scene_005,train,true,13,180,240,data/raw/arducam/depth/1751246169.npy,data/raw/arducam/confidence/1751246169.npy,data/processed/arducam/pose_coco17/1751246169.json,
1751246170,2025-06-30T01:16:10Z,scene_005,train,true,15,180,240,data/raw/arducam/depth/1751246170.npy,data/raw/arducam/confidence/1751246170.npy,data/processed/arducam/pose_coco17/1751246170.json,
1751246171,2025-06-30T01:16:11Z,scene_005,train,true,17,180,240,data/raw/arducam/depth/1751246171.npy,data/raw/arducam/confidence/1751246171.npy,data/processed/arducam/pose_coco17/1751246171.json,
1751246172,2025-06-30T01:16:12Z,scene_005,train,true,17,180,240,data/raw/arducam/depth/1751246172.npy,data/raw/arducam/confidence/1751246172.npy,data/processed/arducam/pose_coco17/1751246172.json,
1751246173,2025-06-30T01:16:13Z,scene_005,train,true,17,180,240,data/raw/arducam/depth/1751246173.npy,data/raw/arducam/confidence/1751246173.npy,data/processed/arducam/pose_coco17/1751246173.json,
1751246174,2025-06-30T01:16:14Z,scene_005,train,true,17,180,240,data/raw/arducam/depth/1751246174.npy,data/raw/arducam/confidence/1751246174.npy,data/processed/arducam/pose_coco17/1751246174.json,
1751246175,2025-06-30T01:16:15Z,scene_005,train,true,15,180,240,data/raw/arducam/depth/1751246175.npy,data/raw/arducam/confidence/1751246175.npy,data/processed/arducam/pose_coco17/1751246175.json,
1751246176,2025-06-30T01:16:16Z,scene_005,train,true,13,180,240,data/raw/arducam/depth/1751246176.npy,data/raw/arducam/confidence/1751246176.npy,data/processed/arducam/pose_coco17/1751246176.json,
1751246177,2025-06-30T01:16:17Z,scene_005,train,true,14,180,240,data/raw/arducam/depth/1751246177.npy,data/raw/arducam/confidence/1751246177.npy,data/processed/arducam/pose_coco17/1751246177.json,
1751246178,2025-06-30T01:16:18Z,scene_005,train,true,14,180,240,data/raw/arducam/depth/1751246178.npy,data/raw/arducam/confidence/1751246178.npy,data/processed/arducam/pose_coco17/1751246178.json,
1751246179,2025-06-30T01:16:19Z,scene_005,train,true,14,180,240,data/raw/arducam/depth/1751246179.npy,data/raw/arducam/confidence/1751246179.npy,data/processed/arducam/pose_coco17/1751246179.json,
1751246180,2025-06-30T01:16:20Z,scene_005,train,true,13,180,240,data/raw/arducam/depth/1751246180.npy,data/raw/arducam/confidence/1751246180.npy,data/processed/arducam/pose_coco17/1751246180.json,
1751246181,2025-06-30T01:16:21Z,scene_005,train,true,14,180,240,data/raw/arducam/depth/1751246181.npy,data/raw/arducam/confidence/1751246181.npy,data/processed/arducam/pose_coco17/1751246181.json,
1751246182,2025-06-30T01:16:22Z,scene_005,train,true,14,180,240,data/raw/arducam/depth/1751246182.npy,data/raw/arducam/confidence/1751246182.npy,data/processed/arducam/pose_coco17/1751246182.json,
1751246183,2025-06-30T01:16:23Z,scene_005,train,true,14,180,240,data/raw/arducam/depth/1751246183.npy,data/raw/arducam/confidence/1751246183.npy,data/processed/arducam/pose_coco17/1751246183.json,
1751246184,2025-06-30T01:16:24Z,scene_005,train,true,13,180,240,data/raw/arducam/depth/1751246184.npy,data/raw/arducam/confidence/1751246184.npy,data/processed/arducam/pose_coco17/1751246184.json,
1751246185,2025-06-30T01:16:25Z,scene_005,train,true,13,180,240,data/raw/arducam/depth/1751246185.npy,data/raw/arducam/confidence/1751246185.npy,data/processed/arducam/pose_coco17/1751246185.json,
1751246186,2025-06-30T01:16:26Z,scene_005,train,true,13,180,240,data/raw/arducam/depth/1751246186.npy,data/raw/arducam/confidence/1751246186.npy,data/processed/arducam/pose_coco17/1751246186.json,
1751246187,2025-06-30T01:16:27Z,scene_005,train,true,13,180,240,data/raw/arducam/depth/1751246187.npy,data/raw/arducam/confidence/1751246187.npy,data/processed/arducam/pose_coco17/1751246187.json,
1751246188,2025-06-30T01:16:28Z,scene_005,train,true,13,180,240,data/raw/arducam/depth/1751246188.npy,data/raw/arducam/confidence/1751246188.npy,data/processed/arducam/pose_coco17/1751246188.json,
1751246189,2025-06-30T01:16:29Z,scene_005,train,true,13,180,240,data/raw/arducam/depth/1751246189.npy,data/raw/arducam/confidence/1751246189.npy,data/processed/arducam/pose_coco17/1751246189.json,
1751246190,2025-06-30T01:16:30Z,scene_005,train,true,13,180,240,data/raw/arducam/depth/1751246190.npy,data/raw/arducam/confidence/1751246190.npy,data/processed/arducam/pose_coco17/1751246190.json,
1751246191,2025-06-30T01:16:31Z,scene_005,train,true,13,180,240,data/raw/arducam/depth/1751246191.npy,data/raw/arducam/confidence/1751246191.npy,data/processed/arducam/pose_coco17/1751246191.json,
1751246192,2025-06-30T01:16:32Z,scene_005,train,true,13,180,240,data/raw/arducam/depth/1751246192.npy,data/raw/arducam/confidence/1751246192.npy,data/processed/arducam/pose_coco17/1751246192.json,
1751246193,2025-06-30T01:16:33Z,scene_005,train,true,13,180,240,data/raw/arducam/depth/1751246193.npy,data/raw/arducam/confidence/1751246193.npy,data/processed/arducam/pose_coco17/1751246193.json,
1751246194,2025-06-30T01:16:34Z,scene_005,train,true,13,180,240,data/raw/arducam/depth/1751246194.npy,data/raw/arducam/confidence/1751246194.npy,data/processed/arducam/pose_coco17/1751246194.json,
1751246195,2025-06-30T01:16:35Z,scene_005,train,true,13,180,240,data/raw/arducam/depth/1751246195.npy,data/raw/arducam/confidence/1751246195.npy,data/processed/arducam/pose_coco17/1751246195.json,
1751246196,2025-06-30T01:16:36Z,scene_005,train,true,13,180,240,data/raw/arducam/depth/1751246196.npy,data/raw/arducam/confidence/1751246196.npy,data/processed/arducam/pose_coco17/1751246196.json,
1751246197,2025-06-30T01:16:37Z,scene_005,train,true,17,180,240,data/raw/arducam/depth/1751246197.npy,data/raw/arducam/confidence/1751246197.npy,data/processed/arducam/pose_coco17/1751246197.json,
1751246198,2025-06-30T01:16:38Z,scene_005,train,true,17,180,240,data/raw/arducam/depth/1751246198.npy,data/raw/arducam/confidence/1751246198.npy,data/processed/arducam/pose_coco17/1751246198.json,
1751246199,2025-06-30T01:16:39Z,scene_005,train,true,17,180,240,data/raw/arducam/depth/1751246199.npy,data/raw/arducam/confidence/1751246199.npy,data/processed/arducam/pose_coco17/1751246199.json,
1751246200,2025-06-30T01:16:40Z,scene_005,train,true,17,180,240,data/raw/arducam/depth/1751246200.npy,data/raw/arducam/confidence/1751246200.npy,data/processed/arducam/pose_coco17/1751246200.json,
1751246201,2025-06-30T01:16:41Z,scene_005,train,true,17,180,240,data/raw/arducam/depth/1751246201.npy,data/raw/arducam/confidence/1751246201.npy,data/processed/arducam/pose_coco17/1751246201.json,
1751246202,2025-06-30T01:16:42Z,scene_005,train,true,17,180,240,data/raw/arducam/depth/1751246202.npy,data/raw/arducam/confidence/1751246202.npy,data/processed/arducam/pose_coco17/1751246202.json,
1751246203,2025-06-30T01:16:43Z,scene_005,train,true,17,180,240,data/raw/arducam/depth/1751246203.npy,data/raw/arducam/confidence/1751246203.npy,data/processed/arducam/pose_coco17/1751246203.json,
1751246204,2025-06-30T01:16:44Z,scene_005,train,true,17,180,240,data/raw/arducam/depth/1751246204.npy,data/raw/arducam/confidence/1751246204.npy,data/processed/arducam/pose_coco17/1751246204.json,
1751246205,2025-06-30T01:16:45Z,scene_005,train,true,17,180,240,data/raw/arducam/depth/1751246205.npy,data/raw/arducam/confidence/1751246205.npy,data/processed/arducam/pose_coco17/1751246205.json,
1751246215,2025-06-30T01:16:55Z,scene_005,train,true,17,180,240,data/raw/arducam/depth/1751246215.npy,data/raw/arducam/confidence/1751246215.npy,data/processed/arducam/pose_coco17/1751246215.json,
1751246216,2025-06-30T01:16:56Z,scene_005,train,true,17,180,240,data/raw/arducam/depth/1751246216.npy,data/raw/arducam/confidence/1751246216.npy,data/processed/arducam/pose_coco17/1751246216.json,
1751246217,2025-06-30T01:16:57Z,scene_005,train,true,17,180,240,data/raw/arducam/depth/1751246217.npy,data/raw/arducam/confidence/1751246217.npy,data/processed/arducam/pose_coco17/1751246217.json,
1751246218,2025-06-30T01:16:58Z,scene_005,train,true,13,180,240,data/raw/arducam/depth/1751246218.npy,data/raw/arducam/confidence/1751246218.npy,data/processed/arducam/pose_coco17/1751246218.json,
1751246219,2025-06-30T01:16:59Z,scene_005,train,false,10,180,240,data/raw/arducam/depth/1751246219.npy,data/raw/arducam/confidence/1751246219.npy,data/processed/arducam/pose_coco17/1751246219.json,fewer_than_12_valid_keypoints
1751246227,2025-06-30T01:17:07Z,scene_005,train,true,17,180,240,data/raw/arducam/depth/1751246227.npy,data/raw/arducam/confidence/1751246227.npy,data/processed/arducam/pose_coco17/1751246227.json,
1751246228,2025-06-30T01:17:08Z,scene_005,train,true,17,180,240,data/raw/arducam/depth/1751246228.npy,data/raw/arducam/confidence/1751246228.npy,data/processed/arducam/pose_coco17/1751246228.json,
1751246229,2025-06-30T01:17:09Z,scene_005,train,true,17,180,240,data/raw/arducam/depth/1751246229.npy,data/raw/arducam/confidence/1751246229.npy,data/processed/arducam/pose_coco17/1751246229.json,
1751246230,2025-06-30T01:17:10Z,scene_005,train,true,17,180,240,data/raw/arducam/depth/1751246230.npy,data/raw/arducam/confidence/1751246230.npy,data/processed/arducam/pose_coco17/1751246230.json,
1751246231,2025-06-30T01:17:11Z,scene_005,train,true,17,180,240,data/raw/arducam/depth/1751246231.npy,data/raw/arducam/confidence/1751246231.npy,data/processed/arducam/pose_coco17/1751246231.json,
1751246242,2025-06-30T01:17:22Z,scene_005,train,true,17,180,240,data/raw/arducam/depth/1751246242.npy,data/raw/arducam/confidence/1751246242.npy,data/processed/arducam/pose_coco17/1751246242.json,
1751246243,2025-06-30T01:17:23Z,scene_005,train,true,17,180,240,data/raw/arducam/depth/1751246243.npy,data/raw/arducam/confidence/1751246243.npy,data/processed/arducam/pose_coco17/1751246243.json,
1751246244,2025-06-30T01:17:24Z,scene_005,train,true,17,180,240,data/raw/arducam/depth/1751246244.npy,data/raw/arducam/confidence/1751246244.npy,data/processed/arducam/pose_coco17/1751246244.json,
1751246245,2025-06-30T01:17:25Z,scene_005,train,true,17,180,240,data/raw/arducam/depth/1751246245.npy,data/raw/arducam/confidence/1751246245.npy,data/processed/arducam/pose_coco17/1751246245.json,
1751246246,2025-06-30T01:17:26Z,scene_005,train,true,17,180,240,data/raw/arducam/depth/1751246246.npy,data/raw/arducam/confidence/1751246246.npy,data/processed/arducam/pose_coco17/1751246246.json,
1751246248,2025-06-30T01:17:28Z,scene_005,train,true,17,180,240,data/raw/arducam/depth/1751246248.npy,data/raw/arducam/confidence/1751246248.npy,data/processed/arducam/pose_coco17/1751246248.json,
1751246325,2025-06-30T01:18:45Z,scene_005,train,true,17,180,240,data/raw/arducam/depth/1751246325.npy,data/raw/arducam/confidence/1751246325.npy,data/processed/arducam/pose_coco17/1751246325.json,
1751246326,2025-06-30T01:18:46Z,scene_005,train,true,17,180,240,data/raw/arducam/depth/1751246326.npy,data/raw/arducam/confidence/1751246326.npy,data/processed/arducam/pose_coco17/1751246326.json,
1751246327,2025-06-30T01:18:47Z,scene_005,train,true,17,180,240,data/raw/arducam/depth/1751246327.npy,data/raw/arducam/confidence/1751246327.npy,data/processed/arducam/pose_coco17/1751246327.json,
1751246328,2025-06-30T01:18:48Z,scene_005,train,true,15,180,240,data/raw/arducam/depth/1751246328.npy,data/raw/arducam/confidence/1751246328.npy,data/processed/arducam/pose_coco17/1751246328.json,
1751246329,2025-06-30T01:18:49Z,scene_005,train,true,15,180,240,data/raw/arducam/depth/1751246329.npy,data/raw/arducam/confidence/1751246329.npy,data/processed/arducam/pose_coco17/1751246329.json,
1751246330,2025-06-30T01:18:50Z,scene_005,train,true,15,180,240,data/raw/arducam/depth/1751246330.npy,data/raw/arducam/confidence/1751246330.npy,data/processed/arducam/pose_coco17/1751246330.json,
1751246331,2025-06-30T01:18:51Z,scene_005,train,true,15,180,240,data/raw/arducam/depth/1751246331.npy,data/raw/arducam/confidence/1751246331.npy,data/processed/arducam/pose_coco17/1751246331.json,
1751246332,2025-06-30T01:18:52Z,scene_005,train,true,13,180,240,data/raw/arducam/depth/1751246332.npy,data/raw/arducam/confidence/1751246332.npy,data/processed/arducam/pose_coco17/1751246332.json,
1751246333,2025-06-30T01:18:53Z,scene_005,train,true,14,180,240,data/raw/arducam/depth/1751246333.npy,data/raw/arducam/confidence/1751246333.npy,data/processed/arducam/pose_coco17/1751246333.json,
1751246334,2025-06-30T01:18:54Z,scene_005,train,true,14,180,240,data/raw/arducam/depth/1751246334.npy,data/raw/arducam/confidence/1751246334.npy,data/processed/arducam/pose_coco17/1751246334.json,
1751246335,2025-06-30T01:18:55Z,scene_005,train,true,13,180,240,data/raw/arducam/depth/1751246335.npy,data/raw/arducam/confidence/1751246335.npy,data/processed/arducam/pose_coco17/1751246335.json,
1751246336,2025-06-30T01:18:56Z,scene_005,train,true,15,180,240,data/raw/arducam/depth/1751246336.npy,data/raw/arducam/confidence/1751246336.npy,data/processed/arducam/pose_coco17/1751246336.json,
1751246337,2025-06-30T01:18:57Z,scene_005,train,true,15,180,240,data/raw/arducam/depth/1751246337.npy,data/raw/arducam/confidence/1751246337.npy,data/processed/arducam/pose_coco17/1751246337.json,
1751246338,2025-06-30T01:18:58Z,scene_005,train,true,15,180,240,data/raw/arducam/depth/1751246338.npy,data/raw/arducam/confidence/1751246338.npy,data/processed/arducam/pose_coco17/1751246338.json,
1751246339,2025-06-30T01:18:59Z,scene_005,train,true,15,180,240,data/raw/arducam/depth/1751246339.npy,data/raw/arducam/confidence/1751246339.npy,data/processed/arducam/pose_coco17/1751246339.json,
1751246340,2025-06-30T01:19:00Z,scene_005,train,true,15,180,240,data/raw/arducam/depth/1751246340.npy,data/raw/arducam/confidence/1751246340.npy,data/processed/arducam/pose_coco17/1751246340.json,
1751246341,2025-06-30T01:19:01Z,scene_005,train,true,15,180,240,data/raw/arducam/depth/1751246341.npy,data/raw/arducam/confidence/1751246341.npy,data/processed/arducam/pose_coco17/1751246341.json,
1751246342,2025-06-30T01:19:02Z,scene_005,train,true,17,180,240,data/raw/arducam/depth/1751246342.npy,data/raw/arducam/confidence/1751246342.npy,data/processed/arducam/pose_coco17/1751246342.json,
1751246343,2025-06-30T01:19:03Z,scene_005,train,true,17,180,240,data/raw/arducam/depth/1751246343.npy,data/raw/arducam/confidence/1751246343.npy,data/processed/arducam/pose_coco17/1751246343.json,
1751246344,2025-06-30T01:19:04Z,scene_005,train,true,15,180,240,data/raw/arducam/depth/1751246344.npy,data/raw/arducam/confidence/1751246344.npy,data/processed/arducam/pose_coco17/1751246344.json,
1751246345,2025-06-30T01:19:05Z,scene_005,train,true,15,180,240,data/raw/arducam/depth/1751246345.npy,data/raw/arducam/confidence/1751246345.npy,data/processed/arducam/pose_coco17/1751246345.json,
1751246346,2025-06-30T01:19:06Z,scene_005,train,true,15,180,240,data/raw/arducam/depth/1751246346.npy,data/raw/arducam/confidence/1751246346.npy,data/processed/arducam/pose_coco17/1751246346.json,
1751246347,2025-06-30T01:19:07Z,scene_005,train,true,15,180,240,data/raw/arducam/depth/1751246347.npy,data/raw/arducam/confidence/1751246347.npy,data/processed/arducam/pose_coco17/1751246347.json,
1751246348,2025-06-30T01:19:08Z,scene_005,train,true,15,180,240,data/raw/arducam/depth/1751246348.npy,data/raw/arducam/confidence/1751246348.npy,data/processed/arducam/pose_coco17/1751246348.json,
1751246349,2025-06-30T01:19:09Z,scene_005,train,true,15,180,240,data/raw/arducam/depth/1751246349.npy,data/raw/arducam/confidence/1751246349.npy,data/processed/arducam/pose_coco17/1751246349.json,
1751246350,2025-06-30T01:19:10Z,scene_005,train,true,15,180,240,data/raw/arducam/depth/1751246350.npy,data/raw/arducam/confidence/1751246350.npy,data/processed/arducam/pose_coco17/1751246350.json,
1751246351,2025-06-30T01:19:11Z,scene_005,train,true,13,180,240,data/raw/arducam/depth/1751246351.npy,data/raw/arducam/confidence/1751246351.npy,data/processed/arducam/pose_coco17/1751246351.json,
1751246352,2025-06-30T01:19:12Z,scene_005,train,true,13,180,240,data/raw/arducam/depth/1751246352.npy,data/raw/arducam/confidence/1751246352.npy,data/processed/arducam/pose_coco17/1751246352.json,
1751246353,2025-06-30T01:19:13Z,scene_005,train,true,15,180,240,data/raw/arducam/depth/1751246353.npy,data/raw/arducam/confidence/1751246353.npy,data/processed/arducam/pose_coco17/1751246353.json,
1751246354,2025-06-30T01:19:14Z,scene_005,train,true,15,180,240,data/raw/arducam/depth/1751246354.npy,data/raw/arducam/confidence/1751246354.npy,data/processed/arducam/pose_coco17/1751246354.json,
1751246355,2025-06-30T01:19:15Z,scene_005,train,true,15,180,240,data/raw/arducam/depth/1751246355.npy,data/raw/arducam/confidence/1751246355.npy,data/processed/arducam/pose_coco17/1751246355.json,
1751246356,2025-06-30T01:19:16Z,scene_005,train,true,17,180,240,data/raw/arducam/depth/1751246356.npy,data/raw/arducam/confidence/1751246356.npy,data/processed/arducam/pose_coco17/1751246356.json,
1751246357,2025-06-30T01:19:17Z,scene_005,train,true,16,180,240,data/raw/arducam/depth/1751246357.npy,data/raw/arducam/confidence/1751246357.npy,data/processed/arducam/pose_coco17/1751246357.json,
1751246358,2025-06-30T01:19:18Z,scene_005,train,true,17,180,240,data/raw/arducam/depth/1751246358.npy,data/raw/arducam/confidence/1751246358.npy,data/processed/arducam/pose_coco17/1751246358.json,
1751246359,2025-06-30T01:19:19Z,scene_005,train,true,15,180,240,data/raw/arducam/depth/1751246359.npy,data/raw/arducam/confidence/1751246359.npy,data/processed/arducam/pose_coco17/1751246359.json,
1751246360,2025-06-30T01:19:20Z,scene_005,train,true,16,180,240,data/raw/arducam/depth/1751246360.npy,data/raw/arducam/confidence/1751246360.npy,data/processed/arducam/pose_coco17/1751246360.json,
1751246361,2025-06-30T01:19:21Z,scene_005,train,true,17,180,240,data/raw/arducam/depth/1751246361.npy,data/raw/arducam/confidence/1751246361.npy,data/processed/arducam/pose_coco17/1751246361.json,
1751246362,2025-06-30T01:19:22Z,scene_005,train,true,15,180,240,data/raw/arducam/depth/1751246362.npy,data/raw/arducam/confidence/1751246362.npy,data/processed/arducam/pose_coco17/1751246362.json,
1751246363,2025-06-30T01:19:23Z,scene_005,train,true,15,180,240,data/raw/arducam/depth/1751246363.npy,data/raw/arducam/confidence/1751246363.npy,data/processed/arducam/pose_coco17/1751246363.json,
1751246364,2025-06-30T01:19:24Z,scene_005,train,true,15,180,240,data/raw/arducam/depth/1751246364.npy,data/raw/arducam/confidence/1751246364.npy,data/processed/arducam/pose_coco17/1751246364.json,
1751246365,2025-06-30T01:19:25Z,scene_005,train,true,15,180,240,data/raw/arducam/depth/1751246365.npy,data/raw/arducam/confidence/1751246365.npy,data/processed/arducam/pose_coco17/1751246365.json,
1751246366,2025-06-30T01:19:26Z,scene_005,train,true,15,180,240,data/raw/arducam/depth/1751246366.npy,data/raw/arducam/confidence/1751246366.npy,data/processed/arducam/pose_coco17/1751246366.json,
1751246367,2025-06-30T01:19:27Z,scene_005,train,true,15,180,240,data/raw/arducam/depth/1751246367.npy,data/raw/arducam/confidence/1751246367.npy,data/processed/arducam/pose_coco17/1751246367.json,
1751246368,2025-06-30T01:19:28Z,scene_005,train,true,17,180,240,data/raw/arducam/depth/1751246368.npy,data/raw/arducam/confidence/1751246368.npy,data/processed/arducam/pose_coco17/1751246368.json,
1751246369,2025-06-30T01:19:29Z,scene_005,train,true,17,180,240,data/raw/arducam/depth/1751246369.npy,data/raw/arducam/confidence/1751246369.npy,data/processed/arducam/pose_coco17/1751246369.json,
1751246370,2025-06-30T01:19:30Z,scene_005,train,true,17,180,240,data/raw/arducam/depth/1751246370.npy,data/raw/arducam/confidence/1751246370.npy,data/processed/arducam/pose_coco17/1751246370.json,
1751246371,2025-06-30T01:19:31Z,scene_005,train,true,16,180,240,data/raw/arducam/depth/1751246371.npy,data/raw/arducam/confidence/1751246371.npy,data/processed/arducam/pose_coco17/1751246371.json,
1751246372,2025-06-30T01:19:32Z,scene_005,train,true,17,180,240,data/raw/arducam/depth/1751246372.npy,data/raw/arducam/confidence/1751246372.npy,data/processed/arducam/pose_coco17/1751246372.json,
1751246373,2025-06-30T01:19:33Z,scene_005,train,true,17,180,240,data/raw/arducam/depth/1751246373.npy,data/raw/arducam/confidence/1751246373.npy,data/processed/arducam/pose_coco17/1751246373.json,
1751246374,2025-06-30T01:19:34Z,scene_005,train,true,17,180,240,data/raw/arducam/depth/1751246374.npy,data/raw/arducam/confidence/1751246374.npy,data/processed/arducam/pose_coco17/1751246374.json,
1751246375,2025-06-30T01:19:35Z,scene_005,train,true,17,180,240,data/raw/arducam/depth/1751246375.npy,data/raw/arducam/confidence/1751246375.npy,data/processed/arducam/pose_coco17/1751246375.json,
1751246376,2025-06-30T01:19:36Z,scene_005,train,true,17,180,240,data/raw/arducam/depth/1751246376.npy,data/raw/arducam/confidence/1751246376.npy,data/processed/arducam/pose_coco17/1751246376.json,
1751246377,2025-06-30T01:19:37Z,scene_005,train,true,17,180,240,data/raw/arducam/depth/1751246377.npy,data/raw/arducam/confidence/1751246377.npy,data/processed/arducam/pose_coco17/1751246377.json,
1751246378,2025-06-30T01:19:38Z,scene_005,train,true,17,180,240,data/raw/arducam/depth/1751246378.npy,data/raw/arducam/confidence/1751246378.npy,data/processed/arducam/pose_coco17/1751246378.json,
1751246379,2025-06-30T01:19:39Z,scene_005,train,true,17,180,240,data/raw/arducam/depth/1751246379.npy,data/raw/arducam/confidence/1751246379.npy,data/processed/arducam/pose_coco17/1751246379.json,
1751246380,2025-06-30T01:19:40Z,scene_005,train,true,17,180,240,data/raw/arducam/depth/1751246380.npy,data/raw/arducam/confidence/1751246380.npy,data/processed/arducam/pose_coco17/1751246380.json,
1751246381,2025-06-30T01:19:41Z,scene_005,train,true,17,180,240,data/raw/arducam/depth/1751246381.npy,data/raw/arducam/confidence/1751246381.npy,data/processed/arducam/pose_coco17/1751246381.json,
1751246382,2025-06-30T01:19:42Z,scene_005,train,true,17,180,240,data/raw/arducam/depth/1751246382.npy,data/raw/arducam/confidence/1751246382.npy,data/processed/arducam/pose_coco17/1751246382.json,
1751246383,2025-06-30T01:19:43Z,scene_005,train,true,17,180,240,data/raw/arducam/depth/1751246383.npy,data/raw/arducam/confidence/1751246383.npy,data/processed/arducam/pose_coco17/1751246383.json,
1751246384,2025-06-30T01:19:44Z,scene_005,train,true,17,180,240,data/raw/arducam/depth/1751246384.npy,data/raw/arducam/confidence/1751246384.npy,data/processed/arducam/pose_coco17/1751246384.json,
1751246385,2025-06-30T01:19:45Z,scene_005,train,true,17,180,240,data/raw/arducam/depth/1751246385.npy,data/raw/arducam/confidence/1751246385.npy,data/processed/arducam/pose_coco17/1751246385.json,
1751246386,2025-06-30T01:19:46Z,scene_005,train,true,17,180,240,data/raw/arducam/depth/1751246386.npy,data/raw/arducam/confidence/1751246386.npy,data/processed/arducam/pose_coco17/1751246386.json,
1751246387,2025-06-30T01:19:47Z,scene_005,train,true,17,180,240,data/raw/arducam/depth/1751246387.npy,data/raw/arducam/confidence/1751246387.npy,data/processed/arducam/pose_coco17/1751246387.json,
1751246388,2025-06-30T01:19:48Z,scene_005,train,true,15,180,240,data/raw/arducam/depth/1751246388.npy,data/raw/arducam/confidence/1751246388.npy,data/processed/arducam/pose_coco17/1751246388.json,
1751246389,2025-06-30T01:19:49Z,scene_005,train,true,13,180,240,data/raw/arducam/depth/1751246389.npy,data/raw/arducam/confidence/1751246389.npy,data/processed/arducam/pose_coco17/1751246389.json,
1751246390,2025-06-30T01:19:50Z,scene_005,train,true,13,180,240,data/raw/arducam/depth/1751246390.npy,data/raw/arducam/confidence/1751246390.npy,data/processed/arducam/pose_coco17/1751246390.json,
1751246391,2025-06-30T01:19:51Z,scene_005,train,true,15,180,240,data/raw/arducam/depth/1751246391.npy,data/raw/arducam/confidence/1751246391.npy,data/processed/arducam/pose_coco17/1751246391.json,
1751246392,2025-06-30T01:19:52Z,scene_005,train,true,15,180,240,data/raw/arducam/depth/1751246392.npy,data/raw/arducam/confidence/1751246392.npy,data/processed/arducam/pose_coco17/1751246392.json,
1751246393,2025-06-30T01:19:53Z,scene_005,train,true,14,180,240,data/raw/arducam/depth/1751246393.npy,data/raw/arducam/confidence/1751246393.npy,data/processed/arducam/pose_coco17/1751246393.json,
1751246394,2025-06-30T01:19:54Z,scene_005,train,true,13,180,240,data/raw/arducam/depth/1751246394.npy,data/raw/arducam/confidence/1751246394.npy,data/processed/arducam/pose_coco17/1751246394.json,
1751246395,2025-06-30T01:19:55Z,scene_005,train,true,15,180,240,data/raw/arducam/depth/1751246395.npy,data/raw/arducam/confidence/1751246395.npy,data/processed/arducam/pose_coco17/1751246395.json,
1751246396,2025-06-30T01:19:56Z,scene_005,train,true,17,180,240,data/raw/arducam/depth/1751246396.npy,data/raw/arducam/confidence/1751246396.npy,data/processed/arducam/pose_coco17/1751246396.json,
1751246397,2025-06-30T01:19:57Z,scene_005,train,true,15,180,240,data/raw/arducam/depth/1751246397.npy,data/raw/arducam/confidence/1751246397.npy,data/processed/arducam/pose_coco17/1751246397.json,
1751246398,2025-06-30T01:19:58Z,scene_005,train,true,15,180,240,data/raw/arducam/depth/1751246398.npy,data/raw/arducam/confidence/1751246398.npy,data/processed/arducam/pose_coco17/1751246398.json,
1751246399,2025-06-30T01:19:59Z,scene_005,train,true,17,180,240,data/raw/arducam/depth/1751246399.npy,data/raw/arducam/confidence/1751246399.npy,data/processed/arducam/pose_coco17/1751246399.json,
1751246400,2025-06-30T01:20:00Z,scene_005,train,true,17,180,240,data/raw/arducam/depth/1751246400.npy,data/raw/arducam/confidence/1751246400.npy,data/processed/arducam/pose_coco17/1751246400.json,
1751246401,2025-06-30T01:20:01Z,scene_005,train,true,17,180,240,data/raw/arducam/depth/1751246401.npy,data/raw/arducam/confidence/1751246401.npy,data/processed/arducam/pose_coco17/1751246401.json,
1751246402,2025-06-30T01:20:02Z,scene_005,train,true,17,180,240,data/raw/arducam/depth/1751246402.npy,data/raw/arducam/confidence/1751246402.npy,data/processed/arducam/pose_coco17/1751246402.json,
1751246403,2025-06-30T01:20:03Z,scene_005,train,true,17,180,240,data/raw/arducam/depth/1751246403.npy,data/raw/arducam/confidence/1751246403.npy,data/processed/arducam/pose_coco17/1751246403.json,
1751246404,2025-06-30T01:20:04Z,scene_005,train,true,17,180,240,data/raw/arducam/depth/1751246404.npy,data/raw/arducam/confidence/1751246404.npy,data/processed/arducam/pose_coco17/1751246404.json,
1751246420,2025-06-30T01:20:20Z,scene_005,train,true,17,180,240,data/raw/arducam/depth/1751246420.npy,data/raw/arducam/confidence/1751246420.npy,data/processed/arducam/pose_coco17/1751246420.json,
1751246421,2025-06-30T01:20:21Z,scene_005,train,true,17,180,240,data/raw/arducam/depth/1751246421.npy,data/raw/arducam/confidence/1751246421.npy,data/processed/arducam/pose_coco17/1751246421.json,
1751246422,2025-06-30T01:20:22Z,scene_005,train,true,17,180,240,data/raw/arducam/depth/1751246422.npy,data/raw/arducam/confidence/1751246422.npy,data/processed/arducam/pose_coco17/1751246422.json,
1751246423,2025-06-30T01:20:23Z,scene_005,train,true,17,180,240,data/raw/arducam/depth/1751246423.npy,data/raw/arducam/confidence/1751246423.npy,data/processed/arducam/pose_coco17/1751246423.json,
1751246424,2025-06-30T01:20:24Z,scene_005,train,true,17,180,240,data/raw/arducam/depth/1751246424.npy,data/raw/arducam/confidence/1751246424.npy,data/processed/arducam/pose_coco17/1751246424.json,
1751246425,2025-06-30T01:20:25Z,scene_005,train,true,17,180,240,data/raw/arducam/depth/1751246425.npy,data/raw/arducam/confidence/1751246425.npy,data/processed/arducam/pose_coco17/1751246425.json,
1751246426,2025-06-30T01:20:26Z,scene_005,train,true,17,180,240,data/raw/arducam/depth/1751246426.npy,data/raw/arducam/confidence/1751246426.npy,data/processed/arducam/pose_coco17/1751246426.json,
1751246428,2025-06-30T01:20:28Z,scene_005,train,true,17,180,240,data/raw/arducam/depth/1751246428.npy,data/raw/arducam/confidence/1751246428.npy,data/processed/arducam/pose_coco17/1751246428.json,
1751246430,2025-06-30T01:20:30Z,scene_005,train,true,17,180,240,data/raw/arducam/depth/1751246430.npy,data/raw/arducam/confidence/1751246430.npy,data/processed/arducam/pose_coco17/1751246430.json,
1751246431,2025-06-30T01:20:31Z,scene_005,train,true,17,180,240,data/raw/arducam/depth/1751246431.npy,data/raw/arducam/confidence/1751246431.npy,data/processed/arducam/pose_coco17/1751246431.json,
1751246432,2025-06-30T01:20:32Z,scene_005,train,true,17,180,240,data/raw/arducam/depth/1751246432.npy,data/raw/arducam/confidence/1751246432.npy,data/processed/arducam/pose_coco17/1751246432.json,
1751246446,2025-06-30T01:20:46Z,scene_005,train,true,17,180,240,data/raw/arducam/depth/1751246446.npy,data/raw/arducam/confidence/1751246446.npy,data/processed/arducam/pose_coco17/1751246446.json,
1751246447,2025-06-30T01:20:47Z,scene_005,train,true,15,180,240,data/raw/arducam/depth/1751246447.npy,data/raw/arducam/confidence/1751246447.npy,data/processed/arducam/pose_coco17/1751246447.json,
1751246458,2025-06-30T01:20:58Z,scene_005,train,true,17,180,240,data/raw/arducam/depth/1751246458.npy,data/raw/arducam/confidence/1751246458.npy,data/processed/arducam/pose_coco17/1751246458.json,
1751246461,2025-06-30T01:21:01Z,scene_005,train,true,17,180,240,data/raw/arducam/depth/1751246461.npy,data/raw/arducam/confidence/1751246461.npy,data/processed/arducam/pose_coco17/1751246461.json,
1751246462,2025-06-30T01:21:02Z,scene_005,train,true,17,180,240,data/raw/arducam/depth/1751246462.npy,data/raw/arducam/confidence/1751246462.npy,data/processed/arducam/pose_coco17/1751246462.json,
1751246463,2025-06-30T01:21:03Z,scene_005,train,true,17,180,240,data/raw/arducam/depth/1751246463.npy,data/raw/arducam/confidence/1751246463.npy,data/processed/arducam/pose_coco17/1751246463.json,
1751246468,2025-06-30T01:21:08Z,scene_005,train,true,17,180,240,data/raw/arducam/depth/1751246468.npy,data/raw/arducam/confidence/1751246468.npy,data/processed/arducam/pose_coco17/1751246468.json,
1751246474,2025-06-30T01:21:14Z,scene_005,train,true,17,180,240,data/raw/arducam/depth/1751246474.npy,data/raw/arducam/confidence/1751246474.npy,data/processed/arducam/pose_coco17/1751246474.json,
1751246475,2025-06-30T01:21:15Z,scene_005,train,true,15,180,240,data/raw/arducam/depth/1751246475.npy,data/raw/arducam/confidence/1751246475.npy,data/processed/arducam/pose_coco17/1751246475.json,
1751246482,2025-06-30T01:21:22Z,scene_005,train,true,17,180,240,data/raw/arducam/depth/1751246482.npy,data/raw/arducam/confidence/1751246482.npy,data/processed/arducam/pose_coco17/1751246482.json,
1751246483,2025-06-30T01:21:23Z,scene_005,train,true,16,180,240,data/raw/arducam/depth/1751246483.npy,data/raw/arducam/confidence/1751246483.npy,data/processed/arducam/pose_coco17/1751246483.json,
1751246484,2025-06-30T01:21:24Z,scene_005,train,true,15,180,240,data/raw/arducam/depth/1751246484.npy,data/raw/arducam/confidence/1751246484.npy,data/processed/arducam/pose_coco17/1751246484.json,
1751246485,2025-06-30T01:21:25Z,scene_005,train,true,17,180,240,data/raw/arducam/depth/1751246485.npy,data/raw/arducam/confidence/1751246485.npy,data/processed/arducam/pose_coco17/1751246485.json,
1751246486,2025-06-30T01:21:26Z,scene_005,train,true,17,180,240,data/raw/arducam/depth/1751246486.npy,data/raw/arducam/confidence/1751246486.npy,data/processed/arducam/pose_coco17/1751246486.json,
1751246487,2025-06-30T01:21:27Z,scene_005,train,true,17,180,240,data/raw/arducam/depth/1751246487.npy,data/raw/arducam/confidence/1751246487.npy,data/processed/arducam/pose_coco17/1751246487.json,
1751246521,2025-06-30T01:22:01Z,scene_005,train,true,15,180,240,data/raw/arducam/depth/1751246521.npy,data/raw/arducam/confidence/1751246521.npy,data/processed/arducam/pose_coco17/1751246521.json,
1751246522,2025-06-30T01:22:02Z,scene_005,train,true,15,180,240,data/raw/arducam/depth/1751246522.npy,data/raw/arducam/confidence/1751246522.npy,data/processed/arducam/pose_coco17/1751246522.json,
1751246523,2025-06-30T01:22:03Z,scene_005,train,true,13,180,240,data/raw/arducam/depth/1751246523.npy,data/raw/arducam/confidence/1751246523.npy,data/processed/arducam/pose_coco17/1751246523.json,
1751246524,2025-06-30T01:22:04Z,scene_005,train,true,13,180,240,data/raw/arducam/depth/1751246524.npy,data/raw/arducam/confidence/1751246524.npy,data/processed/arducam/pose_coco17/1751246524.json,
1751246525,2025-06-30T01:22:05Z,scene_005,train,true,13,180,240,data/raw/arducam/depth/1751246525.npy,data/raw/arducam/confidence/1751246525.npy,data/processed/arducam/pose_coco17/1751246525.json,
1751246526,2025-06-30T01:22:06Z,scene_005,train,true,13,180,240,data/raw/arducam/depth/1751246526.npy,data/raw/arducam/confidence/1751246526.npy,data/processed/arducam/pose_coco17/1751246526.json,
1751246527,2025-06-30T01:22:07Z,scene_005,train,true,13,180,240,data/raw/arducam/depth/1751246527.npy,data/raw/arducam/confidence/1751246527.npy,data/processed/arducam/pose_coco17/1751246527.json,
1751246528,2025-06-30T01:22:08Z,scene_005,train,true,13,180,240,data/raw/arducam/depth/1751246528.npy,data/raw/arducam/confidence/1751246528.npy,data/processed/arducam/pose_coco17/1751246528.json,
1751246529,2025-06-30T01:22:09Z,scene_005,train,true,13,180,240,data/raw/arducam/depth/1751246529.npy,data/raw/arducam/confidence/1751246529.npy,data/processed/arducam/pose_coco17/1751246529.json,
1751246530,2025-06-30T01:22:10Z,scene_005,train,true,13,180,240,data/raw/arducam/depth/1751246530.npy,data/raw/arducam/confidence/1751246530.npy,data/processed/arducam/pose_coco17/1751246530.json,
1751246531,2025-06-30T01:22:11Z,scene_005,train,true,13,180,240,data/raw/arducam/depth/1751246531.npy,data/raw/arducam/confidence/1751246531.npy,data/processed/arducam/pose_coco17/1751246531.json,
1751246532,2025-06-30T01:22:12Z,scene_005,train,true,13,180,240,data/raw/arducam/depth/1751246532.npy,data/raw/arducam/confidence/1751246532.npy,data/processed/arducam/pose_coco17/1751246532.json,
1751246533,2025-06-30T01:22:13Z,scene_005,train,true,13,180,240,data/raw/arducam/depth/1751246533.npy,data/raw/arducam/confidence/1751246533.npy,data/processed/arducam/pose_coco17/1751246533.json,
1751246534,2025-06-30T01:22:14Z,scene_005,train,true,13,180,240,data/raw/arducam/depth/1751246534.npy,data/raw/arducam/confidence/1751246534.npy,data/processed/arducam/pose_coco17/1751246534.json,
1751246535,2025-06-30T01:22:15Z,scene_005,train,true,13,180,240,data/raw/arducam/depth/1751246535.npy,data/raw/arducam/confidence/1751246535.npy,data/processed/arducam/pose_coco17/1751246535.json,
1751246536,2025-06-30T01:22:16Z,scene_005,train,true,13,180,240,data/raw/arducam/depth/1751246536.npy,data/raw/arducam/confidence/1751246536.npy,data/processed/arducam/pose_coco17/1751246536.json,
1751246537,2025-06-30T01:22:17Z,scene_005,train,true,13,180,240,data/raw/arducam/depth/1751246537.npy,data/raw/arducam/confidence/1751246537.npy,data/processed/arducam/pose_coco17/1751246537.json,
1751246538,2025-06-30T01:22:18Z,scene_005,train,true,14,180,240,data/raw/arducam/depth/1751246538.npy,data/raw/arducam/confidence/1751246538.npy,data/processed/arducam/pose_coco17/1751246538.json,
1751246539,2025-06-30T01:22:19Z,scene_005,train,true,15,180,240,data/raw/arducam/depth/1751246539.npy,data/raw/arducam/confidence/1751246539.npy,data/processed/arducam/pose_coco17/1751246539.json,
1751246540,2025-06-30T01:22:20Z,scene_005,train,true,17,180,240,data/raw/arducam/depth/1751246540.npy,data/raw/arducam/confidence/1751246540.npy,data/processed/arducam/pose_coco17/1751246540.json,
1751246541,2025-06-30T01:22:21Z,scene_005,train,true,17,180,240,data/raw/arducam/depth/1751246541.npy,data/raw/arducam/confidence/1751246541.npy,data/processed/arducam/pose_coco17/1751246541.json,
1751246542,2025-06-30T01:22:22Z,scene_005,train,true,17,180,240,data/raw/arducam/depth/1751246542.npy,data/raw/arducam/confidence/1751246542.npy,data/processed/arducam/pose_coco17/1751246542.json,
1751246543,2025-06-30T01:22:23Z,scene_005,train,true,17,180,240,data/raw/arducam/depth/1751246543.npy,data/raw/arducam/confidence/1751246543.npy,data/processed/arducam/pose_coco17/1751246543.json,
1751246544,2025-06-30T01:22:24Z,scene_005,train,true,16,180,240,data/raw/arducam/depth/1751246544.npy,data/raw/arducam/confidence/1751246544.npy,data/processed/arducam/pose_coco17/1751246544.json,
1751246545,2025-06-30T01:22:25Z,scene_005,train,true,15,180,240,data/raw/arducam/depth/1751246545.npy,data/raw/arducam/confidence/1751246545.npy,data/processed/arducam/pose_coco17/1751246545.json,
1751246546,2025-06-30T01:22:26Z,scene_005,train,true,13,180,240,data/raw/arducam/depth/1751246546.npy,data/raw/arducam/confidence/1751246546.npy,data/processed/arducam/pose_coco17/1751246546.json,
1751246547,2025-06-30T01:22:27Z,scene_005,train,true,17,180,240,data/raw/arducam/depth/1751246547.npy,data/raw/arducam/confidence/1751246547.npy,data/processed/arducam/pose_coco17/1751246547.json,
1751246548,2025-06-30T01:22:28Z,scene_005,train,true,17,180,240,data/raw/arducam/depth/1751246548.npy,data/raw/arducam/confidence/1751246548.npy,data/processed/arducam/pose_coco17/1751246548.json,
1751246549,2025-06-30T01:22:29Z,scene_005,train,true,15,180,240,data/raw/arducam/depth/1751246549.npy,data/raw/arducam/confidence/1751246549.npy,data/processed/arducam/pose_coco17/1751246549.json,
1751246550,2025-06-30T01:22:30Z,scene_005,train,true,15,180,240,data/raw/arducam/depth/1751246550.npy,data/raw/arducam/confidence/1751246550.npy,data/processed/arducam/pose_coco17/1751246550.json,
1751246551,2025-06-30T01:22:31Z,scene_005,train,true,15,180,240,data/raw/arducam/depth/1751246551.npy,data/raw/arducam/confidence/1751246551.npy,data/processed/arducam/pose_coco17/1751246551.json,
1751246552,2025-06-30T01:22:32Z,scene_005,train,true,15,180,240,data/raw/arducam/depth/1751246552.npy,data/raw/arducam/confidence/1751246552.npy,data/processed/arducam/pose_coco17/1751246552.json,
1751246553,2025-06-30T01:22:33Z,scene_005,train,true,15,180,240,data/raw/arducam/depth/1751246553.npy,data/raw/arducam/confidence/1751246553.npy,data/processed/arducam/pose_coco17/1751246553.json,
1751246554,2025-06-30T01:22:34Z,scene_005,train,true,15,180,240,data/raw/arducam/depth/1751246554.npy,data/raw/arducam/confidence/1751246554.npy,data/processed/arducam/pose_coco17/1751246554.json,
1751246555,2025-06-30T01:22:35Z,scene_005,train,true,15,180,240,data/raw/arducam/depth/1751246555.npy,data/raw/arducam/confidence/1751246555.npy,data/processed/arducam/pose_coco17/1751246555.json,
1751246556,2025-06-30T01:22:36Z,scene_005,train,true,15,180,240,data/raw/arducam/depth/1751246556.npy,data/raw/arducam/confidence/1751246556.npy,data/processed/arducam/pose_coco17/1751246556.json,
1751246557,2025-06-30T01:22:37Z,scene_005,train,true,15,180,240,data/raw/arducam/depth/1751246557.npy,data/raw/arducam/confidence/1751246557.npy,data/processed/arducam/pose_coco17/1751246557.json,
1751246558,2025-06-30T01:22:38Z,scene_005,train,true,15,180,240,data/raw/arducam/depth/1751246558.npy,data/raw/arducam/confidence/1751246558.npy,data/processed/arducam/pose_coco17/1751246558.json,
1751246559,2025-06-30T01:22:39Z,scene_005,train,true,15,180,240,data/raw/arducam/depth/1751246559.npy,data/raw/arducam/confidence/1751246559.npy,data/processed/arducam/pose_coco17/1751246559.json,
1751246560,2025-06-30T01:22:40Z,scene_005,train,true,13,180,240,data/raw/arducam/depth/1751246560.npy,data/raw/arducam/confidence/1751246560.npy,data/processed/arducam/pose_coco17/1751246560.json,
1751246561,2025-06-30T01:22:41Z,scene_005,train,true,13,180,240,data/raw/arducam/depth/1751246561.npy,data/raw/arducam/confidence/1751246561.npy,data/processed/arducam/pose_coco17/1751246561.json,
1751246562,2025-06-30T01:22:42Z,scene_005,train,true,13,180,240,data/raw/arducam/depth/1751246562.npy,data/raw/arducam/confidence/1751246562.npy,data/processed/arducam/pose_coco17/1751246562.json,
1751246563,2025-06-30T01:22:43Z,scene_005,train,true,13,180,240,data/raw/arducam/depth/1751246563.npy,data/raw/arducam/confidence/1751246563.npy,data/processed/arducam/pose_coco17/1751246563.json,
1751246564,2025-06-30T01:22:44Z,scene_005,train,true,13,180,240,data/raw/arducam/depth/1751246564.npy,data/raw/arducam/confidence/1751246564.npy,data/processed/arducam/pose_coco17/1751246564.json,
1751246565,2025-06-30T01:22:45Z,scene_005,train,true,15,180,240,data/raw/arducam/depth/1751246565.npy,data/raw/arducam/confidence/1751246565.npy,data/processed/arducam/pose_coco17/1751246565.json,
1751246566,2025-06-30T01:22:46Z,scene_005,train,true,17,180,240,data/raw/arducam/depth/1751246566.npy,data/raw/arducam/confidence/1751246566.npy,data/processed/arducam/pose_coco17/1751246566.json,
1751246567,2025-06-30T01:22:47Z,scene_005,train,true,17,180,240,data/raw/arducam/depth/1751246567.npy,data/raw/arducam/confidence/1751246567.npy,data/processed/arducam/pose_coco17/1751246567.json,
1751246568,2025-06-30T01:22:48Z,scene_005,train,true,17,180,240,data/raw/arducam/depth/1751246568.npy,data/raw/arducam/confidence/1751246568.npy,data/processed/arducam/pose_coco17/1751246568.json,
1751246569,2025-06-30T01:22:49Z,scene_005,train,true,17,180,240,data/raw/arducam/depth/1751246569.npy,data/raw/arducam/confidence/1751246569.npy,data/processed/arducam/pose_coco17/1751246569.json,
1751246570,2025-06-30T01:22:50Z,scene_005,train,true,15,180,240,data/raw/arducam/depth/1751246570.npy,data/raw/arducam/confidence/1751246570.npy,data/processed/arducam/pose_coco17/1751246570.json,
1751246571,2025-06-30T01:22:51Z,scene_005,train,true,15,180,240,data/raw/arducam/depth/1751246571.npy,data/raw/arducam/confidence/1751246571.npy,data/processed/arducam/pose_coco17/1751246571.json,
1751246572,2025-06-30T01:22:52Z,scene_005,train,true,15,180,240,data/raw/arducam/depth/1751246572.npy,data/raw/arducam/confidence/1751246572.npy,data/processed/arducam/pose_coco17/1751246572.json,
1751246573,2025-06-30T01:22:53Z,scene_005,train,true,15,180,240,data/raw/arducam/depth/1751246573.npy,data/raw/arducam/confidence/1751246573.npy,data/processed/arducam/pose_coco17/1751246573.json,
1751246574,2025-06-30T01:22:54Z,scene_005,train,true,15,180,240,data/raw/arducam/depth/1751246574.npy,data/raw/arducam/confidence/1751246574.npy,data/processed/arducam/pose_coco17/1751246574.json,
1751246575,2025-06-30T01:22:55Z,scene_005,train,true,15,180,240,data/raw/arducam/depth/1751246575.npy,data/raw/arducam/confidence/1751246575.npy,data/processed/arducam/pose_coco17/1751246575.json,
1751246576,2025-06-30T01:22:56Z,scene_005,train,true,15,180,240,data/raw/arducam/depth/1751246576.npy,data/raw/arducam/confidence/1751246576.npy,data/processed/arducam/pose_coco17/1751246576.json,
1751246577,2025-06-30T01:22:57Z,scene_005,train,true,15,180,240,data/raw/arducam/depth/1751246577.npy,data/raw/arducam/confidence/1751246577.npy,data/processed/arducam/pose_coco17/1751246577.json,
1751246578,2025-06-30T01:22:58Z,scene_005,train,true,15,180,240,data/raw/arducam/depth/1751246578.npy,data/raw/arducam/confidence/1751246578.npy,data/processed/arducam/pose_coco17/1751246578.json,
1751246579,2025-06-30T01:22:59Z,scene_005,train,true,15,180,240,data/raw/arducam/depth/1751246579.npy,data/raw/arducam/confidence/1751246579.npy,data/processed/arducam/pose_coco17/1751246579.json,
1751246580,2025-06-30T01:23:00Z,scene_005,train,true,15,180,240,data/raw/arducam/depth/1751246580.npy,data/raw/arducam/confidence/1751246580.npy,data/processed/arducam/pose_coco17/1751246580.json,
1751246581,2025-06-30T01:23:01Z,scene_005,train,true,15,180,240,data/raw/arducam/depth/1751246581.npy,data/raw/arducam/confidence/1751246581.npy,data/processed/arducam/pose_coco17/1751246581.json,
1751246582,2025-06-30T01:23:02Z,scene_005,train,true,15,180,240,data/raw/arducam/depth/1751246582.npy,data/raw/arducam/confidence/1751246582.npy,data/processed/arducam/pose_coco17/1751246582.json,
1751246583,2025-06-30T01:23:03Z,scene_005,train,true,13,180,240,data/raw/arducam/depth/1751246583.npy,data/raw/arducam/confidence/1751246583.npy,data/processed/arducam/pose_coco17/1751246583.json,
1751246584,2025-06-30T01:23:04Z,scene_005,train,true,13,180,240,data/raw/arducam/depth/1751246584.npy,data/raw/arducam/confidence/1751246584.npy,data/processed/arducam/pose_coco17/1751246584.json,
1751246585,2025-06-30T01:23:05Z,scene_005,train,true,13,180,240,data/raw/arducam/depth/1751246585.npy,data/raw/arducam/confidence/1751246585.npy,data/processed/arducam/pose_coco17/1751246585.json,
1751246586,2025-06-30T01:23:06Z,scene_005,train,true,13,180,240,data/raw/arducam/depth/1751246586.npy,data/raw/arducam/confidence/1751246586.npy,data/processed/arducam/pose_coco17/1751246586.json,
1751246587,2025-06-30T01:23:07Z,scene_005,train,true,13,180,240,data/raw/arducam/depth/1751246587.npy,data/raw/arducam/confidence/1751246587.npy,data/processed/arducam/pose_coco17/1751246587.json,
1751246588,2025-06-30T01:23:08Z,scene_005,train,true,13,180,240,data/raw/arducam/depth/1751246588.npy,data/raw/arducam/confidence/1751246588.npy,data/processed/arducam/pose_coco17/1751246588.json,
1751246589,2025-06-30T01:23:09Z,scene_005,train,true,13,180,240,data/raw/arducam/depth/1751246589.npy,data/raw/arducam/confidence/1751246589.npy,data/processed/arducam/pose_coco17/1751246589.json,
1751246590,2025-06-30T01:23:10Z,scene_005,train,true,13,180,240,data/raw/arducam/depth/1751246590.npy,data/raw/arducam/confidence/1751246590.npy,data/processed/arducam/pose_coco17/1751246590.json,
1751246591,2025-06-30T01:23:11Z,scene_005,train,true,13,180,240,data/raw/arducam/depth/1751246591.npy,data/raw/arducam/confidence/1751246591.npy,data/processed/arducam/pose_coco17/1751246591.json,
1751246592,2025-06-30T01:23:12Z,scene_005,train,true,13,180,240,data/raw/arducam/depth/1751246592.npy,data/raw/arducam/confidence/1751246592.npy,data/processed/arducam/pose_coco17/1751246592.json,
1751246593,2025-06-30T01:23:13Z,scene_005,train,true,13,180,240,data/raw/arducam/depth/1751246593.npy,data/raw/arducam/confidence/1751246593.npy,data/processed/arducam/pose_coco17/1751246593.json,
1751246594,2025-06-30T01:23:14Z,scene_005,train,true,13,180,240,data/raw/arducam/depth/1751246594.npy,data/raw/arducam/confidence/1751246594.npy,data/processed/arducam/pose_coco17/1751246594.json,
1751246595,2025-06-30T01:23:15Z,scene_005,train,true,15,180,240,data/raw/arducam/depth/1751246595.npy,data/raw/arducam/confidence/1751246595.npy,data/processed/arducam/pose_coco17/1751246595.json,
1751246596,2025-06-30T01:23:16Z,scene_005,train,true,15,180,240,data/raw/arducam/depth/1751246596.npy,data/raw/arducam/confidence/1751246596.npy,data/processed/arducam/pose_coco17/1751246596.json,
1751246597,2025-06-30T01:23:17Z,scene_005,train,true,15,180,240,data/raw/arducam/depth/1751246597.npy,data/raw/arducam/confidence/1751246597.npy,data/processed/arducam/pose_coco17/1751246597.json,
1751246598,2025-06-30T01:23:18Z,scene_005,train,true,15,180,240,data/raw/arducam/depth/1751246598.npy,data/raw/arducam/confidence/1751246598.npy,data/processed/arducam/pose_coco17/1751246598.json,
1751246599,2025-06-30T01:23:19Z,scene_005,train,true,17,180,240,data/raw/arducam/depth/1751246599.npy,data/raw/arducam/confidence/1751246599.npy,data/processed/arducam/pose_coco17/1751246599.json,
1751246600,2025-06-30T01:23:20Z,scene_005,train,true,17,180,240,data/raw/arducam/depth/1751246600.npy,data/raw/arducam/confidence/1751246600.npy,data/processed/arducam/pose_coco17/1751246600.json,
1751246601,2025-06-30T01:23:21Z,scene_005,train,true,17,180,240,data/raw/arducam/depth/1751246601.npy,data/raw/arducam/confidence/1751246601.npy,data/processed/arducam/pose_coco17/1751246601.json,
1751246602,2025-06-30T01:23:22Z,scene_005,train,true,13,180,240,data/raw/arducam/depth/1751246602.npy,data/raw/arducam/confidence/1751246602.npy,data/processed/arducam/pose_coco17/1751246602.json,
1751246660,2025-06-30T01:24:20Z,scene_005,train,false,9,180,240,data/raw/arducam/depth/1751246660.npy,data/raw/arducam/confidence/1751246660.npy,data/processed/arducam/pose_coco17/1751246660.json,fewer_than_12_valid_keypoints
1751246661,2025-06-30T01:24:21Z,scene_005,train,false,9,180,240,data/raw/arducam/depth/1751246661.npy,data/raw/arducam/confidence/1751246661.npy,data/processed/arducam/pose_coco17/1751246661.json,fewer_than_12_valid_keypoints
1751246662,2025-06-30T01:24:22Z,scene_005,train,true,13,180,240,data/raw/arducam/depth/1751246662.npy,data/raw/arducam/confidence/1751246662.npy,data/processed/arducam/pose_coco17/1751246662.json,
1751246663,2025-06-30T01:24:23Z,scene_005,train,true,13,180,240,data/raw/arducam/depth/1751246663.npy,data/raw/arducam/confidence/1751246663.npy,data/processed/arducam/pose_coco17/1751246663.json,
1751246664,2025-06-30T01:24:24Z,scene_005,train,true,13,180,240,data/raw/arducam/depth/1751246664.npy,data/raw/arducam/confidence/1751246664.npy,data/processed/arducam/pose_coco17/1751246664.json,
1751246665,2025-06-30T01:24:25Z,scene_005,train,true,13,180,240,data/raw/arducam/depth/1751246665.npy,data/raw/arducam/confidence/1751246665.npy,data/processed/arducam/pose_coco17/1751246665.json,
1751246666,2025-06-30T01:24:26Z,scene_005,train,true,13,180,240,data/raw/arducam/depth/1751246666.npy,data/raw/arducam/confidence/1751246666.npy,data/processed/arducam/pose_coco17/1751246666.json,
1751246667,2025-06-30T01:24:27Z,scene_005,train,true,13,180,240,data/raw/arducam/depth/1751246667.npy,data/raw/arducam/confidence/1751246667.npy,data/processed/arducam/pose_coco17/1751246667.json,
1751246668,2025-06-30T01:24:28Z,scene_005,train,true,13,180,240,data/raw/arducam/depth/1751246668.npy,data/raw/arducam/confidence/1751246668.npy,data/processed/arducam/pose_coco17/1751246668.json,
1751246669,2025-06-30T01:24:29Z,scene_005,train,true,13,180,240,data/raw/arducam/depth/1751246669.npy,data/raw/arducam/confidence/1751246669.npy,data/processed/arducam/pose_coco17/1751246669.json,
1751246670,2025-06-30T01:24:30Z,scene_005,train,true,13,180,240,data/raw/arducam/depth/1751246670.npy,data/raw/arducam/confidence/1751246670.npy,data/processed/arducam/pose_coco17/1751246670.json,
1751246671,2025-06-30T01:24:31Z,scene_005,train,true,14,180,240,data/raw/arducam/depth/1751246671.npy,data/raw/arducam/confidence/1751246671.npy,data/processed/arducam/pose_coco17/1751246671.json,
1751246672,2025-06-30T01:24:32Z,scene_005,train,true,13,180,240,data/raw/arducam/depth/1751246672.npy,data/raw/arducam/confidence/1751246672.npy,data/processed/arducam/pose_coco17/1751246672.json,
1751246673,2025-06-30T01:24:33Z,scene_005,train,true,13,180,240,data/raw/arducam/depth/1751246673.npy,data/raw/arducam/confidence/1751246673.npy,data/processed/arducam/pose_coco17/1751246673.json,
1751246674,2025-06-30T01:24:34Z,scene_005,train,true,13,180,240,data/raw/arducam/depth/1751246674.npy,data/raw/arducam/confidence/1751246674.npy,data/processed/arducam/pose_coco17/1751246674.json,
1751246675,2025-06-30T01:24:35Z,scene_005,train,true,13,180,240,data/raw/arducam/depth/1751246675.npy,data/raw/arducam/confidence/1751246675.npy,data/processed/arducam/pose_coco17/1751246675.json,
1751246676,2025-06-30T01:24:36Z,scene_005,train,true,13,180,240,data/raw/arducam/depth/1751246676.npy,data/raw/arducam/confidence/1751246676.npy,data/processed/arducam/pose_coco17/1751246676.json,
1751246677,2025-06-30T01:24:37Z,scene_005,train,true,13,180,240,data/raw/arducam/depth/1751246677.npy,data/raw/arducam/confidence/1751246677.npy,data/processed/arducam/pose_coco17/1751246677.json,
1751246678,2025-06-30T01:24:38Z,scene_005,train,true,13,180,240,data/raw/arducam/depth/1751246678.npy,data/raw/arducam/confidence/1751246678.npy,data/processed/arducam/pose_coco17/1751246678.json,
1751246679,2025-06-30T01:24:39Z,scene_005,train,true,13,180,240,data/raw/arducam/depth/1751246679.npy,data/raw/arducam/confidence/1751246679.npy,data/processed/arducam/pose_coco17/1751246679.json,
1751246680,2025-06-30T01:24:40Z,scene_005,train,true,13,180,240,data/raw/arducam/depth/1751246680.npy,data/raw/arducam/confidence/1751246680.npy,data/processed/arducam/pose_coco17/1751246680.json,
1751246681,2025-06-30T01:24:41Z,scene_005,train,true,13,180,240,data/raw/arducam/depth/1751246681.npy,data/raw/arducam/confidence/1751246681.npy,data/processed/arducam/pose_coco17/1751246681.json,
1751246682,2025-06-30T01:24:42Z,scene_005,train,true,13,180,240,data/raw/arducam/depth/1751246682.npy,data/raw/arducam/confidence/1751246682.npy,data/processed/arducam/pose_coco17/1751246682.json,
1751246683,2025-06-30T01:24:43Z,scene_005,train,true,13,180,240,data/raw/arducam/depth/1751246683.npy,data/raw/arducam/confidence/1751246683.npy,data/processed/arducam/pose_coco17/1751246683.json,
1751246684,2025-06-30T01:24:44Z,scene_005,train,true,13,180,240,data/raw/arducam/depth/1751246684.npy,data/raw/arducam/confidence/1751246684.npy,data/processed/arducam/pose_coco17/1751246684.json,
1751246685,2025-06-30T01:24:45Z,scene_005,train,true,13,180,240,data/raw/arducam/depth/1751246685.npy,data/raw/arducam/confidence/1751246685.npy,data/processed/arducam/pose_coco17/1751246685.json,
1751246686,2025-06-30T01:24:46Z,scene_005,train,true,13,180,240,data/raw/arducam/depth/1751246686.npy,data/raw/arducam/confidence/1751246686.npy,data/processed/arducam/pose_coco17/1751246686.json,
1751246687,2025-06-30T01:24:47Z,scene_005,train,true,13,180,240,data/raw/arducam/depth/1751246687.npy,data/raw/arducam/confidence/1751246687.npy,data/processed/arducam/pose_coco17/1751246687.json,
1751246688,2025-06-30T01:24:48Z,scene_005,train,true,13,180,240,data/raw/arducam/depth/1751246688.npy,data/raw/arducam/confidence/1751246688.npy,data/processed/arducam/pose_coco17/1751246688.json,
1751246689,2025-06-30T01:24:49Z,scene_005,train,true,13,180,240,data/raw/arducam/depth/1751246689.npy,data/raw/arducam/confidence/1751246689.npy,data/processed/arducam/pose_coco17/1751246689.json,
1751246690,2025-06-30T01:24:50Z,scene_005,train,true,14,180,240,data/raw/arducam/depth/1751246690.npy,data/raw/arducam/confidence/1751246690.npy,data/processed/arducam/pose_coco17/1751246690.json,
1751246691,2025-06-30T01:24:51Z,scene_005,train,false,11,180,240,data/raw/arducam/depth/1751246691.npy,data/raw/arducam/confidence/1751246691.npy,data/processed/arducam/pose_coco17/1751246691.json,fewer_than_12_valid_keypoints
1751246692,2025-06-30T01:24:52Z,scene_005,train,true,13,180,240,data/raw/arducam/depth/1751246692.npy,data/raw/arducam/confidence/1751246692.npy,data/processed/arducam/pose_coco17/1751246692.json,
1751246693,2025-06-30T01:24:53Z,scene_005,train,true,13,180,240,data/raw/arducam/depth/1751246693.npy,data/raw/arducam/confidence/1751246693.npy,data/processed/arducam/pose_coco17/1751246693.json,
1751246694,2025-06-30T01:24:54Z,scene_005,train,true,17,180,240,data/raw/arducam/depth/1751246694.npy,data/raw/arducam/confidence/1751246694.npy,data/processed/arducam/pose_coco17/1751246694.json,
1751246695,2025-06-30T01:24:55Z,scene_005,train,true,12,180,240,data/raw/arducam/depth/1751246695.npy,data/raw/arducam/confidence/1751246695.npy,data/processed/arducam/pose_coco17/1751246695.json,
1751246696,2025-06-30T01:24:56Z,scene_005,train,false,11,180,240,data/raw/arducam/depth/1751246696.npy,data/raw/arducam/confidence/1751246696.npy,data/processed/arducam/pose_coco17/1751246696.json,fewer_than_12_valid_keypoints
1751246697,2025-06-30T01:24:57Z,scene_005,train,true,13,180,240,data/raw/arducam/depth/1751246697.npy,data/raw/arducam/confidence/1751246697.npy,data/processed/arducam/pose_coco17/1751246697.json,
1751246698,2025-06-30T01:24:58Z,scene_005,train,true,13,180,240,data/raw/arducam/depth/1751246698.npy,data/raw/arducam/confidence/1751246698.npy,data/processed/arducam/pose_coco17/1751246698.json,
1751246699,2025-06-30T01:24:59Z,scene_005,train,true,14,180,240,data/raw/arducam/depth/1751246699.npy,data/raw/arducam/confidence/1751246699.npy,data/processed/arducam/pose_coco17/1751246699.json,
1751246700,2025-06-30T01:25:00Z,scene_005,train,true,13,180,240,data/raw/arducam/depth/1751246700.npy,data/raw/arducam/confidence/1751246700.npy,data/processed/arducam/pose_coco17/1751246700.json,
1751246701,2025-06-30T01:25:01Z,scene_005,train,true,13,180,240,data/raw/arducam/depth/1751246701.npy,data/raw/arducam/confidence/1751246701.npy,data/processed/arducam/pose_coco17/1751246701.json,
1751246702,2025-06-30T01:25:02Z,scene_005,train,true,13,180,240,data/raw/arducam/depth/1751246702.npy,data/raw/arducam/confidence/1751246702.npy,data/processed/arducam/pose_coco17/1751246702.json,
1751246703,2025-06-30T01:25:03Z,scene_005,train,false,11,180,240,data/raw/arducam/depth/1751246703.npy,data/raw/arducam/confidence/1751246703.npy,data/processed/arducam/pose_coco17/1751246703.json,fewer_than_12_valid_keypoints
1751246704,2025-06-30T01:25:04Z,scene_005,train,false,10,180,240,data/raw/arducam/depth/1751246704.npy,data/raw/arducam/confidence/1751246704.npy,data/processed/arducam/pose_coco17/1751246704.json,fewer_than_12_valid_keypoints
1751246705,2025-06-30T01:25:05Z,scene_005,train,false,11,180,240,data/raw/arducam/depth/1751246705.npy,data/raw/arducam/confidence/1751246705.npy,data/processed/arducam/pose_coco17/1751246705.json,fewer_than_12_valid_keypoints
1751246706,2025-06-30T01:25:06Z,scene_005,train,false,10,180,240,data/raw/arducam/depth/1751246706.npy,data/raw/arducam/confidence/1751246706.npy,data/processed/arducam/pose_coco17/1751246706.json,fewer_than_12_valid_keypoints
1751246716,2025-06-30T01:25:16Z,scene_005,train,true,15,180,240,data/raw/arducam/depth/1751246716.npy,data/raw/arducam/confidence/1751246716.npy,data/processed/arducam/pose_coco17/1751246716.json,
1751246717,2025-06-30T01:25:17Z,scene_005,train,true,15,180,240,data/raw/arducam/depth/1751246717.npy,data/raw/arducam/confidence/1751246717.npy,data/processed/arducam/pose_coco17/1751246717.json,
1751246718,2025-06-30T01:25:18Z,scene_005,train,true,15,180,240,data/raw/arducam/depth/1751246718.npy,data/raw/arducam/confidence/1751246718.npy,data/processed/arducam/pose_coco17/1751246718.json,
1751246719,2025-06-30T01:25:19Z,scene_005,train,true,15,180,240,data/raw/arducam/depth/1751246719.npy,data/raw/arducam/confidence/1751246719.npy,data/processed/arducam/pose_coco17/1751246719.json,
1751246720,2025-06-30T01:25:20Z,scene_005,train,true,15,180,240,data/raw/arducam/depth/1751246720.npy,data/raw/arducam/confidence/1751246720.npy,data/processed/arducam/pose_coco17/1751246720.json,
1751246721,2025-06-30T01:25:21Z,scene_005,train,true,15,180,240,data/raw/arducam/depth/1751246721.npy,data/raw/arducam/confidence/1751246721.npy,data/processed/arducam/pose_coco17/1751246721.json,
1751246722,2025-06-30T01:25:22Z,scene_005,train,true,15,180,240,data/raw/arducam/depth/1751246722.npy,data/raw/arducam/confidence/1751246722.npy,data/processed/arducam/pose_coco17/1751246722.json,
1751246723,2025-06-30T01:25:23Z,scene_005,train,true,15,180,240,data/raw/arducam/depth/1751246723.npy,data/raw/arducam/confidence/1751246723.npy,data/processed/arducam/pose_coco17/1751246723.json,
1751246724,2025-06-30T01:25:24Z,scene_005,train,true,15,180,240,data/raw/arducam/depth/1751246724.npy,data/raw/arducam/confidence/1751246724.npy,data/processed/arducam/pose_coco17/1751246724.json,
1751246725,2025-06-30T01:25:25Z,scene_005,train,true,15,180,240,data/raw/arducam/depth/1751246725.npy,data/raw/arducam/confidence/1751246725.npy,data/processed/arducam/pose_coco17/1751246725.json,
1751246726,2025-06-30T01:25:26Z,scene_005,train,true,15,180,240,data/raw/arducam/depth/1751246726.npy,data/raw/arducam/confidence/1751246726.npy,data/processed/arducam/pose_coco17/1751246726.json,
1751246727,2025-06-30T01:25:27Z,scene_005,train,true,15,180,240,data/raw/arducam/depth/1751246727.npy,data/raw/arducam/confidence/1751246727.npy,data/processed/arducam/pose_coco17/1751246727.json,
1751246728,2025-06-30T01:25:28Z,scene_005,train,true,15,180,240,data/raw/arducam/depth/1751246728.npy,data/raw/arducam/confidence/1751246728.npy,data/processed/arducam/pose_coco17/1751246728.json,
1751246729,2025-06-30T01:25:29Z,scene_005,train,true,15,180,240,data/raw/arducam/depth/1751246729.npy,data/raw/arducam/confidence/1751246729.npy,data/processed/arducam/pose_coco17/1751246729.json,
1751246730,2025-06-30T01:25:30Z,scene_005,train,true,15,180,240,data/raw/arducam/depth/1751246730.npy,data/raw/arducam/confidence/1751246730.npy,data/processed/arducam/pose_coco17/1751246730.json,
1751246731,2025-06-30T01:25:31Z,scene_005,train,true,15,180,240,data/raw/arducam/depth/1751246731.npy,data/raw/arducam/confidence/1751246731.npy,data/processed/arducam/pose_coco17/1751246731.json,
1751246732,2025-06-30T01:25:32Z,scene_005,train,true,15,180,240,data/raw/arducam/depth/1751246732.npy,data/raw/arducam/confidence/1751246732.npy,data/processed/arducam/pose_coco17/1751246732.json,
1751246733,2025-06-30T01:25:33Z,scene_005,train,true,15,180,240,data/raw/arducam/depth/1751246733.npy,data/raw/arducam/confidence/1751246733.npy,data/processed/arducam/pose_coco17/1751246733.json,
1760763100,2025-10-18T04:51:40Z,scene_006,train,false,10,180,240,data/raw/arducam/depth/1760763100.npy,data/raw/arducam/confidence/1760763100.npy,data/processed/arducam/pose_coco17/1760763100.json,fewer_than_12_valid_keypoints
1760763101,2025-10-18T04:51:41Z,scene_006,train,true,17,180,240,data/raw/arducam/depth/1760763101.npy,data/raw/arducam/confidence/1760763101.npy,data/processed/arducam/pose_coco17/1760763101.json,
1760763102,2025-10-18T04:51:42Z,scene_006,train,true,13,180,240,data/raw/arducam/depth/1760763102.npy,data/raw/arducam/confidence/1760763102.npy,data/processed/arducam/pose_coco17/1760763102.json,
1760763103,2025-10-18T04:51:43Z,scene_006,train,true,14,180,240,data/raw/arducam/depth/1760763103.npy,data/raw/arducam/confidence/1760763103.npy,data/processed/arducam/pose_coco17/1760763103.json,
1760763104,2025-10-18T04:51:44Z,scene_006,train,true,14,180,240,data/raw/arducam/depth/1760763104.npy,data/raw/arducam/confidence/1760763104.npy,data/processed/arducam/pose_coco17/1760763104.json,
1760763105,2025-10-18T04:51:45Z,scene_006,train,true,14,180,240,data/raw/arducam/depth/1760763105.npy,data/raw/arducam/confidence/1760763105.npy,data/processed/arducam/pose_coco17/1760763105.json,
1760763106,2025-10-18T04:51:46Z,scene_006,train,true,13,180,240,data/raw/arducam/depth/1760763106.npy,data/raw/arducam/confidence/1760763106.npy,data/processed/arducam/pose_coco17/1760763106.json,
1760763107,2025-10-18T04:51:47Z,scene_006,train,true,15,180,240,data/raw/arducam/depth/1760763107.npy,data/raw/arducam/confidence/1760763107.npy,data/processed/arducam/pose_coco17/1760763107.json,
1760763108,2025-10-18T04:51:48Z,scene_006,train,true,15,180,240,data/raw/arducam/depth/1760763108.npy,data/raw/arducam/confidence/1760763108.npy,data/processed/arducam/pose_coco17/1760763108.json,
1760763109,2025-10-18T04:51:49Z,scene_006,train,true,17,180,240,data/raw/arducam/depth/1760763109.npy,data/raw/arducam/confidence/1760763109.npy,data/processed/arducam/pose_coco17/1760763109.json,
1760763110,2025-10-18T04:51:50Z,scene_006,train,true,16,180,240,data/raw/arducam/depth/1760763110.npy,data/raw/arducam/confidence/1760763110.npy,data/processed/arducam/pose_coco17/1760763110.json,
1760763111,2025-10-18T04:51:51Z,scene_006,train,true,17,180,240,data/raw/arducam/depth/1760763111.npy,data/raw/arducam/confidence/1760763111.npy,data/processed/arducam/pose_coco17/1760763111.json,
1760763112,2025-10-18T04:51:52Z,scene_006,train,true,17,180,240,data/raw/arducam/depth/1760763112.npy,data/raw/arducam/confidence/1760763112.npy,data/processed/arducam/pose_coco17/1760763112.json,
1760763113,2025-10-18T04:51:53Z,scene_006,train,true,17,180,240,data/raw/arducam/depth/1760763113.npy,data/raw/arducam/confidence/1760763113.npy,data/processed/arducam/pose_coco17/1760763113.json,
1760763114,2025-10-18T04:51:54Z,scene_006,train,true,17,180,240,data/raw/arducam/depth/1760763114.npy,data/raw/arducam/confidence/1760763114.npy,data/processed/arducam/pose_coco17/1760763114.json,
1760763115,2025-10-18T04:51:55Z,scene_006,train,true,17,180,240,data/raw/arducam/depth/1760763115.npy,data/raw/arducam/confidence/1760763115.npy,data/processed/arducam/pose_coco17/1760763115.json,
1760763116,2025-10-18T04:51:56Z,scene_006,train,true,17,180,240,data/raw/arducam/depth/1760763116.npy,data/raw/arducam/confidence/1760763116.npy,data/processed/arducam/pose_coco17/1760763116.json,
1760763117,2025-10-18T04:51:57Z,scene_006,train,true,17,180,240,data/raw/arducam/depth/1760763117.npy,data/raw/arducam/confidence/1760763117.npy,data/processed/arducam/pose_coco17/1760763117.json,
1760763118,2025-10-18T04:51:58Z,scene_006,train,true,17,180,240,data/raw/arducam/depth/1760763118.npy,data/raw/arducam/confidence/1760763118.npy,data/processed/arducam/pose_coco17/1760763118.json,
1760763119,2025-10-18T04:51:59Z,scene_006,train,true,17,180,240,data/raw/arducam/depth/1760763119.npy,data/raw/arducam/confidence/1760763119.npy,data/processed/arducam/pose_coco17/1760763119.json,
1760763120,2025-10-18T04:52:00Z,scene_006,train,true,17,180,240,data/raw/arducam/depth/1760763120.npy,data/raw/arducam/confidence/1760763120.npy,data/processed/arducam/pose_coco17/1760763120.json,
1760763121,2025-10-18T04:52:01Z,scene_006,train,true,17,180,240,data/raw/arducam/depth/1760763121.npy,data/raw/arducam/confidence/1760763121.npy,data/processed/arducam/pose_coco17/1760763121.json,
1760763122,2025-10-18T04:52:02Z,scene_006,train,true,17,180,240,data/raw/arducam/depth/1760763122.npy,data/raw/arducam/confidence/1760763122.npy,data/processed/arducam/pose_coco17/1760763122.json,
1760763123,2025-10-18T04:52:03Z,scene_006,train,true,17,180,240,data/raw/arducam/depth/1760763123.npy,data/raw/arducam/confidence/1760763123.npy,data/processed/arducam/pose_coco17/1760763123.json,
1760763124,2025-10-18T04:52:04Z,scene_006,train,true,17,180,240,data/raw/arducam/depth/1760763124.npy,data/raw/arducam/confidence/1760763124.npy,data/processed/arducam/pose_coco17/1760763124.json,
1760763125,2025-10-18T04:52:05Z,scene_006,train,true,17,180,240,data/raw/arducam/depth/1760763125.npy,data/raw/arducam/confidence/1760763125.npy,data/processed/arducam/pose_coco17/1760763125.json,
1760763126,2025-10-18T04:52:06Z,scene_006,train,true,17,180,240,data/raw/arducam/depth/1760763126.npy,data/raw/arducam/confidence/1760763126.npy,data/processed/arducam/pose_coco17/1760763126.json,
1760763127,2025-10-18T04:52:07Z,scene_006,train,true,17,180,240,data/raw/arducam/depth/1760763127.npy,data/raw/arducam/confidence/1760763127.npy,data/processed/arducam/pose_coco17/1760763127.json,
1760763128,2025-10-18T04:52:08Z,scene_006,train,true,17,180,240,data/raw/arducam/depth/1760763128.npy,data/raw/arducam/confidence/1760763128.npy,data/processed/arducam/pose_coco17/1760763128.json,
1760763129,2025-10-18T04:52:09Z,scene_006,train,true,17,180,240,data/raw/arducam/depth/1760763129.npy,data/raw/arducam/confidence/1760763129.npy,data/processed/arducam/pose_coco17/1760763129.json,
1760763130,2025-10-18T04:52:10Z,scene_006,train,true,17,180,240,data/raw/arducam/depth/1760763130.npy,data/raw/arducam/confidence/1760763130.npy,data/processed/arducam/pose_coco17/1760763130.json,
1760763131,2025-10-18T04:52:11Z,scene_006,train,true,17,180,240,data/raw/arducam/depth/1760763131.npy,data/raw/arducam/confidence/1760763131.npy,data/processed/arducam/pose_coco17/1760763131.json,
1760763132,2025-10-18T04:52:12Z,scene_006,train,true,17,180,240,data/raw/arducam/depth/1760763132.npy,data/raw/arducam/confidence/1760763132.npy,data/processed/arducam/pose_coco17/1760763132.json,
1760763133,2025-10-18T04:52:13Z,scene_006,train,true,17,180,240,data/raw/arducam/depth/1760763133.npy,data/raw/arducam/confidence/1760763133.npy,data/processed/arducam/pose_coco17/1760763133.json,
1760763134,2025-10-18T04:52:14Z,scene_006,train,true,17,180,240,data/raw/arducam/depth/1760763134.npy,data/raw/arducam/confidence/1760763134.npy,data/processed/arducam/pose_coco17/1760763134.json,
1760763135,2025-10-18T04:52:15Z,scene_006,train,true,17,180,240,data/raw/arducam/depth/1760763135.npy,data/raw/arducam/confidence/1760763135.npy,data/processed/arducam/pose_coco17/1760763135.json,
1760763136,2025-10-18T04:52:16Z,scene_006,train,true,17,180,240,data/raw/arducam/depth/1760763136.npy,data/raw/arducam/confidence/1760763136.npy,data/processed/arducam/pose_coco17/1760763136.json,
1760763137,2025-10-18T04:52:17Z,scene_006,train,true,17,180,240,data/raw/arducam/depth/1760763137.npy,data/raw/arducam/confidence/1760763137.npy,data/processed/arducam/pose_coco17/1760763137.json,
1760763138,2025-10-18T04:52:18Z,scene_006,train,true,17,180,240,data/raw/arducam/depth/1760763138.npy,data/raw/arducam/confidence/1760763138.npy,data/processed/arducam/pose_coco17/1760763138.json,
1760763139,2025-10-18T04:52:19Z,scene_006,train,true,17,180,240,data/raw/arducam/depth/1760763139.npy,data/raw/arducam/confidence/1760763139.npy,data/processed/arducam/pose_coco17/1760763139.json,
1760763140,2025-10-18T04:52:20Z,scene_006,train,true,17,180,240,data/raw/arducam/depth/1760763140.npy,data/raw/arducam/confidence/1760763140.npy,data/processed/arducam/pose_coco17/1760763140.json,
1760763141,2025-10-18T04:52:21Z,scene_006,train,true,17,180,240,data/raw/arducam/depth/1760763141.npy,data/raw/arducam/confidence/1760763141.npy,data/processed/arducam/pose_coco17/1760763141.json,
1760763142,2025-10-18T04:52:22Z,scene_006,train,true,17,180,240,data/raw/arducam/depth/1760763142.npy,data/raw/arducam/confidence/1760763142.npy,data/processed/arducam/pose_coco17/1760763142.json,
1760763143,2025-10-18T04:52:23Z,scene_006,train,true,17,180,240,data/raw/arducam/depth/1760763143.npy,data/raw/arducam/confidence/1760763143.npy,data/processed/arducam/pose_coco17/1760763143.json,
1760763144,2025-10-18T04:52:24Z,scene_006,train,true,17,180,240,data/raw/arducam/depth/1760763144.npy,data/raw/arducam/confidence/1760763144.npy,data/processed/arducam/pose_coco17/1760763144.json,
1760763145,2025-10-18T04:52:25Z,scene_006,train,true,17,180,240,data/raw/arducam/depth/1760763145.npy,data/raw/arducam/confidence/1760763145.npy,data/processed/arducam/pose_coco17/1760763145.json,
1760763146,2025-10-18T04:52:26Z,scene_006,train,true,17,180,240,data/raw/arducam/depth/1760763146.npy,data/raw/arducam/confidence/1760763146.npy,data/processed/arducam/pose_coco17/1760763146.json,
1760763147,2025-10-18T04:52:27Z,scene_006,train,true,17,180,240,data/raw/arducam/depth/1760763147.npy,data/raw/arducam/confidence/1760763147.npy,data/processed/arducam/pose_coco17/1760763147.json,
1760763148,2025-10-18T04:52:28Z,scene_006,train,true,17,180,240,data/raw/arducam/depth/1760763148.npy,data/raw/arducam/confidence/1760763148.npy,data/processed/arducam/pose_coco17/1760763148.json,
1760763149,2025-10-18T04:52:29Z,scene_006,train,true,17,180,240,data/raw/arducam/depth/1760763149.npy,data/raw/arducam/confidence/1760763149.npy,data/processed/arducam/pose_coco17/1760763149.json,
1760763150,2025-10-18T04:52:30Z,scene_006,train,true,17,180,240,data/raw/arducam/depth/1760763150.npy,data/raw/arducam/confidence/1760763150.npy,data/processed/arducam/pose_coco17/1760763150.json,
1760763151,2025-10-18T04:52:31Z,scene_006,train,true,17,180,240,data/raw/arducam/depth/1760763151.npy,data/raw/arducam/confidence/1760763151.npy,data/processed/arducam/pose_coco17/1760763151.json,
1760763152,2025-10-18T04:52:32Z,scene_006,train,true,17,180,240,data/raw/arducam/depth/1760763152.npy,data/raw/arducam/confidence/1760763152.npy,data/processed/arducam/pose_coco17/1760763152.json,
1760763153,2025-10-18T04:52:33Z,scene_006,train,true,17,180,240,data/raw/arducam/depth/1760763153.npy,data/raw/arducam/confidence/1760763153.npy,data/processed/arducam/pose_coco17/1760763153.json,
1760763154,2025-10-18T04:52:34Z,scene_006,train,true,17,180,240,data/raw/arducam/depth/1760763154.npy,data/raw/arducam/confidence/1760763154.npy,data/processed/arducam/pose_coco17/1760763154.json,
1760763155,2025-10-18T04:52:35Z,scene_006,train,true,16,180,240,data/raw/arducam/depth/1760763155.npy,data/raw/arducam/confidence/1760763155.npy,data/processed/arducam/pose_coco17/1760763155.json,
1760763156,2025-10-18T04:52:36Z,scene_006,train,true,17,180,240,data/raw/arducam/depth/1760763156.npy,data/raw/arducam/confidence/1760763156.npy,data/processed/arducam/pose_coco17/1760763156.json,
1760763157,2025-10-18T04:52:37Z,scene_006,train,true,17,180,240,data/raw/arducam/depth/1760763157.npy,data/raw/arducam/confidence/1760763157.npy,data/processed/arducam/pose_coco17/1760763157.json,
1760763158,2025-10-18T04:52:38Z,scene_006,train,true,17,180,240,data/raw/arducam/depth/1760763158.npy,data/raw/arducam/confidence/1760763158.npy,data/processed/arducam/pose_coco17/1760763158.json,
1760763159,2025-10-18T04:52:39Z,scene_006,train,true,17,180,240,data/raw/arducam/depth/1760763159.npy,data/raw/arducam/confidence/1760763159.npy,data/processed/arducam/pose_coco17/1760763159.json,
1760763160,2025-10-18T04:52:40Z,scene_006,train,true,17,180,240,data/raw/arducam/depth/1760763160.npy,data/raw/arducam/confidence/1760763160.npy,data/processed/arducam/pose_coco17/1760763160.json,
1760763161,2025-10-18T04:52:41Z,scene_006,train,true,17,180,240,data/raw/arducam/depth/1760763161.npy,data/raw/arducam/confidence/1760763161.npy,data/processed/arducam/pose_coco17/1760763161.json,
1760763162,2025-10-18T04:52:42Z,scene_006,train,true,17,180,240,data/raw/arducam/depth/1760763162.npy,data/raw/arducam/confidence/1760763162.npy,data/processed/arducam/pose_coco17/1760763162.json,
1760763163,2025-10-18T04:52:43Z,scene_006,train,true,17,180,240,data/raw/arducam/depth/1760763163.npy,data/raw/arducam/confidence/1760763163.npy,data/processed/arducam/pose_coco17/1760763163.json,
1760763164,2025-10-18T04:52:44Z,scene_006,train,true,17,180,240,data/raw/arducam/depth/1760763164.npy,data/raw/arducam/confidence/1760763164.npy,data/processed/arducam/pose_coco17/1760763164.json,
1760763165,2025-10-18T04:52:45Z,scene_006,train,true,17,180,240,data/raw/arducam/depth/1760763165.npy,data/raw/arducam/confidence/1760763165.npy,data/processed/arducam/pose_coco17/1760763165.json,
1760763166,2025-10-18T04:52:46Z,scene_006,train,true,17,180,240,data/raw/arducam/depth/1760763166.npy,data/raw/arducam/confidence/1760763166.npy,data/processed/arducam/pose_coco17/1760763166.json,
1760763167,2025-10-18T04:52:47Z,scene_006,train,true,17,180,240,data/raw/arducam/depth/1760763167.npy,data/raw/arducam/confidence/1760763167.npy,data/processed/arducam/pose_coco17/1760763167.json,
1760763168,2025-10-18T04:52:48Z,scene_006,train,true,17,180,240,data/raw/arducam/depth/1760763168.npy,data/raw/arducam/confidence/1760763168.npy,data/processed/arducam/pose_coco17/1760763168.json,
1760763169,2025-10-18T04:52:49Z,scene_006,train,true,17,180,240,data/raw/arducam/depth/1760763169.npy,data/raw/arducam/confidence/1760763169.npy,data/processed/arducam/pose_coco17/1760763169.json,
1760763170,2025-10-18T04:52:50Z,scene_006,train,true,17,180,240,data/raw/arducam/depth/1760763170.npy,data/raw/arducam/confidence/1760763170.npy,data/processed/arducam/pose_coco17/1760763170.json,
1760763171,2025-10-18T04:52:51Z,scene_006,train,true,17,180,240,data/raw/arducam/depth/1760763171.npy,data/raw/arducam/confidence/1760763171.npy,data/processed/arducam/pose_coco17/1760763171.json,
1760763174,2025-10-18T04:52:54Z,scene_006,train,true,17,180,240,data/raw/arducam/depth/1760763174.npy,data/raw/arducam/confidence/1760763174.npy,data/processed/arducam/pose_coco17/1760763174.json,
1760763175,2025-10-18T04:52:55Z,scene_006,train,true,17,180,240,data/raw/arducam/depth/1760763175.npy,data/raw/arducam/confidence/1760763175.npy,data/processed/arducam/pose_coco17/1760763175.json,
1760763176,2025-10-18T04:52:56Z,scene_006,train,true,17,180,240,data/raw/arducam/depth/1760763176.npy,data/raw/arducam/confidence/1760763176.npy,data/processed/arducam/pose_coco17/1760763176.json,
1760763177,2025-10-18T04:52:57Z,scene_006,train,true,17,180,240,data/raw/arducam/depth/1760763177.npy,data/raw/arducam/confidence/1760763177.npy,data/processed/arducam/pose_coco17/1760763177.json,
1760763178,2025-10-18T04:52:58Z,scene_006,train,true,17,180,240,data/raw/arducam/depth/1760763178.npy,data/raw/arducam/confidence/1760763178.npy,data/processed/arducam/pose_coco17/1760763178.json,
1760763179,2025-10-18T04:52:59Z,scene_006,train,true,17,180,240,data/raw/arducam/depth/1760763179.npy,data/raw/arducam/confidence/1760763179.npy,data/processed/arducam/pose_coco17/1760763179.json,
1760763180,2025-10-18T04:53:00Z,scene_006,train,true,17,180,240,data/raw/arducam/depth/1760763180.npy,data/raw/arducam/confidence/1760763180.npy,data/processed/arducam/pose_coco17/1760763180.json,
1760763181,2025-10-18T04:53:01Z,scene_006,train,true,17,180,240,data/raw/arducam/depth/1760763181.npy,data/raw/arducam/confidence/1760763181.npy,data/processed/arducam/pose_coco17/1760763181.json,
1760763182,2025-10-18T04:53:02Z,scene_006,train,true,17,180,240,data/raw/arducam/depth/1760763182.npy,data/raw/arducam/confidence/1760763182.npy,data/processed/arducam/pose_coco17/1760763182.json,
1760763183,2025-10-18T04:53:03Z,scene_006,train,true,17,180,240,data/raw/arducam/depth/1760763183.npy,data/raw/arducam/confidence/1760763183.npy,data/processed/arducam/pose_coco17/1760763183.json,
1760763184,2025-10-18T04:53:04Z,scene_006,train,true,17,180,240,data/raw/arducam/depth/1760763184.npy,data/raw/arducam/confidence/1760763184.npy,data/processed/arducam/pose_coco17/1760763184.json,
1760763185,2025-10-18T04:53:05Z,scene_006,train,true,17,180,240,data/raw/arducam/depth/1760763185.npy,data/raw/arducam/confidence/1760763185.npy,data/processed/arducam/pose_coco17/1760763185.json,
1760763186,2025-10-18T04:53:06Z,scene_006,train,true,17,180,240,data/raw/arducam/depth/1760763186.npy,data/raw/arducam/confidence/1760763186.npy,data/processed/arducam/pose_coco17/1760763186.json,
1760763187,2025-10-18T04:53:07Z,scene_006,train,true,16,180,240,data/raw/arducam/depth/1760763187.npy,data/raw/arducam/confidence/1760763187.npy,data/processed/arducam/pose_coco17/1760763187.json,
1760763188,2025-10-18T04:53:08Z,scene_006,train,true,17,180,240,data/raw/arducam/depth/1760763188.npy,data/raw/arducam/confidence/1760763188.npy,data/processed/arducam/pose_coco17/1760763188.json,
1760763189,2025-10-18T04:53:09Z,scene_006,train,true,17,180,240,data/raw/arducam/depth/1760763189.npy,data/raw/arducam/confidence/1760763189.npy,data/processed/arducam/pose_coco17/1760763189.json,
1760763190,2025-10-18T04:53:10Z,scene_006,train,true,17,180,240,data/raw/arducam/depth/1760763190.npy,data/raw/arducam/confidence/1760763190.npy,data/processed/arducam/pose_coco17/1760763190.json,
1760763191,2025-10-18T04:53:11Z,scene_006,train,true,16,180,240,data/raw/arducam/depth/1760763191.npy,data/raw/arducam/confidence/1760763191.npy,data/processed/arducam/pose_coco17/1760763191.json,
1760763192,2025-10-18T04:53:12Z,scene_006,train,true,16,180,240,data/raw/arducam/depth/1760763192.npy,data/raw/arducam/confidence/1760763192.npy,data/processed/arducam/pose_coco17/1760763192.json,
1760763193,2025-10-18T04:53:13Z,scene_006,train,true,16,180,240,data/raw/arducam/depth/1760763193.npy,data/raw/arducam/confidence/1760763193.npy,data/processed/arducam/pose_coco17/1760763193.json,
1760763194,2025-10-18T04:53:14Z,scene_006,train,true,17,180,240,data/raw/arducam/depth/1760763194.npy,data/raw/arducam/confidence/1760763194.npy,data/processed/arducam/pose_coco17/1760763194.json,
1760763195,2025-10-18T04:53:15Z,scene_006,train,true,17,180,240,data/raw/arducam/depth/1760763195.npy,data/raw/arducam/confidence/1760763195.npy,data/processed/arducam/pose_coco17/1760763195.json,
1760763196,2025-10-18T04:53:16Z,scene_006,train,true,17,180,240,data/raw/arducam/depth/1760763196.npy,data/raw/arducam/confidence/1760763196.npy,data/processed/arducam/pose_coco17/1760763196.json,
1760763197,2025-10-18T04:53:17Z,scene_006,train,true,17,180,240,data/raw/arducam/depth/1760763197.npy,data/raw/arducam/confidence/1760763197.npy,data/processed/arducam/pose_coco17/1760763197.json,
1760763198,2025-10-18T04:53:18Z,scene_006,train,true,17,180,240,data/raw/arducam/depth/1760763198.npy,data/raw/arducam/confidence/1760763198.npy,data/processed/arducam/pose_coco17/1760763198.json,
1760763199,2025-10-18T04:53:19Z,scene_006,train,true,17,180,240,data/raw/arducam/depth/1760763199.npy,data/raw/arducam/confidence/1760763199.npy,data/processed/arducam/pose_coco17/1760763199.json,
1760763200,2025-10-18T04:53:20Z,scene_006,train,true,17,180,240,data/raw/arducam/depth/1760763200.npy,data/raw/arducam/confidence/1760763200.npy,data/processed/arducam/pose_coco17/1760763200.json,
1760763201,2025-10-18T04:53:21Z,scene_006,train,true,17,180,240,data/raw/arducam/depth/1760763201.npy,data/raw/arducam/confidence/1760763201.npy,data/processed/arducam/pose_coco17/1760763201.json,
1760763202,2025-10-18T04:53:22Z,scene_006,train,true,17,180,240,data/raw/arducam/depth/1760763202.npy,data/raw/arducam/confidence/1760763202.npy,data/processed/arducam/pose_coco17/1760763202.json,
1760763203,2025-10-18T04:53:23Z,scene_006,train,true,17,180,240,data/raw/arducam/depth/1760763203.npy,data/raw/arducam/confidence/1760763203.npy,data/processed/arducam/pose_coco17/1760763203.json,
1760763204,2025-10-18T04:53:24Z,scene_006,train,true,17,180,240,data/raw/arducam/depth/1760763204.npy,data/raw/arducam/confidence/1760763204.npy,data/processed/arducam/pose_coco17/1760763204.json,
1760763205,2025-10-18T04:53:25Z,scene_006,train,true,17,180,240,data/raw/arducam/depth/1760763205.npy,data/raw/arducam/confidence/1760763205.npy,data/processed/arducam/pose_coco17/1760763205.json,
1760763206,2025-10-18T04:53:26Z,scene_006,train,true,17,180,240,data/raw/arducam/depth/1760763206.npy,data/raw/arducam/confidence/1760763206.npy,data/processed/arducam/pose_coco17/1760763206.json,
1760763207,2025-10-18T04:53:27Z,scene_006,train,true,17,180,240,data/raw/arducam/depth/1760763207.npy,data/raw/arducam/confidence/1760763207.npy,data/processed/arducam/pose_coco17/1760763207.json,
1760763208,2025-10-18T04:53:28Z,scene_006,train,true,17,180,240,data/raw/arducam/depth/1760763208.npy,data/raw/arducam/confidence/1760763208.npy,data/processed/arducam/pose_coco17/1760763208.json,
1760763209,2025-10-18T04:53:29Z,scene_006,train,true,17,180,240,data/raw/arducam/depth/1760763209.npy,data/raw/arducam/confidence/1760763209.npy,data/processed/arducam/pose_coco17/1760763209.json,
1760763210,2025-10-18T04:53:30Z,scene_006,train,true,17,180,240,data/raw/arducam/depth/1760763210.npy,data/raw/arducam/confidence/1760763210.npy,data/processed/arducam/pose_coco17/1760763210.json,
1760763211,2025-10-18T04:53:31Z,scene_006,train,true,17,180,240,data/raw/arducam/depth/1760763211.npy,data/raw/arducam/confidence/1760763211.npy,data/processed/arducam/pose_coco17/1760763211.json,
1760763212,2025-10-18T04:53:32Z,scene_006,train,true,17,180,240,data/raw/arducam/depth/1760763212.npy,data/raw/arducam/confidence/1760763212.npy,data/processed/arducam/pose_coco17/1760763212.json,
1760763213,2025-10-18T04:53:33Z,scene_006,train,true,17,180,240,data/raw/arducam/depth/1760763213.npy,data/raw/arducam/confidence/1760763213.npy,data/processed/arducam/pose_coco17/1760763213.json,
1760763214,2025-10-18T04:53:34Z,scene_006,train,true,17,180,240,data/raw/arducam/depth/1760763214.npy,data/raw/arducam/confidence/1760763214.npy,data/processed/arducam/pose_coco17/1760763214.json,
1760763215,2025-10-18T04:53:35Z,scene_006,train,true,17,180,240,data/raw/arducam/depth/1760763215.npy,data/raw/arducam/confidence/1760763215.npy,data/processed/arducam/pose_coco17/1760763215.json,
1760763216,2025-10-18T04:53:36Z,scene_006,train,true,17,180,240,data/raw/arducam/depth/1760763216.npy,data/raw/arducam/confidence/1760763216.npy,data/processed/arducam/pose_coco17/1760763216.json,
1760763217,2025-10-18T04:53:37Z,scene_006,train,true,16,180,240,data/raw/arducam/depth/1760763217.npy,data/raw/arducam/confidence/1760763217.npy,data/processed/arducam/pose_coco17/1760763217.json,
1760763218,2025-10-18T04:53:38Z,scene_006,train,true,17,180,240,data/raw/arducam/depth/1760763218.npy,data/raw/arducam/confidence/1760763218.npy,data/processed/arducam/pose_coco17/1760763218.json,
1760763219,2025-10-18T04:53:39Z,scene_006,train,true,17,180,240,data/raw/arducam/depth/1760763219.npy,data/raw/arducam/confidence/1760763219.npy,data/processed/arducam/pose_coco17/1760763219.json,
1760763220,2025-10-18T04:53:40Z,scene_006,train,true,17,180,240,data/raw/arducam/depth/1760763220.npy,data/raw/arducam/confidence/1760763220.npy,data/processed/arducam/pose_coco17/1760763220.json,
1760763221,2025-10-18T04:53:41Z,scene_006,train,true,17,180,240,data/raw/arducam/depth/1760763221.npy,data/raw/arducam/confidence/1760763221.npy,data/processed/arducam/pose_coco17/1760763221.json,
1760763222,2025-10-18T04:53:42Z,scene_006,train,true,17,180,240,data/raw/arducam/depth/1760763222.npy,data/raw/arducam/confidence/1760763222.npy,data/processed/arducam/pose_coco17/1760763222.json,
1760763223,2025-10-18T04:53:43Z,scene_006,train,true,17,180,240,data/raw/arducam/depth/1760763223.npy,data/raw/arducam/confidence/1760763223.npy,data/processed/arducam/pose_coco17/1760763223.json,
1760763224,2025-10-18T04:53:44Z,scene_006,train,true,17,180,240,data/raw/arducam/depth/1760763224.npy,data/raw/arducam/confidence/1760763224.npy,data/processed/arducam/pose_coco17/1760763224.json,
1760763225,2025-10-18T04:53:45Z,scene_006,train,true,17,180,240,data/raw/arducam/depth/1760763225.npy,data/raw/arducam/confidence/1760763225.npy,data/processed/arducam/pose_coco17/1760763225.json,
1760763226,2025-10-18T04:53:46Z,scene_006,train,true,17,180,240,data/raw/arducam/depth/1760763226.npy,data/raw/arducam/confidence/1760763226.npy,data/processed/arducam/pose_coco17/1760763226.json,
1760763227,2025-10-18T04:53:47Z,scene_006,train,true,17,180,240,data/raw/arducam/depth/1760763227.npy,data/raw/arducam/confidence/1760763227.npy,data/processed/arducam/pose_coco17/1760763227.json,
1760763228,2025-10-18T04:53:48Z,scene_006,train,true,17,180,240,data/raw/arducam/depth/1760763228.npy,data/raw/arducam/confidence/1760763228.npy,data/processed/arducam/pose_coco17/1760763228.json,
1760763229,2025-10-18T04:53:49Z,scene_006,train,true,17,180,240,data/raw/arducam/depth/1760763229.npy,data/raw/arducam/confidence/1760763229.npy,data/processed/arducam/pose_coco17/1760763229.json,
1760763230,2025-10-18T04:53:50Z,scene_006,train,true,17,180,240,data/raw/arducam/depth/1760763230.npy,data/raw/arducam/confidence/1760763230.npy,data/processed/arducam/pose_coco17/1760763230.json,
1760763231,2025-10-18T04:53:51Z,scene_006,train,true,17,180,240,data/raw/arducam/depth/1760763231.npy,data/raw/arducam/confidence/1760763231.npy,data/processed/arducam/pose_coco17/1760763231.json,
1760763232,2025-10-18T04:53:52Z,scene_006,train,true,17,180,240,data/raw/arducam/depth/1760763232.npy,data/raw/arducam/confidence/1760763232.npy,data/processed/arducam/pose_coco17/1760763232.json,
1760763233,2025-10-18T04:53:53Z,scene_006,train,true,17,180,240,data/raw/arducam/depth/1760763233.npy,data/raw/arducam/confidence/1760763233.npy,data/processed/arducam/pose_coco17/1760763233.json,
1760763234,2025-10-18T04:53:54Z,scene_006,train,true,16,180,240,data/raw/arducam/depth/1760763234.npy,data/raw/arducam/confidence/1760763234.npy,data/processed/arducam/pose_coco17/1760763234.json,
1760763235,2025-10-18T04:53:55Z,scene_006,train,true,17,180,240,data/raw/arducam/depth/1760763235.npy,data/raw/arducam/confidence/1760763235.npy,data/processed/arducam/pose_coco17/1760763235.json,
1760763236,2025-10-18T04:53:56Z,scene_006,train,true,16,180,240,data/raw/arducam/depth/1760763236.npy,data/raw/arducam/confidence/1760763236.npy,data/processed/arducam/pose_coco17/1760763236.json,
1760763237,2025-10-18T04:53:57Z,scene_006,train,true,17,180,240,data/raw/arducam/depth/1760763237.npy,data/raw/arducam/confidence/1760763237.npy,data/processed/arducam/pose_coco17/1760763237.json,
1760763238,2025-10-18T04:53:58Z,scene_006,train,true,15,180,240,data/raw/arducam/depth/1760763238.npy,data/raw/arducam/confidence/1760763238.npy,data/processed/arducam/pose_coco17/1760763238.json,
1760763239,2025-10-18T04:53:59Z,scene_006,train,true,15,180,240,data/raw/arducam/depth/1760763239.npy,data/raw/arducam/confidence/1760763239.npy,data/processed/arducam/pose_coco17/1760763239.json,
1760763240,2025-10-18T04:54:00Z,scene_006,train,true,17,180,240,data/raw/arducam/depth/1760763240.npy,data/raw/arducam/confidence/1760763240.npy,data/processed/arducam/pose_coco17/1760763240.json,
1760763241,2025-10-18T04:54:01Z,scene_006,train,false,11,180,240,data/raw/arducam/depth/1760763241.npy,data/raw/arducam/confidence/1760763241.npy,data/processed/arducam/pose_coco17/1760763241.json,fewer_than_12_valid_keypoints
1760763242,2025-10-18T04:54:02Z,scene_006,train,true,13,180,240,data/raw/arducam/depth/1760763242.npy,data/raw/arducam/confidence/1760763242.npy,data/processed/arducam/pose_coco17/1760763242.json,
1760763243,2025-10-18T04:54:03Z,scene_006,train,true,14,180,240,data/raw/arducam/depth/1760763243.npy,data/raw/arducam/confidence/1760763243.npy,data/processed/arducam/pose_coco17/1760763243.json,
1760763244,2025-10-18T04:54:04Z,scene_006,train,true,14,180,240,data/raw/arducam/depth/1760763244.npy,data/raw/arducam/confidence/1760763244.npy,data/processed/arducam/pose_coco17/1760763244.json,
1760763245,2025-10-18T04:54:05Z,scene_006,train,true,15,180,240,data/raw/arducam/depth/1760763245.npy,data/raw/arducam/confidence/1760763245.npy,data/processed/arducam/pose_coco17/1760763245.json,
1760763246,2025-10-18T04:54:06Z,scene_006,train,true,14,180,240,data/raw/arducam/depth/1760763246.npy,data/raw/arducam/confidence/1760763246.npy,data/processed/arducam/pose_coco17/1760763246.json,
1760763247,2025-10-18T04:54:07Z,scene_006,train,true,15,180,240,data/raw/arducam/depth/1760763247.npy,data/raw/arducam/confidence/1760763247.npy,data/processed/arducam/pose_coco17/1760763247.json,
1760763248,2025-10-18T04:54:08Z,scene_006,train,true,15,180,240,data/raw/arducam/depth/1760763248.npy,data/raw/arducam/confidence/1760763248.npy,data/processed/arducam/pose_coco17/1760763248.json,
1760763249,2025-10-18T04:54:09Z,scene_006,train,true,17,180,240,data/raw/arducam/depth/1760763249.npy,data/raw/arducam/confidence/1760763249.npy,data/processed/arducam/pose_coco17/1760763249.json,
1760763250,2025-10-18T04:54:10Z,scene_006,train,true,17,180,240,data/raw/arducam/depth/1760763250.npy,data/raw/arducam/confidence/1760763250.npy,data/processed/arducam/pose_coco17/1760763250.json,
1760763251,2025-10-18T04:54:11Z,scene_006,train,true,17,180,240,data/raw/arducam/depth/1760763251.npy,data/raw/arducam/confidence/1760763251.npy,data/processed/arducam/pose_coco17/1760763251.json,
1760763252,2025-10-18T04:54:12Z,scene_006,train,true,17,180,240,data/raw/arducam/depth/1760763252.npy,data/raw/arducam/confidence/1760763252.npy,data/processed/arducam/pose_coco17/1760763252.json,
1760763253,2025-10-18T04:54:13Z,scene_006,train,true,17,180,240,data/raw/arducam/depth/1760763253.npy,data/raw/arducam/confidence/1760763253.npy,data/processed/arducam/pose_coco17/1760763253.json,
1760763254,2025-10-18T04:54:14Z,scene_006,train,true,15,180,240,data/raw/arducam/depth/1760763254.npy,data/raw/arducam/confidence/1760763254.npy,data/processed/arducam/pose_coco17/1760763254.json,
1760763255,2025-10-18T04:54:15Z,scene_006,train,true,15,180,240,data/raw/arducam/depth/1760763255.npy,data/raw/arducam/confidence/1760763255.npy,data/processed/arducam/pose_coco17/1760763255.json,
1760763256,2025-10-18T04:54:16Z,scene_006,train,true,16,180,240,data/raw/arducam/depth/1760763256.npy,data/raw/arducam/confidence/1760763256.npy,data/processed/arducam/pose_coco17/1760763256.json,
1760763257,2025-10-18T04:54:17Z,scene_006,train,true,16,180,240,data/raw/arducam/depth/1760763257.npy,data/raw/arducam/confidence/1760763257.npy,data/processed/arducam/pose_coco17/1760763257.json,
1760763258,2025-10-18T04:54:18Z,scene_006,train,true,16,180,240,data/raw/arducam/depth/1760763258.npy,data/raw/arducam/confidence/1760763258.npy,data/processed/arducam/pose_coco17/1760763258.json,
1760763259,2025-10-18T04:54:19Z,scene_006,train,true,17,180,240,data/raw/arducam/depth/1760763259.npy,data/raw/arducam/confidence/1760763259.npy,data/processed/arducam/pose_coco17/1760763259.json,
1760763260,2025-10-18T04:54:20Z,scene_006,train,true,17,180,240,data/raw/arducam/depth/1760763260.npy,data/raw/arducam/confidence/1760763260.npy,data/processed/arducam/pose_coco17/1760763260.json,
1760763261,2025-10-18T04:54:21Z,scene_006,train,true,17,180,240,data/raw/arducam/depth/1760763261.npy,data/raw/arducam/confidence/1760763261.npy,data/processed/arducam/pose_coco17/1760763261.json,
1760763262,2025-10-18T04:54:22Z,scene_006,train,true,17,180,240,data/raw/arducam/depth/1760763262.npy,data/raw/arducam/confidence/1760763262.npy,data/processed/arducam/pose_coco17/1760763262.json,
1760763263,2025-10-18T04:54:23Z,scene_006,train,true,17,180,240,data/raw/arducam/depth/1760763263.npy,data/raw/arducam/confidence/1760763263.npy,data/processed/arducam/pose_coco17/1760763263.json,
1760763269,2025-10-18T04:54:29Z,scene_006,train,true,17,180,240,data/raw/arducam/depth/1760763269.npy,data/raw/arducam/confidence/1760763269.npy,data/processed/arducam/pose_coco17/1760763269.json,
1760763274,2025-10-18T04:54:34Z,scene_006,train,true,16,180,240,data/raw/arducam/depth/1760763274.npy,data/raw/arducam/confidence/1760763274.npy,data/processed/arducam/pose_coco17/1760763274.json,
1760763275,2025-10-18T04:54:35Z,scene_006,train,true,17,180,240,data/raw/arducam/depth/1760763275.npy,data/raw/arducam/confidence/1760763275.npy,data/processed/arducam/pose_coco17/1760763275.json,
1760763276,2025-10-18T04:54:36Z,scene_006,train,true,17,180,240,data/raw/arducam/depth/1760763276.npy,data/raw/arducam/confidence/1760763276.npy,data/processed/arducam/pose_coco17/1760763276.json,
1760763277,2025-10-18T04:54:37Z,scene_006,train,true,17,180,240,data/raw/arducam/depth/1760763277.npy,data/raw/arducam/confidence/1760763277.npy,data/processed/arducam/pose_coco17/1760763277.json,
1760763278,2025-10-18T04:54:38Z,scene_006,train,true,13,180,240,data/raw/arducam/depth/1760763278.npy,data/raw/arducam/confidence/1760763278.npy,data/processed/arducam/pose_coco17/1760763278.json,
1760763279,2025-10-18T04:54:39Z,scene_006,train,true,17,180,240,data/raw/arducam/depth/1760763279.npy,data/raw/arducam/confidence/1760763279.npy,data/processed/arducam/pose_coco17/1760763279.json,
1760763280,2025-10-18T04:54:40Z,scene_006,train,true,16,180,240,data/raw/arducam/depth/1760763280.npy,data/raw/arducam/confidence/1760763280.npy,data/processed/arducam/pose_coco17/1760763280.json,
1760763281,2025-10-18T04:54:41Z,scene_006,train,true,16,180,240,data/raw/arducam/depth/1760763281.npy,data/raw/arducam/confidence/1760763281.npy,data/processed/arducam/pose_coco17/1760763281.json,
1760763282,2025-10-18T04:54:42Z,scene_006,train,true,17,180,240,data/raw/arducam/depth/1760763282.npy,data/raw/arducam/confidence/1760763282.npy,data/processed/arducam/pose_coco17/1760763282.json,
1760763283,2025-10-18T04:54:43Z,scene_006,train,true,15,180,240,data/raw/arducam/depth/1760763283.npy,data/raw/arducam/confidence/1760763283.npy,data/processed/arducam/pose_coco17/1760763283.json,
1760763284,2025-10-18T04:54:44Z,scene_006,train,true,16,180,240,data/raw/arducam/depth/1760763284.npy,data/raw/arducam/confidence/1760763284.npy,data/processed/arducam/pose_coco17/1760763284.json,
1760763285,2025-10-18T04:54:45Z,scene_006,train,true,17,180,240,data/raw/arducam/depth/1760763285.npy,data/raw/arducam/confidence/1760763285.npy,data/processed/arducam/pose_coco17/1760763285.json,
1760763286,2025-10-18T04:54:46Z,scene_006,train,true,17,180,240,data/raw/arducam/depth/1760763286.npy,data/raw/arducam/confidence/1760763286.npy,data/processed/arducam/pose_coco17/1760763286.json,
1760763287,2025-10-18T04:54:47Z,scene_006,train,true,17,180,240,data/raw/arducam/depth/1760763287.npy,data/raw/arducam/confidence/1760763287.npy,data/processed/arducam/pose_coco17/1760763287.json,
1760763288,2025-10-18T04:54:48Z,scene_006,train,true,17,180,240,data/raw/arducam/depth/1760763288.npy,data/raw/arducam/confidence/1760763288.npy,data/processed/arducam/pose_coco17/1760763288.json,
1760763289,2025-10-18T04:54:49Z,scene_006,train,true,17,180,240,data/raw/arducam/depth/1760763289.npy,data/raw/arducam/confidence/1760763289.npy,data/processed/arducam/pose_coco17/1760763289.json,
1760763290,2025-10-18T04:54:50Z,scene_006,train,true,17,180,240,data/raw/arducam/depth/1760763290.npy,data/raw/arducam/confidence/1760763290.npy,data/processed/arducam/pose_coco17/1760763290.json,
1760763291,2025-10-18T04:54:51Z,scene_006,train,true,17,180,240,data/raw/arducam/depth/1760763291.npy,data/raw/arducam/confidence/1760763291.npy,data/processed/arducam/pose_coco17/1760763291.json,
1760763292,2025-10-18T04:54:52Z,scene_006,train,true,17,180,240,data/raw/arducam/depth/1760763292.npy,data/raw/arducam/confidence/1760763292.npy,data/processed/arducam/pose_coco17/1760763292.json,
1760763293,2025-10-18T04:54:53Z,scene_006,train,true,17,180,240,data/raw/arducam/depth/1760763293.npy,data/raw/arducam/confidence/1760763293.npy,data/processed/arducam/pose_coco17/1760763293.json,
1760763294,2025-10-18T04:54:54Z,scene_006,train,true,17,180,240,data/raw/arducam/depth/1760763294.npy,data/raw/arducam/confidence/1760763294.npy,data/processed/arducam/pose_coco17/1760763294.json,
1760763295,2025-10-18T04:54:55Z,scene_006,train,true,17,180,240,data/raw/arducam/depth/1760763295.npy,data/raw/arducam/confidence/1760763295.npy,data/processed/arducam/pose_coco17/1760763295.json,
1760763296,2025-10-18T04:54:56Z,scene_006,train,true,17,180,240,data/raw/arducam/depth/1760763296.npy,data/raw/arducam/confidence/1760763296.npy,data/processed/arducam/pose_coco17/1760763296.json,
1760763297,2025-10-18T04:54:57Z,scene_006,train,true,17,180,240,data/raw/arducam/depth/1760763297.npy,data/raw/arducam/confidence/1760763297.npy,data/processed/arducam/pose_coco17/1760763297.json,
1760763298,2025-10-18T04:54:58Z,scene_006,train,true,17,180,240,data/raw/arducam/depth/1760763298.npy,data/raw/arducam/confidence/1760763298.npy,data/processed/arducam/pose_coco17/1760763298.json,
1760763299,2025-10-18T04:54:59Z,scene_006,train,true,17,180,240,data/raw/arducam/depth/1760763299.npy,data/raw/arducam/confidence/1760763299.npy,data/processed/arducam/pose_coco17/1760763299.json,
1760763300,2025-10-18T04:55:00Z,scene_006,train,true,17,180,240,data/raw/arducam/depth/1760763300.npy,data/raw/arducam/confidence/1760763300.npy,data/processed/arducam/pose_coco17/1760763300.json,
1760763301,2025-10-18T04:55:01Z,scene_006,train,true,17,180,240,data/raw/arducam/depth/1760763301.npy,data/raw/arducam/confidence/1760763301.npy,data/processed/arducam/pose_coco17/1760763301.json,
1760763302,2025-10-18T04:55:02Z,scene_006,train,true,17,180,240,data/raw/arducam/depth/1760763302.npy,data/raw/arducam/confidence/1760763302.npy,data/processed/arducam/pose_coco17/1760763302.json,
1760763303,2025-10-18T04:55:03Z,scene_006,train,true,17,180,240,data/raw/arducam/depth/1760763303.npy,data/raw/arducam/confidence/1760763303.npy,data/processed/arducam/pose_coco17/1760763303.json,
1760763304,2025-10-18T04:55:04Z,scene_006,train,true,17,180,240,data/raw/arducam/depth/1760763304.npy,data/raw/arducam/confidence/1760763304.npy,data/processed/arducam/pose_coco17/1760763304.json,
1760763305,2025-10-18T04:55:05Z,scene_006,train,true,17,180,240,data/raw/arducam/depth/1760763305.npy,data/raw/arducam/confidence/1760763305.npy,data/processed/arducam/pose_coco17/1760763305.json,
1760763306,2025-10-18T04:55:06Z,scene_006,train,true,17,180,240,data/raw/arducam/depth/1760763306.npy,data/raw/arducam/confidence/1760763306.npy,data/processed/arducam/pose_coco17/1760763306.json,
1760763307,2025-10-18T04:55:07Z,scene_006,train,true,17,180,240,data/raw/arducam/depth/1760763307.npy,data/raw/arducam/confidence/1760763307.npy,data/processed/arducam/pose_coco17/1760763307.json,
1760763308,2025-10-18T04:55:08Z,scene_006,train,true,17,180,240,data/raw/arducam/depth/1760763308.npy,data/raw/arducam/confidence/1760763308.npy,data/processed/arducam/pose_coco17/1760763308.json,
1760763309,2025-10-18T04:55:09Z,scene_006,train,true,17,180,240,data/raw/arducam/depth/1760763309.npy,data/raw/arducam/confidence/1760763309.npy,data/processed/arducam/pose_coco17/1760763309.json,
1760763310,2025-10-18T04:55:10Z,scene_006,train,true,17,180,240,data/raw/arducam/depth/1760763310.npy,data/raw/arducam/confidence/1760763310.npy,data/processed/arducam/pose_coco17/1760763310.json,
1760763311,2025-10-18T04:55:11Z,scene_006,train,true,17,180,240,data/raw/arducam/depth/1760763311.npy,data/raw/arducam/confidence/1760763311.npy,data/processed/arducam/pose_coco17/1760763311.json,
1760763312,2025-10-18T04:55:12Z,scene_006,train,true,17,180,240,data/raw/arducam/depth/1760763312.npy,data/raw/arducam/confidence/1760763312.npy,data/processed/arducam/pose_coco17/1760763312.json,
1760763313,2025-10-18T04:55:13Z,scene_006,train,true,17,180,240,data/raw/arducam/depth/1760763313.npy,data/raw/arducam/confidence/1760763313.npy,data/processed/arducam/pose_coco17/1760763313.json,
1760763314,2025-10-18T04:55:14Z,scene_006,train,true,17,180,240,data/raw/arducam/depth/1760763314.npy,data/raw/arducam/confidence/1760763314.npy,data/processed/arducam/pose_coco17/1760763314.json,
1760763315,2025-10-18T04:55:15Z,scene_006,train,true,16,180,240,data/raw/arducam/depth/1760763315.npy,data/raw/arducam/confidence/1760763315.npy,data/processed/arducam/pose_coco17/1760763315.json,
1760763316,2025-10-18T04:55:16Z,scene_006,train,true,17,180,240,data/raw/arducam/depth/1760763316.npy,data/raw/arducam/confidence/1760763316.npy,data/processed/arducam/pose_coco17/1760763316.json,
1760763317,2025-10-18T04:55:17Z,scene_006,train,true,17,180,240,data/raw/arducam/depth/1760763317.npy,data/raw/arducam/confidence/1760763317.npy,data/processed/arducam/pose_coco17/1760763317.json,
1760763318,2025-10-18T04:55:18Z,scene_006,train,true,17,180,240,data/raw/arducam/depth/1760763318.npy,data/raw/arducam/confidence/1760763318.npy,data/processed/arducam/pose_coco17/1760763318.json,
1760763319,2025-10-18T04:55:19Z,scene_006,train,true,17,180,240,data/raw/arducam/depth/1760763319.npy,data/raw/arducam/confidence/1760763319.npy,data/processed/arducam/pose_coco17/1760763319.json,
1760763320,2025-10-18T04:55:20Z,scene_006,train,true,17,180,240,data/raw/arducam/depth/1760763320.npy,data/raw/arducam/confidence/1760763320.npy,data/processed/arducam/pose_coco17/1760763320.json,
1760763321,2025-10-18T04:55:21Z,scene_006,train,true,17,180,240,data/raw/arducam/depth/1760763321.npy,data/raw/arducam/confidence/1760763321.npy,data/processed/arducam/pose_coco17/1760763321.json,
1760763322,2025-10-18T04:55:22Z,scene_006,train,true,17,180,240,data/raw/arducam/depth/1760763322.npy,data/raw/arducam/confidence/1760763322.npy,data/processed/arducam/pose_coco17/1760763322.json,
1760763323,2025-10-18T04:55:23Z,scene_006,train,true,17,180,240,data/raw/arducam/depth/1760763323.npy,data/raw/arducam/confidence/1760763323.npy,data/processed/arducam/pose_coco17/1760763323.json,
1760763324,2025-10-18T04:55:24Z,scene_006,train,true,17,180,240,data/raw/arducam/depth/1760763324.npy,data/raw/arducam/confidence/1760763324.npy,data/processed/arducam/pose_coco17/1760763324.json,
1760763325,2025-10-18T04:55:25Z,scene_006,train,true,17,180,240,data/raw/arducam/depth/1760763325.npy,data/raw/arducam/confidence/1760763325.npy,data/processed/arducam/pose_coco17/1760763325.json,
1760763326,2025-10-18T04:55:26Z,scene_006,train,true,17,180,240,data/raw/arducam/depth/1760763326.npy,data/raw/arducam/confidence/1760763326.npy,data/processed/arducam/pose_coco17/1760763326.json,
1760763327,2025-10-18T04:55:27Z,scene_006,train,true,17,180,240,data/raw/arducam/depth/1760763327.npy,data/raw/arducam/confidence/1760763327.npy,data/processed/arducam/pose_coco17/1760763327.json,
1760763328,2025-10-18T04:55:28Z,scene_006,train,true,15,180,240,data/raw/arducam/depth/1760763328.npy,data/raw/arducam/confidence/1760763328.npy,data/processed/arducam/pose_coco17/1760763328.json,
1760763329,2025-10-18T04:55:29Z,scene_006,train,true,17,180,240,data/raw/arducam/depth/1760763329.npy,data/raw/arducam/confidence/1760763329.npy,data/processed/arducam/pose_coco17/1760763329.json,
1760763330,2025-10-18T04:55:30Z,scene_006,train,true,17,180,240,data/raw/arducam/depth/1760763330.npy,data/raw/arducam/confidence/1760763330.npy,data/processed/arducam/pose_coco17/1760763330.json,
1760763331,2025-10-18T04:55:31Z,scene_006,train,true,17,180,240,data/raw/arducam/depth/1760763331.npy,data/raw/arducam/confidence/1760763331.npy,data/processed/arducam/pose_coco17/1760763331.json,
1760763332,2025-10-18T04:55:32Z,scene_006,train,true,17,180,240,data/raw/arducam/depth/1760763332.npy,data/raw/arducam/confidence/1760763332.npy,data/processed/arducam/pose_coco17/1760763332.json,
1760763333,2025-10-18T04:55:33Z,scene_006,train,true,17,180,240,data/raw/arducam/depth/1760763333.npy,data/raw/arducam/confidence/1760763333.npy,data/processed/arducam/pose_coco17/1760763333.json,
1760763334,2025-10-18T04:55:34Z,scene_006,train,true,17,180,240,data/raw/arducam/depth/1760763334.npy,data/raw/arducam/confidence/1760763334.npy,data/processed/arducam/pose_coco17/1760763334.json,
1760763335,2025-10-18T04:55:35Z,scene_006,train,true,17,180,240,data/raw/arducam/depth/1760763335.npy,data/raw/arducam/confidence/1760763335.npy,data/processed/arducam/pose_coco17/1760763335.json,
1760763336,2025-10-18T04:55:36Z,scene_006,train,true,17,180,240,data/raw/arducam/depth/1760763336.npy,data/raw/arducam/confidence/1760763336.npy,data/processed/arducam/pose_coco17/1760763336.json,
1760763337,2025-10-18T04:55:37Z,scene_006,train,true,17,180,240,data/raw/arducam/depth/1760763337.npy,data/raw/arducam/confidence/1760763337.npy,data/processed/arducam/pose_coco17/1760763337.json,
1760763338,2025-10-18T04:55:38Z,scene_006,train,true,17,180,240,data/raw/arducam/depth/1760763338.npy,data/raw/arducam/confidence/1760763338.npy,data/processed/arducam/pose_coco17/1760763338.json,
1760763339,2025-10-18T04:55:39Z,scene_006,train,true,17,180,240,data/raw/arducam/depth/1760763339.npy,data/raw/arducam/confidence/1760763339.npy,data/processed/arducam/pose_coco17/1760763339.json,
1760763340,2025-10-18T04:55:40Z,scene_006,train,true,17,180,240,data/raw/arducam/depth/1760763340.npy,data/raw/arducam/confidence/1760763340.npy,data/processed/arducam/pose_coco17/1760763340.json,
1760763341,2025-10-18T04:55:41Z,scene_006,train,true,16,180,240,data/raw/arducam/depth/1760763341.npy,data/raw/arducam/confidence/1760763341.npy,data/processed/arducam/pose_coco17/1760763341.json,
1760763342,2025-10-18T04:55:42Z,scene_006,train,true,16,180,240,data/raw/arducam/depth/1760763342.npy,data/raw/arducam/confidence/1760763342.npy,data/processed/arducam/pose_coco17/1760763342.json,
1760763343,2025-10-18T04:55:43Z,scene_006,train,true,17,180,240,data/raw/arducam/depth/1760763343.npy,data/raw/arducam/confidence/1760763343.npy,data/processed/arducam/pose_coco17/1760763343.json,
1760763344,2025-10-18T04:55:44Z,scene_006,train,true,17,180,240,data/raw/arducam/depth/1760763344.npy,data/raw/arducam/confidence/1760763344.npy,data/processed/arducam/pose_coco17/1760763344.json,
1760763345,2025-10-18T04:55:45Z,scene_006,train,true,17,180,240,data/raw/arducam/depth/1760763345.npy,data/raw/arducam/confidence/1760763345.npy,data/processed/arducam/pose_coco17/1760763345.json,
1760763346,2025-10-18T04:55:46Z,scene_006,train,true,17,180,240,data/raw/arducam/depth/1760763346.npy,data/raw/arducam/confidence/1760763346.npy,data/processed/arducam/pose_coco17/1760763346.json,
1760763347,2025-10-18T04:55:47Z,scene_006,train,true,17,180,240,data/raw/arducam/depth/1760763347.npy,data/raw/arducam/confidence/1760763347.npy,data/processed/arducam/pose_coco17/1760763347.json,
1760763348,2025-10-18T04:55:48Z,scene_006,train,true,17,180,240,data/raw/arducam/depth/1760763348.npy,data/raw/arducam/confidence/1760763348.npy,data/processed/arducam/pose_coco17/1760763348.json,
1760763349,2025-10-18T04:55:49Z,scene_006,train,true,17,180,240,data/raw/arducam/depth/1760763349.npy,data/raw/arducam/confidence/1760763349.npy,data/processed/arducam/pose_coco17/1760763349.json,
1760763350,2025-10-18T04:55:50Z,scene_006,train,true,17,180,240,data/raw/arducam/depth/1760763350.npy,data/raw/arducam/confidence/1760763350.npy,data/processed/arducam/pose_coco17/1760763350.json,
1760763351,2025-10-18T04:55:51Z,scene_006,train,true,17,180,240,data/raw/arducam/depth/1760763351.npy,data/raw/arducam/confidence/1760763351.npy,data/processed/arducam/pose_coco17/1760763351.json,
1760763352,2025-10-18T04:55:52Z,scene_006,train,true,17,180,240,data/raw/arducam/depth/1760763352.npy,data/raw/arducam/confidence/1760763352.npy,data/processed/arducam/pose_coco17/1760763352.json,
1760763353,2025-10-18T04:55:53Z,scene_006,train,true,17,180,240,data/raw/arducam/depth/1760763353.npy,data/raw/arducam/confidence/1760763353.npy,data/processed/arducam/pose_coco17/1760763353.json,
1760763354,2025-10-18T04:55:54Z,scene_006,train,true,17,180,240,data/raw/arducam/depth/1760763354.npy,data/raw/arducam/confidence/1760763354.npy,data/processed/arducam/pose_coco17/1760763354.json,
1760763355,2025-10-18T04:55:55Z,scene_006,train,true,17,180,240,data/raw/arducam/depth/1760763355.npy,data/raw/arducam/confidence/1760763355.npy,data/processed/arducam/pose_coco17/1760763355.json,
1760763356,2025-10-18T04:55:56Z,scene_006,train,true,17,180,240,data/raw/arducam/depth/1760763356.npy,data/raw/arducam/confidence/1760763356.npy,data/processed/arducam/pose_coco17/1760763356.json,
1760763357,2025-10-18T04:55:57Z,scene_006,train,true,16,180,240,data/raw/arducam/depth/1760763357.npy,data/raw/arducam/confidence/1760763357.npy,data/processed/arducam/pose_coco17/1760763357.json,
1760763358,2025-10-18T04:55:58Z,scene_006,train,true,17,180,240,data/raw/arducam/depth/1760763358.npy,data/raw/arducam/confidence/1760763358.npy,data/processed/arducam/pose_coco17/1760763358.json,
1760763359,2025-10-18T04:55:59Z,scene_006,train,true,17,180,240,data/raw/arducam/depth/1760763359.npy,data/raw/arducam/confidence/1760763359.npy,data/processed/arducam/pose_coco17/1760763359.json,
1760763360,2025-10-18T04:56:00Z,scene_006,train,true,17,180,240,data/raw/arducam/depth/1760763360.npy,data/raw/arducam/confidence/1760763360.npy,data/processed/arducam/pose_coco17/1760763360.json,
1760763361,2025-10-18T04:56:01Z,scene_006,train,true,17,180,240,data/raw/arducam/depth/1760763361.npy,data/raw/arducam/confidence/1760763361.npy,data/processed/arducam/pose_coco17/1760763361.json,
1760763362,2025-10-18T04:56:02Z,scene_006,train,true,17,180,240,data/raw/arducam/depth/1760763362.npy,data/raw/arducam/confidence/1760763362.npy,data/processed/arducam/pose_coco17/1760763362.json,
1760763363,2025-10-18T04:56:03Z,scene_006,train,true,17,180,240,data/raw/arducam/depth/1760763363.npy,data/raw/arducam/confidence/1760763363.npy,data/processed/arducam/pose_coco17/1760763363.json,
1760763364,2025-10-18T04:56:04Z,scene_006,train,true,17,180,240,data/raw/arducam/depth/1760763364.npy,data/raw/arducam/confidence/1760763364.npy,data/processed/arducam/pose_coco17/1760763364.json,
1760763365,2025-10-18T04:56:05Z,scene_006,train,true,16,180,240,data/raw/arducam/depth/1760763365.npy,data/raw/arducam/confidence/1760763365.npy,data/processed/arducam/pose_coco17/1760763365.json,
1760763366,2025-10-18T04:56:06Z,scene_006,train,true,16,180,240,data/raw/arducam/depth/1760763366.npy,data/raw/arducam/confidence/1760763366.npy,data/processed/arducam/pose_coco17/1760763366.json,
1760763367,2025-10-18T04:56:07Z,scene_006,train,true,16,180,240,data/raw/arducam/depth/1760763367.npy,data/raw/arducam/confidence/1760763367.npy,data/processed/arducam/pose_coco17/1760763367.json,
1760763368,2025-10-18T04:56:08Z,scene_006,train,true,17,180,240,data/raw/arducam/depth/1760763368.npy,data/raw/arducam/confidence/1760763368.npy,data/processed/arducam/pose_coco17/1760763368.json,
1760763369,2025-10-18T04:56:09Z,scene_006,train,true,17,180,240,data/raw/arducam/depth/1760763369.npy,data/raw/arducam/confidence/1760763369.npy,data/processed/arducam/pose_coco17/1760763369.json,
1760763370,2025-10-18T04:56:10Z,scene_006,train,true,17,180,240,data/raw/arducam/depth/1760763370.npy,data/raw/arducam/confidence/1760763370.npy,data/processed/arducam/pose_coco17/1760763370.json,
1760763371,2025-10-18T04:56:11Z,scene_006,train,true,17,180,240,data/raw/arducam/depth/1760763371.npy,data/raw/arducam/confidence/1760763371.npy,data/processed/arducam/pose_coco17/1760763371.json,
1760763372,2025-10-18T04:56:12Z,scene_006,train,true,16,180,240,data/raw/arducam/depth/1760763372.npy,data/raw/arducam/confidence/1760763372.npy,data/processed/arducam/pose_coco17/1760763372.json,
1760763373,2025-10-18T04:56:13Z,scene_006,train,true,16,180,240,data/raw/arducam/depth/1760763373.npy,data/raw/arducam/confidence/1760763373.npy,data/processed/arducam/pose_coco17/1760763373.json,
1760763374,2025-10-18T04:56:14Z,scene_006,train,true,17,180,240,data/raw/arducam/depth/1760763374.npy,data/raw/arducam/confidence/1760763374.npy,data/processed/arducam/pose_coco17/1760763374.json,
1760763375,2025-10-18T04:56:15Z,scene_006,train,true,16,180,240,data/raw/arducam/depth/1760763375.npy,data/raw/arducam/confidence/1760763375.npy,data/processed/arducam/pose_coco17/1760763375.json,
1760763376,2025-10-18T04:56:16Z,scene_006,train,true,16,180,240,data/raw/arducam/depth/1760763376.npy,data/raw/arducam/confidence/1760763376.npy,data/processed/arducam/pose_coco17/1760763376.json,
1760763377,2025-10-18T04:56:17Z,scene_006,train,true,17,180,240,data/raw/arducam/depth/1760763377.npy,data/raw/arducam/confidence/1760763377.npy,data/processed/arducam/pose_coco17/1760763377.json,
1760763378,2025-10-18T04:56:18Z,scene_006,train,true,17,180,240,data/raw/arducam/depth/1760763378.npy,data/raw/arducam/confidence/1760763378.npy,data/processed/arducam/pose_coco17/1760763378.json,
1760763379,2025-10-18T04:56:19Z,scene_006,train,true,17,180,240,data/raw/arducam/depth/1760763379.npy,data/raw/arducam/confidence/1760763379.npy,data/processed/arducam/pose_coco17/1760763379.json,
1760763380,2025-10-18T04:56:20Z,scene_006,train,true,17,180,240,data/raw/arducam/depth/1760763380.npy,data/raw/arducam/confidence/1760763380.npy,data/processed/arducam/pose_coco17/1760763380.json,
1760763381,2025-10-18T04:56:21Z,scene_006,train,true,17,180,240,data/raw/arducam/depth/1760763381.npy,data/raw/arducam/confidence/1760763381.npy,data/processed/arducam/pose_coco17/1760763381.json,
1760763382,2025-10-18T04:56:22Z,scene_006,train,true,17,180,240,data/raw/arducam/depth/1760763382.npy,data/raw/arducam/confidence/1760763382.npy,data/processed/arducam/pose_coco17/1760763382.json,
1760763383,2025-10-18T04:56:23Z,scene_006,train,true,17,180,240,data/raw/arducam/depth/1760763383.npy,data/raw/arducam/confidence/1760763383.npy,data/processed/arducam/pose_coco17/1760763383.json,
1760763384,2025-10-18T04:56:24Z,scene_006,train,true,17,180,240,data/raw/arducam/depth/1760763384.npy,data/raw/arducam/confidence/1760763384.npy,data/processed/arducam/pose_coco17/1760763384.json,
1760763385,2025-10-18T04:56:25Z,scene_006,train,true,17,180,240,data/raw/arducam/depth/1760763385.npy,data/raw/arducam/confidence/1760763385.npy,data/processed/arducam/pose_coco17/1760763385.json,
1760763386,2025-10-18T04:56:26Z,scene_006,train,true,17,180,240,data/raw/arducam/depth/1760763386.npy,data/raw/arducam/confidence/1760763386.npy,data/processed/arducam/pose_coco17/1760763386.json,
1760763387,2025-10-18T04:56:27Z,scene_006,train,true,17,180,240,data/raw/arducam/depth/1760763387.npy,data/raw/arducam/confidence/1760763387.npy,data/processed/arducam/pose_coco17/1760763387.json,
1760763388,2025-10-18T04:56:28Z,scene_006,train,true,17,180,240,data/raw/arducam/depth/1760763388.npy,data/raw/arducam/confidence/1760763388.npy,data/processed/arducam/pose_coco17/1760763388.json,
1760763389,2025-10-18T04:56:29Z,scene_006,train,true,17,180,240,data/raw/arducam/depth/1760763389.npy,data/raw/arducam/confidence/1760763389.npy,data/processed/arducam/pose_coco17/1760763389.json,
1760763390,2025-10-18T04:56:30Z,scene_006,train,true,17,180,240,data/raw/arducam/depth/1760763390.npy,data/raw/arducam/confidence/1760763390.npy,data/processed/arducam/pose_coco17/1760763390.json,
1760763391,2025-10-18T04:56:31Z,scene_006,train,true,17,180,240,data/raw/arducam/depth/1760763391.npy,data/raw/arducam/confidence/1760763391.npy,data/processed/arducam/pose_coco17/1760763391.json,
1760763392,2025-10-18T04:56:32Z,scene_006,train,true,17,180,240,data/raw/arducam/depth/1760763392.npy,data/raw/arducam/confidence/1760763392.npy,data/processed/arducam/pose_coco17/1760763392.json,
1760763393,2025-10-18T04:56:33Z,scene_006,train,true,17,180,240,data/raw/arducam/depth/1760763393.npy,data/raw/arducam/confidence/1760763393.npy,data/processed/arducam/pose_coco17/1760763393.json,
1760763394,2025-10-18T04:56:34Z,scene_006,train,true,17,180,240,data/raw/arducam/depth/1760763394.npy,data/raw/arducam/confidence/1760763394.npy,data/processed/arducam/pose_coco17/1760763394.json,
1760763395,2025-10-18T04:56:35Z,scene_006,train,true,17,180,240,data/raw/arducam/depth/1760763395.npy,data/raw/arducam/confidence/1760763395.npy,data/processed/arducam/pose_coco17/1760763395.json,
1760763396,2025-10-18T04:56:36Z,scene_006,train,true,17,180,240,data/raw/arducam/depth/1760763396.npy,data/raw/arducam/confidence/1760763396.npy,data/processed/arducam/pose_coco17/1760763396.json,
1760763397,2025-10-18T04:56:37Z,scene_006,train,true,16,180,240,data/raw/arducam/depth/1760763397.npy,data/raw/arducam/confidence/1760763397.npy,data/processed/arducam/pose_coco17/1760763397.json,
1760763398,2025-10-18T04:56:38Z,scene_006,train,true,16,180,240,data/raw/arducam/depth/1760763398.npy,data/raw/arducam/confidence/1760763398.npy,data/processed/arducam/pose_coco17/1760763398.json,
1760763399,2025-10-18T04:56:39Z,scene_006,train,true,15,180,240,data/raw/arducam/depth/1760763399.npy,data/raw/arducam/confidence/1760763399.npy,data/processed/arducam/pose_coco17/1760763399.json,
1760763400,2025-10-18T04:56:40Z,scene_006,train,true,17,180,240,data/raw/arducam/depth/1760763400.npy,data/raw/arducam/confidence/1760763400.npy,data/processed/arducam/pose_coco17/1760763400.json,
1760763401,2025-10-18T04:56:41Z,scene_006,train,true,16,180,240,data/raw/arducam/depth/1760763401.npy,data/raw/arducam/confidence/1760763401.npy,data/processed/arducam/pose_coco17/1760763401.json,
1760763402,2025-10-18T04:56:42Z,scene_006,train,true,15,180,240,data/raw/arducam/depth/1760763402.npy,data/raw/arducam/confidence/1760763402.npy,data/processed/arducam/pose_coco17/1760763402.json,
1760763403,2025-10-18T04:56:43Z,scene_006,train,true,16,180,240,data/raw/arducam/depth/1760763403.npy,data/raw/arducam/confidence/1760763403.npy,data/processed/arducam/pose_coco17/1760763403.json,
1760763404,2025-10-18T04:56:44Z,scene_006,train,true,17,180,240,data/raw/arducam/depth/1760763404.npy,data/raw/arducam/confidence/1760763404.npy,data/processed/arducam/pose_coco17/1760763404.json,
1760763405,2025-10-18T04:56:45Z,scene_006,train,true,17,180,240,data/raw/arducam/depth/1760763405.npy,data/raw/arducam/confidence/1760763405.npy,data/processed/arducam/pose_coco17/1760763405.json,
1760763408,2025-10-18T04:56:48Z,scene_006,train,true,17,180,240,data/raw/arducam/depth/1760763408.npy,data/raw/arducam/confidence/1760763408.npy,data/processed/arducam/pose_coco17/1760763408.json,
1760763409,2025-10-18T04:56:49Z,scene_006,train,true,17,180,240,data/raw/arducam/depth/1760763409.npy,data/raw/arducam/confidence/1760763409.npy,data/processed/arducam/pose_coco17/1760763409.json,
1760763554,2025-10-18T04:59:14Z,scene_006,train,true,15,180,240,data/raw/arducam/depth/1760763554.npy,data/raw/arducam/confidence/1760763554.npy,data/processed/arducam/pose_coco17/1760763554.json,
1760763555,2025-10-18T04:59:15Z,scene_006,train,true,17,180,240,data/raw/arducam/depth/1760763555.npy,data/raw/arducam/confidence/1760763555.npy,data/processed/arducam/pose_coco17/1760763555.json,
1760763556,2025-10-18T04:59:16Z,scene_006,train,true,17,180,240,data/raw/arducam/depth/1760763556.npy,data/raw/arducam/confidence/1760763556.npy,data/processed/arducam/pose_coco17/1760763556.json,
1760763557,2025-10-18T04:59:17Z,scene_006,train,true,17,180,240,data/raw/arducam/depth/1760763557.npy,data/raw/arducam/confidence/1760763557.npy,data/processed/arducam/pose_coco17/1760763557.json,
1760763558,2025-10-18T04:59:18Z,scene_006,train,true,17,180,240,data/raw/arducam/depth/1760763558.npy,data/raw/arducam/confidence/1760763558.npy,data/processed/arducam/pose_coco17/1760763558.json,
1760763559,2025-10-18T04:59:19Z,scene_006,train,true,17,180,240,data/raw/arducam/depth/1760763559.npy,data/raw/arducam/confidence/1760763559.npy,data/processed/arducam/pose_coco17/1760763559.json,
1760763560,2025-10-18T04:59:20Z,scene_006,train,true,17,180,240,data/raw/arducam/depth/1760763560.npy,data/raw/arducam/confidence/1760763560.npy,data/processed/arducam/pose_coco17/1760763560.json,
1760763561,2025-10-18T04:59:21Z,scene_006,train,true,17,180,240,data/raw/arducam/depth/1760763561.npy,data/raw/arducam/confidence/1760763561.npy,data/processed/arducam/pose_coco17/1760763561.json,
1760763562,2025-10-18T04:59:22Z,scene_006,train,true,17,180,240,data/raw/arducam/depth/1760763562.npy,data/raw/arducam/confidence/1760763562.npy,data/processed/arducam/pose_coco17/1760763562.json,
1760763563,2025-10-18T04:59:23Z,scene_006,train,true,17,180,240,data/raw/arducam/depth/1760763563.npy,data/raw/arducam/confidence/1760763563.npy,data/processed/arducam/pose_coco17/1760763563.json,
1760763564,2025-10-18T04:59:24Z,scene_006,train,true,17,180,240,data/raw/arducam/depth/1760763564.npy,data/raw/arducam/confidence/1760763564.npy,data/processed/arducam/pose_coco17/1760763564.json,
1760763565,2025-10-18T04:59:25Z,scene_006,train,true,17,180,240,data/raw/arducam/depth/1760763565.npy,data/raw/arducam/confidence/1760763565.npy,data/processed/arducam/pose_coco17/1760763565.json,
1760763566,2025-10-18T04:59:26Z,scene_006,train,true,17,180,240,data/raw/arducam/depth/1760763566.npy,data/raw/arducam/confidence/1760763566.npy,data/processed/arducam/pose_coco17/1760763566.json,
1760763567,2025-10-18T04:59:27Z,scene_006,train,true,17,180,240,data/raw/arducam/depth/1760763567.npy,data/raw/arducam/confidence/1760763567.npy,data/processed/arducam/pose_coco17/1760763567.json,
1760763568,2025-10-18T04:59:28Z,scene_006,train,true,17,180,240,data/raw/arducam/depth/1760763568.npy,data/raw/arducam/confidence/1760763568.npy,data/processed/arducam/pose_coco17/1760763568.json,
1760763569,2025-10-18T04:59:29Z,scene_006,train,true,17,180,240,data/raw/arducam/depth/1760763569.npy,data/raw/arducam/confidence/1760763569.npy,data/processed/arducam/pose_coco17/1760763569.json,
1760763570,2025-10-18T04:59:30Z,scene_006,train,true,17,180,240,data/raw/arducam/depth/1760763570.npy,data/raw/arducam/confidence/1760763570.npy,data/processed/arducam/pose_coco17/1760763570.json,
1760763571,2025-10-18T04:59:31Z,scene_006,train,true,17,180,240,data/raw/arducam/depth/1760763571.npy,data/raw/arducam/confidence/1760763571.npy,data/processed/arducam/pose_coco17/1760763571.json,
1760763572,2025-10-18T04:59:32Z,scene_006,train,true,17,180,240,data/raw/arducam/depth/1760763572.npy,data/raw/arducam/confidence/1760763572.npy,data/processed/arducam/pose_coco17/1760763572.json,
1760763573,2025-10-18T04:59:33Z,scene_006,train,true,17,180,240,data/raw/arducam/depth/1760763573.npy,data/raw/arducam/confidence/1760763573.npy,data/processed/arducam/pose_coco17/1760763573.json,
1760763574,2025-10-18T04:59:34Z,scene_006,train,true,17,180,240,data/raw/arducam/depth/1760763574.npy,data/raw/arducam/confidence/1760763574.npy,data/processed/arducam/pose_coco17/1760763574.json,
1760763575,2025-10-18T04:59:35Z,scene_006,train,true,17,180,240,data/raw/arducam/depth/1760763575.npy,data/raw/arducam/confidence/1760763575.npy,data/processed/arducam/pose_coco17/1760763575.json,
1760763576,2025-10-18T04:59:36Z,scene_006,train,true,17,180,240,data/raw/arducam/depth/1760763576.npy,data/raw/arducam/confidence/1760763576.npy,data/processed/arducam/pose_coco17/1760763576.json,
1760763577,2025-10-18T04:59:37Z,scene_006,train,true,17,180,240,data/raw/arducam/depth/1760763577.npy,data/raw/arducam/confidence/1760763577.npy,data/processed/arducam/pose_coco17/1760763577.json,
1760763578,2025-10-18T04:59:38Z,scene_006,train,true,17,180,240,data/raw/arducam/depth/1760763578.npy,data/raw/arducam/confidence/1760763578.npy,data/processed/arducam/pose_coco17/1760763578.json,
1760763579,2025-10-18T04:59:39Z,scene_006,train,true,17,180,240,data/raw/arducam/depth/1760763579.npy,data/raw/arducam/confidence/1760763579.npy,data/processed/arducam/pose_coco17/1760763579.json,
1760763580,2025-10-18T04:59:40Z,scene_006,train,true,17,180,240,data/raw/arducam/depth/1760763580.npy,data/raw/arducam/confidence/1760763580.npy,data/processed/arducam/pose_coco17/1760763580.json,
1760763581,2025-10-18T04:59:41Z,scene_006,train,true,17,180,240,data/raw/arducam/depth/1760763581.npy,data/raw/arducam/confidence/1760763581.npy,data/processed/arducam/pose_coco17/1760763581.json,
1760763582,2025-10-18T04:59:42Z,scene_006,train,true,17,180,240,data/raw/arducam/depth/1760763582.npy,data/raw/arducam/confidence/1760763582.npy,data/processed/arducam/pose_coco17/1760763582.json,
1760763583,2025-10-18T04:59:43Z,scene_006,train,true,17,180,240,data/raw/arducam/depth/1760763583.npy,data/raw/arducam/confidence/1760763583.npy,data/processed/arducam/pose_coco17/1760763583.json,
1760763584,2025-10-18T04:59:44Z,scene_006,train,true,17,180,240,data/raw/arducam/depth/1760763584.npy,data/raw/arducam/confidence/1760763584.npy,data/processed/arducam/pose_coco17/1760763584.json,
1760763585,2025-10-18T04:59:45Z,scene_006,train,true,17,180,240,data/raw/arducam/depth/1760763585.npy,data/raw/arducam/confidence/1760763585.npy,data/processed/arducam/pose_coco17/1760763585.json,
1760763586,2025-10-18T04:59:46Z,scene_006,train,true,16,180,240,data/raw/arducam/depth/1760763586.npy,data/raw/arducam/confidence/1760763586.npy,data/processed/arducam/pose_coco17/1760763586.json,
1760763590,2025-10-18T04:59:50Z,scene_006,train,true,17,180,240,data/raw/arducam/depth/1760763590.npy,data/raw/arducam/confidence/1760763590.npy,data/processed/arducam/pose_coco17/1760763590.json,
1760763591,2025-10-18T04:59:51Z,scene_006,train,true,17,180,240,data/raw/arducam/depth/1760763591.npy,data/raw/arducam/confidence/1760763591.npy,data/processed/arducam/pose_coco17/1760763591.json,
1760763592,2025-10-18T04:59:52Z,scene_006,train,true,17,180,240,data/raw/arducam/depth/1760763592.npy,data/raw/arducam/confidence/1760763592.npy,data/processed/arducam/pose_coco17/1760763592.json,
1760763593,2025-10-18T04:59:53Z,scene_006,train,true,17,180,240,data/raw/arducam/depth/1760763593.npy,data/raw/arducam/confidence/1760763593.npy,data/processed/arducam/pose_coco17/1760763593.json,
1760763594,2025-10-18T04:59:54Z,scene_006,train,true,17,180,240,data/raw/arducam/depth/1760763594.npy,data/raw/arducam/confidence/1760763594.npy,data/processed/arducam/pose_coco17/1760763594.json,
1760763595,2025-10-18T04:59:55Z,scene_006,train,true,17,180,240,data/raw/arducam/depth/1760763595.npy,data/raw/arducam/confidence/1760763595.npy,data/processed/arducam/pose_coco17/1760763595.json,
1760763596,2025-10-18T04:59:56Z,scene_006,train,true,17,180,240,data/raw/arducam/depth/1760763596.npy,data/raw/arducam/confidence/1760763596.npy,data/processed/arducam/pose_coco17/1760763596.json,
1760763597,2025-10-18T04:59:57Z,scene_006,train,true,17,180,240,data/raw/arducam/depth/1760763597.npy,data/raw/arducam/confidence/1760763597.npy,data/processed/arducam/pose_coco17/1760763597.json,
1760763598,2025-10-18T04:59:58Z,scene_006,train,true,17,180,240,data/raw/arducam/depth/1760763598.npy,data/raw/arducam/confidence/1760763598.npy,data/processed/arducam/pose_coco17/1760763598.json,
1760763599,2025-10-18T04:59:59Z,scene_006,train,true,17,180,240,data/raw/arducam/depth/1760763599.npy,data/raw/arducam/confidence/1760763599.npy,data/processed/arducam/pose_coco17/1760763599.json,
1760763600,2025-10-18T05:00:00Z,scene_006,train,true,17,180,240,data/raw/arducam/depth/1760763600.npy,data/raw/arducam/confidence/1760763600.npy,data/processed/arducam/pose_coco17/1760763600.json,
1760763601,2025-10-18T05:00:01Z,scene_006,train,true,17,180,240,data/raw/arducam/depth/1760763601.npy,data/raw/arducam/confidence/1760763601.npy,data/processed/arducam/pose_coco17/1760763601.json,
1760763602,2025-10-18T05:00:02Z,scene_006,train,true,17,180,240,data/raw/arducam/depth/1760763602.npy,data/raw/arducam/confidence/1760763602.npy,data/processed/arducam/pose_coco17/1760763602.json,
1760763603,2025-10-18T05:00:03Z,scene_006,train,true,17,180,240,data/raw/arducam/depth/1760763603.npy,data/raw/arducam/confidence/1760763603.npy,data/processed/arducam/pose_coco17/1760763603.json,
1760763604,2025-10-18T05:00:04Z,scene_006,train,true,17,180,240,data/raw/arducam/depth/1760763604.npy,data/raw/arducam/confidence/1760763604.npy,data/processed/arducam/pose_coco17/1760763604.json,
1760763605,2025-10-18T05:00:05Z,scene_006,train,true,17,180,240,data/raw/arducam/depth/1760763605.npy,data/raw/arducam/confidence/1760763605.npy,data/processed/arducam/pose_coco17/1760763605.json,
1760763606,2025-10-18T05:00:06Z,scene_006,train,true,17,180,240,data/raw/arducam/depth/1760763606.npy,data/raw/arducam/confidence/1760763606.npy,data/processed/arducam/pose_coco17/1760763606.json,
1760763607,2025-10-18T05:00:07Z,scene_006,train,true,17,180,240,data/raw/arducam/depth/1760763607.npy,data/raw/arducam/confidence/1760763607.npy,data/processed/arducam/pose_coco17/1760763607.json,
1760763608,2025-10-18T05:00:08Z,scene_006,train,true,17,180,240,data/raw/arducam/depth/1760763608.npy,data/raw/arducam/confidence/1760763608.npy,data/processed/arducam/pose_coco17/1760763608.json,
1760763609,2025-10-18T05:00:09Z,scene_006,train,true,17,180,240,data/raw/arducam/depth/1760763609.npy,data/raw/arducam/confidence/1760763609.npy,data/processed/arducam/pose_coco17/1760763609.json,
1760763610,2025-10-18T05:00:10Z,scene_006,train,true,17,180,240,data/raw/arducam/depth/1760763610.npy,data/raw/arducam/confidence/1760763610.npy,data/processed/arducam/pose_coco17/1760763610.json,
1760763611,2025-10-18T05:00:11Z,scene_006,train,true,17,180,240,data/raw/arducam/depth/1760763611.npy,data/raw/arducam/confidence/1760763611.npy,data/processed/arducam/pose_coco17/1760763611.json,
1760763612,2025-10-18T05:00:12Z,scene_006,train,true,17,180,240,data/raw/arducam/depth/1760763612.npy,data/raw/arducam/confidence/1760763612.npy,data/processed/arducam/pose_coco17/1760763612.json,
1760763613,2025-10-18T05:00:13Z,scene_006,train,true,17,180,240,data/raw/arducam/depth/1760763613.npy,data/raw/arducam/confidence/1760763613.npy,data/processed/arducam/pose_coco17/1760763613.json,
1760763614,2025-10-18T05:00:14Z,scene_006,train,true,17,180,240,data/raw/arducam/depth/1760763614.npy,data/raw/arducam/confidence/1760763614.npy,data/processed/arducam/pose_coco17/1760763614.json,
1760763615,2025-10-18T05:00:15Z,scene_006,train,true,17,180,240,data/raw/arducam/depth/1760763615.npy,data/raw/arducam/confidence/1760763615.npy,data/processed/arducam/pose_coco17/1760763615.json,
1760763616,2025-10-18T05:00:16Z,scene_006,train,true,17,180,240,data/raw/arducam/depth/1760763616.npy,data/raw/arducam/confidence/1760763616.npy,data/processed/arducam/pose_coco17/1760763616.json,
1760763617,2025-10-18T05:00:17Z,scene_006,train,true,17,180,240,data/raw/arducam/depth/1760763617.npy,data/raw/arducam/confidence/1760763617.npy,data/processed/arducam/pose_coco17/1760763617.json,
1760763618,2025-10-18T05:00:18Z,scene_006,train,true,17,180,240,data/raw/arducam/depth/1760763618.npy,data/raw/arducam/confidence/1760763618.npy,data/processed/arducam/pose_coco17/1760763618.json,
1760763619,2025-10-18T05:00:19Z,scene_006,train,true,17,180,240,data/raw/arducam/depth/1760763619.npy,data/raw/arducam/confidence/1760763619.npy,data/processed/arducam/pose_coco17/1760763619.json,
1760763620,2025-10-18T05:00:20Z,scene_006,train,true,17,180,240,data/raw/arducam/depth/1760763620.npy,data/raw/arducam/confidence/1760763620.npy,data/processed/arducam/pose_coco17/1760763620.json,
1760763621,2025-10-18T05:00:21Z,scene_006,train,true,17,180,240,data/raw/arducam/depth/1760763621.npy,data/raw/arducam/confidence/1760763621.npy,data/processed/arducam/pose_coco17/1760763621.json,
1760763622,2025-10-18T05:00:22Z,scene_006,train,true,17,180,240,data/raw/arducam/depth/1760763622.npy,data/raw/arducam/confidence/1760763622.npy,data/processed/arducam/pose_coco17/1760763622.json,
1760763623,2025-10-18T05:00:23Z,scene_006,train,true,17,180,240,data/raw/arducam/depth/1760763623.npy,data/raw/arducam/confidence/1760763623.npy,data/processed/arducam/pose_coco17/1760763623.json,
1760763624,2025-10-18T05:00:24Z,scene_006,train,true,17,180,240,data/raw/arducam/depth/1760763624.npy,data/raw/arducam/confidence/1760763624.npy,data/processed/arducam/pose_coco17/1760763624.json,
1760763625,2025-10-18T05:00:25Z,scene_006,train,true,17,180,240,data/raw/arducam/depth/1760763625.npy,data/raw/arducam/confidence/1760763625.npy,data/processed/arducam/pose_coco17/1760763625.json,
1760763626,2025-10-18T05:00:26Z,scene_006,train,true,14,180,240,data/raw/arducam/depth/1760763626.npy,data/raw/arducam/confidence/1760763626.npy,data/processed/arducam/pose_coco17/1760763626.json,
1760763627,2025-10-18T05:00:27Z,scene_006,train,true,14,180,240,data/raw/arducam/depth/1760763627.npy,data/raw/arducam/confidence/1760763627.npy,data/processed/arducam/pose_coco17/1760763627.json,
1760763628,2025-10-18T05:00:28Z,scene_006,train,true,16,180,240,data/raw/arducam/depth/1760763628.npy,data/raw/arducam/confidence/1760763628.npy,data/processed/arducam/pose_coco17/1760763628.json,
1760763629,2025-10-18T05:00:29Z,scene_006,train,true,16,180,240,data/raw/arducam/depth/1760763629.npy,data/raw/arducam/confidence/1760763629.npy,data/processed/arducam/pose_coco17/1760763629.json,
1760763630,2025-10-18T05:00:30Z,scene_006,train,true,17,180,240,data/raw/arducam/depth/1760763630.npy,data/raw/arducam/confidence/1760763630.npy,data/processed/arducam/pose_coco17/1760763630.json,
1760763631,2025-10-18T05:00:31Z,scene_006,train,true,17,180,240,data/raw/arducam/depth/1760763631.npy,data/raw/arducam/confidence/1760763631.npy,data/processed/arducam/pose_coco17/1760763631.json,
1760763632,2025-10-18T05:00:32Z,scene_006,train,true,17,180,240,data/raw/arducam/depth/1760763632.npy,data/raw/arducam/confidence/1760763632.npy,data/processed/arducam/pose_coco17/1760763632.json,
1760763633,2025-10-18T05:00:33Z,scene_006,train,true,17,180,240,data/raw/arducam/depth/1760763633.npy,data/raw/arducam/confidence/1760763633.npy,data/processed/arducam/pose_coco17/1760763633.json,
1760763634,2025-10-18T05:00:34Z,scene_006,train,true,17,180,240,data/raw/arducam/depth/1760763634.npy,data/raw/arducam/confidence/1760763634.npy,data/processed/arducam/pose_coco17/1760763634.json,
1760763635,2025-10-18T05:00:35Z,scene_006,train,true,17,180,240,data/raw/arducam/depth/1760763635.npy,data/raw/arducam/confidence/1760763635.npy,data/processed/arducam/pose_coco17/1760763635.json,
1760763636,2025-10-18T05:00:36Z,scene_006,train,true,17,180,240,data/raw/arducam/depth/1760763636.npy,data/raw/arducam/confidence/1760763636.npy,data/processed/arducam/pose_coco17/1760763636.json,
1760763637,2025-10-18T05:00:37Z,scene_006,train,true,17,180,240,data/raw/arducam/depth/1760763637.npy,data/raw/arducam/confidence/1760763637.npy,data/processed/arducam/pose_coco17/1760763637.json,
1760763638,2025-10-18T05:00:38Z,scene_006,train,true,17,180,240,data/raw/arducam/depth/1760763638.npy,data/raw/arducam/confidence/1760763638.npy,data/processed/arducam/pose_coco17/1760763638.json,
1760763639,2025-10-18T05:00:39Z,scene_006,train,true,17,180,240,data/raw/arducam/depth/1760763639.npy,data/raw/arducam/confidence/1760763639.npy,data/processed/arducam/pose_coco17/1760763639.json,
1760763640,2025-10-18T05:00:40Z,scene_006,train,true,17,180,240,data/raw/arducam/depth/1760763640.npy,data/raw/arducam/confidence/1760763640.npy,data/processed/arducam/pose_coco17/1760763640.json,
1760763641,2025-10-18T05:00:41Z,scene_006,train,true,17,180,240,data/raw/arducam/depth/1760763641.npy,data/raw/arducam/confidence/1760763641.npy,data/processed/arducam/pose_coco17/1760763641.json,
1760763642,2025-10-18T05:00:42Z,scene_006,train,true,15,180,240,data/raw/arducam/depth/1760763642.npy,data/raw/arducam/confidence/1760763642.npy,data/processed/arducam/pose_coco17/1760763642.json,
1760763643,2025-10-18T05:00:43Z,scene_006,train,true,17,180,240,data/raw/arducam/depth/1760763643.npy,data/raw/arducam/confidence/1760763643.npy,data/processed/arducam/pose_coco17/1760763643.json,
1760763644,2025-10-18T05:00:44Z,scene_006,train,true,17,180,240,data/raw/arducam/depth/1760763644.npy,data/raw/arducam/confidence/1760763644.npy,data/processed/arducam/pose_coco17/1760763644.json,
1760763645,2025-10-18T05:00:45Z,scene_006,train,true,17,180,240,data/raw/arducam/depth/1760763645.npy,data/raw/arducam/confidence/1760763645.npy,data/processed/arducam/pose_coco17/1760763645.json,
1760763646,2025-10-18T05:00:46Z,scene_006,train,true,17,180,240,data/raw/arducam/depth/1760763646.npy,data/raw/arducam/confidence/1760763646.npy,data/processed/arducam/pose_coco17/1760763646.json,
1760763647,2025-10-18T05:00:47Z,scene_006,train,true,17,180,240,data/raw/arducam/depth/1760763647.npy,data/raw/arducam/confidence/1760763647.npy,data/processed/arducam/pose_coco17/1760763647.json,
1760763648,2025-10-18T05:00:48Z,scene_006,train,true,17,180,240,data/raw/arducam/depth/1760763648.npy,data/raw/arducam/confidence/1760763648.npy,data/processed/arducam/pose_coco17/1760763648.json,
1760763649,2025-10-18T05:00:49Z,scene_006,train,true,17,180,240,data/raw/arducam/depth/1760763649.npy,data/raw/arducam/confidence/1760763649.npy,data/processed/arducam/pose_coco17/1760763649.json,
1760763650,2025-10-18T05:00:50Z,scene_006,train,true,17,180,240,data/raw/arducam/depth/1760763650.npy,data/raw/arducam/confidence/1760763650.npy,data/processed/arducam/pose_coco17/1760763650.json,
1760763651,2025-10-18T05:00:51Z,scene_006,train,true,16,180,240,data/raw/arducam/depth/1760763651.npy,data/raw/arducam/confidence/1760763651.npy,data/processed/arducam/pose_coco17/1760763651.json,
1760763652,2025-10-18T05:00:52Z,scene_006,train,true,17,180,240,data/raw/arducam/depth/1760763652.npy,data/raw/arducam/confidence/1760763652.npy,data/processed/arducam/pose_coco17/1760763652.json,
1760763653,2025-10-18T05:00:53Z,scene_006,train,true,17,180,240,data/raw/arducam/depth/1760763653.npy,data/raw/arducam/confidence/1760763653.npy,data/processed/arducam/pose_coco17/1760763653.json,
1760763654,2025-10-18T05:00:54Z,scene_006,train,true,17,180,240,data/raw/arducam/depth/1760763654.npy,data/raw/arducam/confidence/1760763654.npy,data/processed/arducam/pose_coco17/1760763654.json,
1760763655,2025-10-18T05:00:55Z,scene_006,train,true,17,180,240,data/raw/arducam/depth/1760763655.npy,data/raw/arducam/confidence/1760763655.npy,data/processed/arducam/pose_coco17/1760763655.json,
1760763656,2025-10-18T05:00:56Z,scene_006,train,true,17,180,240,data/raw/arducam/depth/1760763656.npy,data/raw/arducam/confidence/1760763656.npy,data/processed/arducam/pose_coco17/1760763656.json,
1760763657,2025-10-18T05:00:57Z,scene_006,train,true,17,180,240,data/raw/arducam/depth/1760763657.npy,data/raw/arducam/confidence/1760763657.npy,data/processed/arducam/pose_coco17/1760763657.json,
1760763658,2025-10-18T05:00:58Z,scene_006,train,true,17,180,240,data/raw/arducam/depth/1760763658.npy,data/raw/arducam/confidence/1760763658.npy,data/processed/arducam/pose_coco17/1760763658.json,
1760763659,2025-10-18T05:00:59Z,scene_006,train,true,17,180,240,data/raw/arducam/depth/1760763659.npy,data/raw/arducam/confidence/1760763659.npy,data/processed/arducam/pose_coco17/1760763659.json,
1760763660,2025-10-18T05:01:00Z,scene_006,train,true,17,180,240,data/raw/arducam/depth/1760763660.npy,data/raw/arducam/confidence/1760763660.npy,data/processed/arducam/pose_coco17/1760763660.json,
1760763661,2025-10-18T05:01:01Z,scene_006,train,true,17,180,240,data/raw/arducam/depth/1760763661.npy,data/raw/arducam/confidence/1760763661.npy,data/processed/arducam/pose_coco17/1760763661.json,
1760763662,2025-10-18T05:01:02Z,scene_006,train,true,17,180,240,data/raw/arducam/depth/1760763662.npy,data/raw/arducam/confidence/1760763662.npy,data/processed/arducam/pose_coco17/1760763662.json,
1760763663,2025-10-18T05:01:03Z,scene_006,train,true,17,180,240,data/raw/arducam/depth/1760763663.npy,data/raw/arducam/confidence/1760763663.npy,data/processed/arducam/pose_coco17/1760763663.json,
1760763664,2025-10-18T05:01:04Z,scene_006,train,true,17,180,240,data/raw/arducam/depth/1760763664.npy,data/raw/arducam/confidence/1760763664.npy,data/processed/arducam/pose_coco17/1760763664.json,
1760763665,2025-10-18T05:01:05Z,scene_006,train,true,17,180,240,data/raw/arducam/depth/1760763665.npy,data/raw/arducam/confidence/1760763665.npy,data/processed/arducam/pose_coco17/1760763665.json,
1760763666,2025-10-18T05:01:06Z,scene_006,train,true,17,180,240,data/raw/arducam/depth/1760763666.npy,data/raw/arducam/confidence/1760763666.npy,data/processed/arducam/pose_coco17/1760763666.json,
1760763667,2025-10-18T05:01:07Z,scene_006,train,true,17,180,240,data/raw/arducam/depth/1760763667.npy,data/raw/arducam/confidence/1760763667.npy,data/processed/arducam/pose_coco17/1760763667.json,
1760763668,2025-10-18T05:01:08Z,scene_006,train,true,17,180,240,data/raw/arducam/depth/1760763668.npy,data/raw/arducam/confidence/1760763668.npy,data/processed/arducam/pose_coco17/1760763668.json,
1760763669,2025-10-18T05:01:09Z,scene_006,train,true,16,180,240,data/raw/arducam/depth/1760763669.npy,data/raw/arducam/confidence/1760763669.npy,data/processed/arducam/pose_coco17/1760763669.json,
1760763670,2025-10-18T05:01:10Z,scene_006,train,true,13,180,240,data/raw/arducam/depth/1760763670.npy,data/raw/arducam/confidence/1760763670.npy,data/processed/arducam/pose_coco17/1760763670.json,
1760763671,2025-10-18T05:01:11Z,scene_006,train,true,17,180,240,data/raw/arducam/depth/1760763671.npy,data/raw/arducam/confidence/1760763671.npy,data/processed/arducam/pose_coco17/1760763671.json,
1760763672,2025-10-18T05:01:12Z,scene_006,train,true,17,180,240,data/raw/arducam/depth/1760763672.npy,data/raw/arducam/confidence/1760763672.npy,data/processed/arducam/pose_coco17/1760763672.json,
1760763673,2025-10-18T05:01:13Z,scene_006,train,true,17,180,240,data/raw/arducam/depth/1760763673.npy,data/raw/arducam/confidence/1760763673.npy,data/processed/arducam/pose_coco17/1760763673.json,
1760763674,2025-10-18T05:01:14Z,scene_006,train,true,17,180,240,data/raw/arducam/depth/1760763674.npy,data/raw/arducam/confidence/1760763674.npy,data/processed/arducam/pose_coco17/1760763674.json,
1760763675,2025-10-18T05:01:15Z,scene_006,train,true,17,180,240,data/raw/arducam/depth/1760763675.npy,data/raw/arducam/confidence/1760763675.npy,data/processed/arducam/pose_coco17/1760763675.json,
1760763676,2025-10-18T05:01:16Z,scene_006,train,true,17,180,240,data/raw/arducam/depth/1760763676.npy,data/raw/arducam/confidence/1760763676.npy,data/processed/arducam/pose_coco17/1760763676.json,
1760763677,2025-10-18T05:01:17Z,scene_006,train,true,17,180,240,data/raw/arducam/depth/1760763677.npy,data/raw/arducam/confidence/1760763677.npy,data/processed/arducam/pose_coco17/1760763677.json,
1760763678,2025-10-18T05:01:18Z,scene_006,train,true,17,180,240,data/raw/arducam/depth/1760763678.npy,data/raw/arducam/confidence/1760763678.npy,data/processed/arducam/pose_coco17/1760763678.json,
1760763679,2025-10-18T05:01:19Z,scene_006,train,true,15,180,240,data/raw/arducam/depth/1760763679.npy,data/raw/arducam/confidence/1760763679.npy,data/processed/arducam/pose_coco17/1760763679.json,
1760763680,2025-10-18T05:01:20Z,scene_006,train,true,15,180,240,data/raw/arducam/depth/1760763680.npy,data/raw/arducam/confidence/1760763680.npy,data/processed/arducam/pose_coco17/1760763680.json,
1760763681,2025-10-18T05:01:21Z,scene_006,train,true,17,180,240,data/raw/arducam/depth/1760763681.npy,data/raw/arducam/confidence/1760763681.npy,data/processed/arducam/pose_coco17/1760763681.json,
1760763682,2025-10-18T05:01:22Z,scene_006,train,true,17,180,240,data/raw/arducam/depth/1760763682.npy,data/raw/arducam/confidence/1760763682.npy,data/processed/arducam/pose_coco17/1760763682.json,
1760763683,2025-10-18T05:01:23Z,scene_006,train,true,17,180,240,data/raw/arducam/depth/1760763683.npy,data/raw/arducam/confidence/1760763683.npy,data/processed/arducam/pose_coco17/1760763683.json,
1760763684,2025-10-18T05:01:24Z,scene_006,train,true,17,180,240,data/raw/arducam/depth/1760763684.npy,data/raw/arducam/confidence/1760763684.npy,data/processed/arducam/pose_coco17/1760763684.json,
1760763685,2025-10-18T05:01:25Z,scene_006,train,true,16,180,240,data/raw/arducam/depth/1760763685.npy,data/raw/arducam/confidence/1760763685.npy,data/processed/arducam/pose_coco17/1760763685.json,
1760763686,2025-10-18T05:01:26Z,scene_006,train,true,16,180,240,data/raw/arducam/depth/1760763686.npy,data/raw/arducam/confidence/1760763686.npy,data/processed/arducam/pose_coco17/1760763686.json,
1760763687,2025-10-18T05:01:27Z,scene_006,train,true,17,180,240,data/raw/arducam/depth/1760763687.npy,data/raw/arducam/confidence/1760763687.npy,data/processed/arducam/pose_coco17/1760763687.json,
1760763688,2025-10-18T05:01:28Z,scene_006,train,true,17,180,240,data/raw/arducam/depth/1760763688.npy,data/raw/arducam/confidence/1760763688.npy,data/processed/arducam/pose_coco17/1760763688.json,
1760763689,2025-10-18T05:01:29Z,scene_006,train,true,17,180,240,data/raw/arducam/depth/1760763689.npy,data/raw/arducam/confidence/1760763689.npy,data/processed/arducam/pose_coco17/1760763689.json,
1760763690,2025-10-18T05:01:30Z,scene_006,train,true,17,180,240,data/raw/arducam/depth/1760763690.npy,data/raw/arducam/confidence/1760763690.npy,data/processed/arducam/pose_coco17/1760763690.json,
1760763691,2025-10-18T05:01:31Z,scene_006,train,true,17,180,240,data/raw/arducam/depth/1760763691.npy,data/raw/arducam/confidence/1760763691.npy,data/processed/arducam/pose_coco17/1760763691.json,
1760763692,2025-10-18T05:01:32Z,scene_006,train,true,17,180,240,data/raw/arducam/depth/1760763692.npy,data/raw/arducam/confidence/1760763692.npy,data/processed/arducam/pose_coco17/1760763692.json,
1760763693,2025-10-18T05:01:33Z,scene_006,train,true,17,180,240,data/raw/arducam/depth/1760763693.npy,data/raw/arducam/confidence/1760763693.npy,data/processed/arducam/pose_coco17/1760763693.json,
1760763694,2025-10-18T05:01:34Z,scene_006,train,true,17,180,240,data/raw/arducam/depth/1760763694.npy,data/raw/arducam/confidence/1760763694.npy,data/processed/arducam/pose_coco17/1760763694.json,
1760763695,2025-10-18T05:01:35Z,scene_006,train,true,17,180,240,data/raw/arducam/depth/1760763695.npy,data/raw/arducam/confidence/1760763695.npy,data/processed/arducam/pose_coco17/1760763695.json,
1760763696,2025-10-18T05:01:36Z,scene_006,train,true,13,180,240,data/raw/arducam/depth/1760763696.npy,data/raw/arducam/confidence/1760763696.npy,data/processed/arducam/pose_coco17/1760763696.json,
1760763697,2025-10-18T05:01:37Z,scene_006,train,true,14,180,240,data/raw/arducam/depth/1760763697.npy,data/raw/arducam/confidence/1760763697.npy,data/processed/arducam/pose_coco17/1760763697.json,
1760763698,2025-10-18T05:01:38Z,scene_006,train,true,17,180,240,data/raw/arducam/depth/1760763698.npy,data/raw/arducam/confidence/1760763698.npy,data/processed/arducam/pose_coco17/1760763698.json,
1760763699,2025-10-18T05:01:39Z,scene_006,train,true,15,180,240,data/raw/arducam/depth/1760763699.npy,data/raw/arducam/confidence/1760763699.npy,data/processed/arducam/pose_coco17/1760763699.json,
1760763700,2025-10-18T05:01:40Z,scene_006,train,true,15,180,240,data/raw/arducam/depth/1760763700.npy,data/raw/arducam/confidence/1760763700.npy,data/processed/arducam/pose_coco17/1760763700.json,
1760763701,2025-10-18T05:01:41Z,scene_006,train,true,16,180,240,data/raw/arducam/depth/1760763701.npy,data/raw/arducam/confidence/1760763701.npy,data/processed/arducam/pose_coco17/1760763701.json,
1760763702,2025-10-18T05:01:42Z,scene_006,train,true,17,180,240,data/raw/arducam/depth/1760763702.npy,data/raw/arducam/confidence/1760763702.npy,data/processed/arducam/pose_coco17/1760763702.json,
1760763703,2025-10-18T05:01:43Z,scene_006,train,true,17,180,240,data/raw/arducam/depth/1760763703.npy,data/raw/arducam/confidence/1760763703.npy,data/processed/arducam/pose_coco17/1760763703.json,
1760763704,2025-10-18T05:01:44Z,scene_006,train,true,17,180,240,data/raw/arducam/depth/1760763704.npy,data/raw/arducam/confidence/1760763704.npy,data/processed/arducam/pose_coco17/1760763704.json,
1760763705,2025-10-18T05:01:45Z,scene_006,train,true,16,180,240,data/raw/arducam/depth/1760763705.npy,data/raw/arducam/confidence/1760763705.npy,data/processed/arducam/pose_coco17/1760763705.json,
1760763706,2025-10-18T05:01:46Z,scene_006,train,true,15,180,240,data/raw/arducam/depth/1760763706.npy,data/raw/arducam/confidence/1760763706.npy,data/processed/arducam/pose_coco17/1760763706.json,
1760763707,2025-10-18T05:01:47Z,scene_006,train,true,16,180,240,data/raw/arducam/depth/1760763707.npy,data/raw/arducam/confidence/1760763707.npy,data/processed/arducam/pose_coco17/1760763707.json,
1760763708,2025-10-18T05:01:48Z,scene_006,train,true,17,180,240,data/raw/arducam/depth/1760763708.npy,data/raw/arducam/confidence/1760763708.npy,data/processed/arducam/pose_coco17/1760763708.json,
1760763709,2025-10-18T05:01:49Z,scene_006,train,true,16,180,240,data/raw/arducam/depth/1760763709.npy,data/raw/arducam/confidence/1760763709.npy,data/processed/arducam/pose_coco17/1760763709.json,
1760763710,2025-10-18T05:01:50Z,scene_006,train,true,16,180,240,data/raw/arducam/depth/1760763710.npy,data/raw/arducam/confidence/1760763710.npy,data/processed/arducam/pose_coco17/1760763710.json,
1760763711,2025-10-18T05:01:51Z,scene_006,train,true,17,180,240,data/raw/arducam/depth/1760763711.npy,data/raw/arducam/confidence/1760763711.npy,data/processed/arducam/pose_coco17/1760763711.json,
1760763712,2025-10-18T05:01:52Z,scene_006,train,true,15,180,240,data/raw/arducam/depth/1760763712.npy,data/raw/arducam/confidence/1760763712.npy,data/processed/arducam/pose_coco17/1760763712.json,
1760763713,2025-10-18T05:01:53Z,scene_006,train,true,17,180,240,data/raw/arducam/depth/1760763713.npy,data/raw/arducam/confidence/1760763713.npy,data/processed/arducam/pose_coco17/1760763713.json,
1760763714,2025-10-18T05:01:54Z,scene_006,train,true,16,180,240,data/raw/arducam/depth/1760763714.npy,data/raw/arducam/confidence/1760763714.npy,data/processed/arducam/pose_coco17/1760763714.json,
1760763715,2025-10-18T05:01:55Z,scene_006,train,true,17,180,240,data/raw/arducam/depth/1760763715.npy,data/raw/arducam/confidence/1760763715.npy,data/processed/arducam/pose_coco17/1760763715.json,
1760763716,2025-10-18T05:01:56Z,scene_006,train,true,17,180,240,data/raw/arducam/depth/1760763716.npy,data/raw/arducam/confidence/1760763716.npy,data/processed/arducam/pose_coco17/1760763716.json,
1760763717,2025-10-18T05:01:57Z,scene_006,train,true,17,180,240,data/raw/arducam/depth/1760763717.npy,data/raw/arducam/confidence/1760763717.npy,data/processed/arducam/pose_coco17/1760763717.json,
1760763718,2025-10-18T05:01:58Z,scene_006,train,true,17,180,240,data/raw/arducam/depth/1760763718.npy,data/raw/arducam/confidence/1760763718.npy,data/processed/arducam/pose_coco17/1760763718.json,
1760763719,2025-10-18T05:01:59Z,scene_006,train,true,17,180,240,data/raw/arducam/depth/1760763719.npy,data/raw/arducam/confidence/1760763719.npy,data/processed/arducam/pose_coco17/1760763719.json,
1760763720,2025-10-18T05:02:00Z,scene_006,train,true,17,180,240,data/raw/arducam/depth/1760763720.npy,data/raw/arducam/confidence/1760763720.npy,data/processed/arducam/pose_coco17/1760763720.json,
1760763721,2025-10-18T05:02:01Z,scene_006,train,true,17,180,240,data/raw/arducam/depth/1760763721.npy,data/raw/arducam/confidence/1760763721.npy,data/processed/arducam/pose_coco17/1760763721.json,
1760763722,2025-10-18T05:02:02Z,scene_006,train,true,17,180,240,data/raw/arducam/depth/1760763722.npy,data/raw/arducam/confidence/1760763722.npy,data/processed/arducam/pose_coco17/1760763722.json,
1760763723,2025-10-18T05:02:03Z,scene_006,train,true,16,180,240,data/raw/arducam/depth/1760763723.npy,data/raw/arducam/confidence/1760763723.npy,data/processed/arducam/pose_coco17/1760763723.json,
1760763724,2025-10-18T05:02:04Z,scene_006,train,true,14,180,240,data/raw/arducam/depth/1760763724.npy,data/raw/arducam/confidence/1760763724.npy,data/processed/arducam/pose_coco17/1760763724.json,
1760763725,2025-10-18T05:02:05Z,scene_006,train,true,17,180,240,data/raw/arducam/depth/1760763725.npy,data/raw/arducam/confidence/1760763725.npy,data/processed/arducam/pose_coco17/1760763725.json,
1760763726,2025-10-18T05:02:06Z,scene_006,train,true,17,180,240,data/raw/arducam/depth/1760763726.npy,data/raw/arducam/confidence/1760763726.npy,data/processed/arducam/pose_coco17/1760763726.json,
1760763727,2025-10-18T05:02:07Z,scene_006,train,true,17,180,240,data/raw/arducam/depth/1760763727.npy,data/raw/arducam/confidence/1760763727.npy,data/processed/arducam/pose_coco17/1760763727.json,
1760763728,2025-10-18T05:02:08Z,scene_006,train,true,17,180,240,data/raw/arducam/depth/1760763728.npy,data/raw/arducam/confidence/1760763728.npy,data/processed/arducam/pose_coco17/1760763728.json,
1760763729,2025-10-18T05:02:09Z,scene_006,train,true,17,180,240,data/raw/arducam/depth/1760763729.npy,data/raw/arducam/confidence/1760763729.npy,data/processed/arducam/pose_coco17/1760763729.json,
1760763730,2025-10-18T05:02:10Z,scene_006,train,true,17,180,240,data/raw/arducam/depth/1760763730.npy,data/raw/arducam/confidence/1760763730.npy,data/processed/arducam/pose_coco17/1760763730.json,
1760763731,2025-10-18T05:02:11Z,scene_006,train,true,17,180,240,data/raw/arducam/depth/1760763731.npy,data/raw/arducam/confidence/1760763731.npy,data/processed/arducam/pose_coco17/1760763731.json,
1760763732,2025-10-18T05:02:12Z,scene_006,train,true,17,180,240,data/raw/arducam/depth/1760763732.npy,data/raw/arducam/confidence/1760763732.npy,data/processed/arducam/pose_coco17/1760763732.json,
1760763733,2025-10-18T05:02:13Z,scene_006,train,true,17,180,240,data/raw/arducam/depth/1760763733.npy,data/raw/arducam/confidence/1760763733.npy,data/processed/arducam/pose_coco17/1760763733.json,
1760763734,2025-10-18T05:02:14Z,scene_006,train,true,17,180,240,data/raw/arducam/depth/1760763734.npy,data/raw/arducam/confidence/1760763734.npy,data/processed/arducam/pose_coco17/1760763734.json,
1760763735,2025-10-18T05:02:15Z,scene_006,train,true,17,180,240,data/raw/arducam/depth/1760763735.npy,data/raw/arducam/confidence/1760763735.npy,data/processed/arducam/pose_coco17/1760763735.json,
1760763736,2025-10-18T05:02:16Z,scene_006,train,true,17,180,240,data/raw/arducam/depth/1760763736.npy,data/raw/arducam/confidence/1760763736.npy,data/processed/arducam/pose_coco17/1760763736.json,
1760763737,2025-10-18T05:02:17Z,scene_006,train,true,17,180,240,data/raw/arducam/depth/1760763737.npy,data/raw/arducam/confidence/1760763737.npy,data/processed/arducam/pose_coco17/1760763737.json,
1760763738,2025-10-18T05:02:18Z,scene_006,train,true,17,180,240,data/raw/arducam/depth/1760763738.npy,data/raw/arducam/confidence/1760763738.npy,data/processed/arducam/pose_coco17/1760763738.json,
1760763739,2025-10-18T05:02:19Z,scene_006,train,true,17,180,240,data/raw/arducam/depth/1760763739.npy,data/raw/arducam/confidence/1760763739.npy,data/processed/arducam/pose_coco17/1760763739.json,
1760763740,2025-10-18T05:02:20Z,scene_006,train,true,17,180,240,data/raw/arducam/depth/1760763740.npy,data/raw/arducam/confidence/1760763740.npy,data/processed/arducam/pose_coco17/1760763740.json,
1760763741,2025-10-18T05:02:21Z,scene_006,train,true,17,180,240,data/raw/arducam/depth/1760763741.npy,data/raw/arducam/confidence/1760763741.npy,data/processed/arducam/pose_coco17/1760763741.json,
1760763742,2025-10-18T05:02:22Z,scene_006,train,true,17,180,240,data/raw/arducam/depth/1760763742.npy,data/raw/arducam/confidence/1760763742.npy,data/processed/arducam/pose_coco17/1760763742.json,
1760763743,2025-10-18T05:02:23Z,scene_006,train,true,17,180,240,data/raw/arducam/depth/1760763743.npy,data/raw/arducam/confidence/1760763743.npy,data/processed/arducam/pose_coco17/1760763743.json,
1760763744,2025-10-18T05:02:24Z,scene_006,train,true,17,180,240,data/raw/arducam/depth/1760763744.npy,data/raw/arducam/confidence/1760763744.npy,data/processed/arducam/pose_coco17/1760763744.json,
1760763745,2025-10-18T05:02:25Z,scene_006,train,true,17,180,240,data/raw/arducam/depth/1760763745.npy,data/raw/arducam/confidence/1760763745.npy,data/processed/arducam/pose_coco17/1760763745.json,
1760763746,2025-10-18T05:02:26Z,scene_006,train,true,17,180,240,data/raw/arducam/depth/1760763746.npy,data/raw/arducam/confidence/1760763746.npy,data/processed/arducam/pose_coco17/1760763746.json,
1760763747,2025-10-18T05:02:27Z,scene_006,train,true,17,180,240,data/raw/arducam/depth/1760763747.npy,data/raw/arducam/confidence/1760763747.npy,data/processed/arducam/pose_coco17/1760763747.json,
1760763748,2025-10-18T05:02:28Z,scene_006,train,true,17,180,240,data/raw/arducam/depth/1760763748.npy,data/raw/arducam/confidence/1760763748.npy,data/processed/arducam/pose_coco17/1760763748.json,
1760763749,2025-10-18T05:02:29Z,scene_006,train,true,17,180,240,data/raw/arducam/depth/1760763749.npy,data/raw/arducam/confidence/1760763749.npy,data/processed/arducam/pose_coco17/1760763749.json,
1760763750,2025-10-18T05:02:30Z,scene_006,train,true,17,180,240,data/raw/arducam/depth/1760763750.npy,data/raw/arducam/confidence/1760763750.npy,data/processed/arducam/pose_coco17/1760763750.json,
1760763751,2025-10-18T05:02:31Z,scene_006,train,true,17,180,240,data/raw/arducam/depth/1760763751.npy,data/raw/arducam/confidence/1760763751.npy,data/processed/arducam/pose_coco17/1760763751.json,
1760763752,2025-10-18T05:02:32Z,scene_006,train,true,17,180,240,data/raw/arducam/depth/1760763752.npy,data/raw/arducam/confidence/1760763752.npy,data/processed/arducam/pose_coco17/1760763752.json,
1760763753,2025-10-18T05:02:33Z,scene_006,train,true,17,180,240,data/raw/arducam/depth/1760763753.npy,data/raw/arducam/confidence/1760763753.npy,data/processed/arducam/pose_coco17/1760763753.json,
1760763754,2025-10-18T05:02:34Z,scene_006,train,true,17,180,240,data/raw/arducam/depth/1760763754.npy,data/raw/arducam/confidence/1760763754.npy,data/processed/arducam/pose_coco17/1760763754.json,
1760763755,2025-10-18T05:02:35Z,scene_006,train,true,17,180,240,data/raw/arducam/depth/1760763755.npy,data/raw/arducam/confidence/1760763755.npy,data/processed/arducam/pose_coco17/1760763755.json,
1760763756,2025-10-18T05:02:36Z,scene_006,train,true,17,180,240,data/raw/arducam/depth/1760763756.npy,data/raw/arducam/confidence/1760763756.npy,data/processed/arducam/pose_coco17/1760763756.json,
1760763757,2025-10-18T05:02:37Z,scene_006,train,true,17,180,240,data/raw/arducam/depth/1760763757.npy,data/raw/arducam/confidence/1760763757.npy,data/processed/arducam/pose_coco17/1760763757.json,
1760763758,2025-10-18T05:02:38Z,scene_006,train,true,17,180,240,data/raw/arducam/depth/1760763758.npy,data/raw/arducam/confidence/1760763758.npy,data/processed/arducam/pose_coco17/1760763758.json,
1760763759,2025-10-18T05:02:39Z,scene_006,train,true,17,180,240,data/raw/arducam/depth/1760763759.npy,data/raw/arducam/confidence/1760763759.npy,data/processed/arducam/pose_coco17/1760763759.json,
1760763760,2025-10-18T05:02:40Z,scene_006,train,true,17,180,240,data/raw/arducam/depth/1760763760.npy,data/raw/arducam/confidence/1760763760.npy,data/processed/arducam/pose_coco17/1760763760.json,
1760763761,2025-10-18T05:02:41Z,scene_006,train,true,17,180,240,data/raw/arducam/depth/1760763761.npy,data/raw/arducam/confidence/1760763761.npy,data/processed/arducam/pose_coco17/1760763761.json,
1760763762,2025-10-18T05:02:42Z,scene_006,train,true,17,180,240,data/raw/arducam/depth/1760763762.npy,data/raw/arducam/confidence/1760763762.npy,data/processed/arducam/pose_coco17/1760763762.json,
1760763763,2025-10-18T05:02:43Z,scene_006,train,true,17,180,240,data/raw/arducam/depth/1760763763.npy,data/raw/arducam/confidence/1760763763.npy,data/processed/arducam/pose_coco17/1760763763.json,
1760763764,2025-10-18T05:02:44Z,scene_006,train,true,15,180,240,data/raw/arducam/depth/1760763764.npy,data/raw/arducam/confidence/1760763764.npy,data/processed/arducam/pose_coco17/1760763764.json,
1760763765,2025-10-18T05:02:45Z,scene_006,train,true,17,180,240,data/raw/arducam/depth/1760763765.npy,data/raw/arducam/confidence/1760763765.npy,data/processed/arducam/pose_coco17/1760763765.json,
1760763766,2025-10-18T05:02:46Z,scene_006,train,true,17,180,240,data/raw/arducam/depth/1760763766.npy,data/raw/arducam/confidence/1760763766.npy,data/processed/arducam/pose_coco17/1760763766.json,
1760763767,2025-10-18T05:02:47Z,scene_006,train,true,17,180,240,data/raw/arducam/depth/1760763767.npy,data/raw/arducam/confidence/1760763767.npy,data/processed/arducam/pose_coco17/1760763767.json,
1760763768,2025-10-18T05:02:48Z,scene_006,train,true,17,180,240,data/raw/arducam/depth/1760763768.npy,data/raw/arducam/confidence/1760763768.npy,data/processed/arducam/pose_coco17/1760763768.json,
1760763769,2025-10-18T05:02:49Z,scene_006,train,true,17,180,240,data/raw/arducam/depth/1760763769.npy,data/raw/arducam/confidence/1760763769.npy,data/processed/arducam/pose_coco17/1760763769.json,
1760763770,2025-10-18T05:02:50Z,scene_006,train,true,17,180,240,data/raw/arducam/depth/1760763770.npy,data/raw/arducam/confidence/1760763770.npy,data/processed/arducam/pose_coco17/1760763770.json,
1760763771,2025-10-18T05:02:51Z,scene_006,train,true,17,180,240,data/raw/arducam/depth/1760763771.npy,data/raw/arducam/confidence/1760763771.npy,data/processed/arducam/pose_coco17/1760763771.json,
1760763772,2025-10-18T05:02:52Z,scene_006,train,true,17,180,240,data/raw/arducam/depth/1760763772.npy,data/raw/arducam/confidence/1760763772.npy,data/processed/arducam/pose_coco17/1760763772.json,
1760763773,2025-10-18T05:02:53Z,scene_006,train,true,17,180,240,data/raw/arducam/depth/1760763773.npy,data/raw/arducam/confidence/1760763773.npy,data/processed/arducam/pose_coco17/1760763773.json,
1760763774,2025-10-18T05:02:54Z,scene_006,train,true,17,180,240,data/raw/arducam/depth/1760763774.npy,data/raw/arducam/confidence/1760763774.npy,data/processed/arducam/pose_coco17/1760763774.json,
1760763775,2025-10-18T05:02:55Z,scene_006,train,true,17,180,240,data/raw/arducam/depth/1760763775.npy,data/raw/arducam/confidence/1760763775.npy,data/processed/arducam/pose_coco17/1760763775.json,
1760763776,2025-10-18T05:02:56Z,scene_006,train,true,17,180,240,data/raw/arducam/depth/1760763776.npy,data/raw/arducam/confidence/1760763776.npy,data/processed/arducam/pose_coco17/1760763776.json,
1760763777,2025-10-18T05:02:57Z,scene_006,train,true,17,180,240,data/raw/arducam/depth/1760763777.npy,data/raw/arducam/confidence/1760763777.npy,data/processed/arducam/pose_coco17/1760763777.json,
1760763778,2025-10-18T05:02:58Z,scene_006,train,true,17,180,240,data/raw/arducam/depth/1760763778.npy,data/raw/arducam/confidence/1760763778.npy,data/processed/arducam/pose_coco17/1760763778.json,
1760763779,2025-10-18T05:02:59Z,scene_006,train,true,17,180,240,data/raw/arducam/depth/1760763779.npy,data/raw/arducam/confidence/1760763779.npy,data/processed/arducam/pose_coco17/1760763779.json,
1760763780,2025-10-18T05:03:00Z,scene_006,train,true,17,180,240,data/raw/arducam/depth/1760763780.npy,data/raw/arducam/confidence/1760763780.npy,data/processed/arducam/pose_coco17/1760763780.json,
1760763781,2025-10-18T05:03:01Z,scene_006,train,true,17,180,240,data/raw/arducam/depth/1760763781.npy,data/raw/arducam/confidence/1760763781.npy,data/processed/arducam/pose_coco17/1760763781.json,
1760763782,2025-10-18T05:03:02Z,scene_006,train,true,17,180,240,data/raw/arducam/depth/1760763782.npy,data/raw/arducam/confidence/1760763782.npy,data/processed/arducam/pose_coco17/1760763782.json,
1760763783,2025-10-18T05:03:03Z,scene_006,train,true,17,180,240,data/raw/arducam/depth/1760763783.npy,data/raw/arducam/confidence/1760763783.npy,data/processed/arducam/pose_coco17/1760763783.json,
1760763784,2025-10-18T05:03:04Z,scene_006,train,true,17,180,240,data/raw/arducam/depth/1760763784.npy,data/raw/arducam/confidence/1760763784.npy,data/processed/arducam/pose_coco17/1760763784.json,
1760763785,2025-10-18T05:03:05Z,scene_006,train,true,17,180,240,data/raw/arducam/depth/1760763785.npy,data/raw/arducam/confidence/1760763785.npy,data/processed/arducam/pose_coco17/1760763785.json,
1760763786,2025-10-18T05:03:06Z,scene_006,train,true,17,180,240,data/raw/arducam/depth/1760763786.npy,data/raw/arducam/confidence/1760763786.npy,data/processed/arducam/pose_coco17/1760763786.json,
1760763787,2025-10-18T05:03:07Z,scene_006,train,true,17,180,240,data/raw/arducam/depth/1760763787.npy,data/raw/arducam/confidence/1760763787.npy,data/processed/arducam/pose_coco17/1760763787.json,
1760763788,2025-10-18T05:03:08Z,scene_006,train,true,17,180,240,data/raw/arducam/depth/1760763788.npy,data/raw/arducam/confidence/1760763788.npy,data/processed/arducam/pose_coco17/1760763788.json,
1760763789,2025-10-18T05:03:09Z,scene_006,train,true,17,180,240,data/raw/arducam/depth/1760763789.npy,data/raw/arducam/confidence/1760763789.npy,data/processed/arducam/pose_coco17/1760763789.json,
1760763790,2025-10-18T05:03:10Z,scene_006,train,true,17,180,240,data/raw/arducam/depth/1760763790.npy,data/raw/arducam/confidence/1760763790.npy,data/processed/arducam/pose_coco17/1760763790.json,
1760763791,2025-10-18T05:03:11Z,scene_006,train,true,17,180,240,data/raw/arducam/depth/1760763791.npy,data/raw/arducam/confidence/1760763791.npy,data/processed/arducam/pose_coco17/1760763791.json,
1760763792,2025-10-18T05:03:12Z,scene_006,train,true,17,180,240,data/raw/arducam/depth/1760763792.npy,data/raw/arducam/confidence/1760763792.npy,data/processed/arducam/pose_coco17/1760763792.json,
1760763793,2025-10-18T05:03:13Z,scene_006,train,true,13,180,240,data/raw/arducam/depth/1760763793.npy,data/raw/arducam/confidence/1760763793.npy,data/processed/arducam/pose_coco17/1760763793.json,
1760763794,2025-10-18T05:03:14Z,scene_006,train,true,17,180,240,data/raw/arducam/depth/1760763794.npy,data/raw/arducam/confidence/1760763794.npy,data/processed/arducam/pose_coco17/1760763794.json,
1760763795,2025-10-18T05:03:15Z,scene_006,train,true,17,180,240,data/raw/arducam/depth/1760763795.npy,data/raw/arducam/confidence/1760763795.npy,data/processed/arducam/pose_coco17/1760763795.json,
1760763796,2025-10-18T05:03:16Z,scene_006,train,true,17,180,240,data/raw/arducam/depth/1760763796.npy,data/raw/arducam/confidence/1760763796.npy,data/processed/arducam/pose_coco17/1760763796.json,
1760763797,2025-10-18T05:03:17Z,scene_006,train,true,16,180,240,data/raw/arducam/depth/1760763797.npy,data/raw/arducam/confidence/1760763797.npy,data/processed/arducam/pose_coco17/1760763797.json,
1760763798,2025-10-18T05:03:18Z,scene_006,train,true,17,180,240,data/raw/arducam/depth/1760763798.npy,data/raw/arducam/confidence/1760763798.npy,data/processed/arducam/pose_coco17/1760763798.json,
1760763799,2025-10-18T05:03:19Z,scene_006,train,true,17,180,240,data/raw/arducam/depth/1760763799.npy,data/raw/arducam/confidence/1760763799.npy,data/processed/arducam/pose_coco17/1760763799.json,
1760763800,2025-10-18T05:03:20Z,scene_006,train,true,17,180,240,data/raw/arducam/depth/1760763800.npy,data/raw/arducam/confidence/1760763800.npy,data/processed/arducam/pose_coco17/1760763800.json,
1760763801,2025-10-18T05:03:21Z,scene_006,train,true,17,180,240,data/raw/arducam/depth/1760763801.npy,data/raw/arducam/confidence/1760763801.npy,data/processed/arducam/pose_coco17/1760763801.json,
1760763802,2025-10-18T05:03:22Z,scene_006,train,true,17,180,240,data/raw/arducam/depth/1760763802.npy,data/raw/arducam/confidence/1760763802.npy,data/processed/arducam/pose_coco17/1760763802.json,
1760763803,2025-10-18T05:03:23Z,scene_006,train,true,17,180,240,data/raw/arducam/depth/1760763803.npy,data/raw/arducam/confidence/1760763803.npy,data/processed/arducam/pose_coco17/1760763803.json,
1760763804,2025-10-18T05:03:24Z,scene_006,train,true,17,180,240,data/raw/arducam/depth/1760763804.npy,data/raw/arducam/confidence/1760763804.npy,data/processed/arducam/pose_coco17/1760763804.json,
1760763805,2025-10-18T05:03:25Z,scene_006,train,true,17,180,240,data/raw/arducam/depth/1760763805.npy,data/raw/arducam/confidence/1760763805.npy,data/processed/arducam/pose_coco17/1760763805.json,
1760763806,2025-10-18T05:03:26Z,scene_006,train,true,17,180,240,data/raw/arducam/depth/1760763806.npy,data/raw/arducam/confidence/1760763806.npy,data/processed/arducam/pose_coco17/1760763806.json,
1760763807,2025-10-18T05:03:27Z,scene_006,train,true,17,180,240,data/raw/arducam/depth/1760763807.npy,data/raw/arducam/confidence/1760763807.npy,data/processed/arducam/pose_coco17/1760763807.json,
1760763808,2025-10-18T05:03:28Z,scene_006,train,true,17,180,240,data/raw/arducam/depth/1760763808.npy,data/raw/arducam/confidence/1760763808.npy,data/processed/arducam/pose_coco17/1760763808.json,
1760763809,2025-10-18T05:03:29Z,scene_006,train,true,17,180,240,data/raw/arducam/depth/1760763809.npy,data/raw/arducam/confidence/1760763809.npy,data/processed/arducam/pose_coco17/1760763809.json,
1760763810,2025-10-18T05:03:30Z,scene_006,train,true,17,180,240,data/raw/arducam/depth/1760763810.npy,data/raw/arducam/confidence/1760763810.npy,data/processed/arducam/pose_coco17/1760763810.json,
1760763811,2025-10-18T05:03:31Z,scene_006,train,true,17,180,240,data/raw/arducam/depth/1760763811.npy,data/raw/arducam/confidence/1760763811.npy,data/processed/arducam/pose_coco17/1760763811.json,
1760763812,2025-10-18T05:03:32Z,scene_006,train,true,17,180,240,data/raw/arducam/depth/1760763812.npy,data/raw/arducam/confidence/1760763812.npy,data/processed/arducam/pose_coco17/1760763812.json,
1760763813,2025-10-18T05:03:33Z,scene_006,train,true,17,180,240,data/raw/arducam/depth/1760763813.npy,data/raw/arducam/confidence/1760763813.npy,data/processed/arducam/pose_coco17/1760763813.json,
1760763814,2025-10-18T05:03:34Z,scene_006,train,true,17,180,240,data/raw/arducam/depth/1760763814.npy,data/raw/arducam/confidence/1760763814.npy,data/processed/arducam/pose_coco17/1760763814.json,
1760763815,2025-10-18T05:03:35Z,scene_006,train,true,17,180,240,data/raw/arducam/depth/1760763815.npy,data/raw/arducam/confidence/1760763815.npy,data/processed/arducam/pose_coco17/1760763815.json,
1760763869,2025-10-18T05:04:29Z,scene_006,train,true,17,180,240,data/raw/arducam/depth/1760763869.npy,data/raw/arducam/confidence/1760763869.npy,data/processed/arducam/pose_coco17/1760763869.json,
1760763870,2025-10-18T05:04:30Z,scene_006,train,true,17,180,240,data/raw/arducam/depth/1760763870.npy,data/raw/arducam/confidence/1760763870.npy,data/processed/arducam/pose_coco17/1760763870.json,
1760763871,2025-10-18T05:04:31Z,scene_006,train,true,17,180,240,data/raw/arducam/depth/1760763871.npy,data/raw/arducam/confidence/1760763871.npy,data/processed/arducam/pose_coco17/1760763871.json,
1760763872,2025-10-18T05:04:32Z,scene_006,train,true,17,180,240,data/raw/arducam/depth/1760763872.npy,data/raw/arducam/confidence/1760763872.npy,data/processed/arducam/pose_coco17/1760763872.json,
1760763873,2025-10-18T05:04:33Z,scene_006,train,true,17,180,240,data/raw/arducam/depth/1760763873.npy,data/raw/arducam/confidence/1760763873.npy,data/processed/arducam/pose_coco17/1760763873.json,
1760763874,2025-10-18T05:04:34Z,scene_006,train,true,17,180,240,data/raw/arducam/depth/1760763874.npy,data/raw/arducam/confidence/1760763874.npy,data/processed/arducam/pose_coco17/1760763874.json,
1760763875,2025-10-18T05:04:35Z,scene_006,train,true,17,180,240,data/raw/arducam/depth/1760763875.npy,data/raw/arducam/confidence/1760763875.npy,data/processed/arducam/pose_coco17/1760763875.json,
1760763876,2025-10-18T05:04:36Z,scene_006,train,true,16,180,240,data/raw/arducam/depth/1760763876.npy,data/raw/arducam/confidence/1760763876.npy,data/processed/arducam/pose_coco17/1760763876.json,
1760763877,2025-10-18T05:04:37Z,scene_006,train,true,17,180,240,data/raw/arducam/depth/1760763877.npy,data/raw/arducam/confidence/1760763877.npy,data/processed/arducam/pose_coco17/1760763877.json,
1760763878,2025-10-18T05:04:38Z,scene_006,train,true,17,180,240,data/raw/arducam/depth/1760763878.npy,data/raw/arducam/confidence/1760763878.npy,data/processed/arducam/pose_coco17/1760763878.json,
1760763879,2025-10-18T05:04:39Z,scene_006,train,true,17,180,240,data/raw/arducam/depth/1760763879.npy,data/raw/arducam/confidence/1760763879.npy,data/processed/arducam/pose_coco17/1760763879.json,
1760763880,2025-10-18T05:04:40Z,scene_006,train,true,17,180,240,data/raw/arducam/depth/1760763880.npy,data/raw/arducam/confidence/1760763880.npy,data/processed/arducam/pose_coco17/1760763880.json,
1760763881,2025-10-18T05:04:41Z,scene_006,train,true,17,180,240,data/raw/arducam/depth/1760763881.npy,data/raw/arducam/confidence/1760763881.npy,data/processed/arducam/pose_coco17/1760763881.json,
1760763882,2025-10-18T05:04:42Z,scene_006,train,true,17,180,240,data/raw/arducam/depth/1760763882.npy,data/raw/arducam/confidence/1760763882.npy,data/processed/arducam/pose_coco17/1760763882.json,
1760763890,2025-10-18T05:04:50Z,scene_006,train,true,16,180,240,data/raw/arducam/depth/1760763890.npy,data/raw/arducam/confidence/1760763890.npy,data/processed/arducam/pose_coco17/1760763890.json,
1760763891,2025-10-18T05:04:51Z,scene_006,train,true,16,180,240,data/raw/arducam/depth/1760763891.npy,data/raw/arducam/confidence/1760763891.npy,data/processed/arducam/pose_coco17/1760763891.json,
1760763892,2025-10-18T05:04:52Z,scene_006,train,true,16,180,240,data/raw/arducam/depth/1760763892.npy,data/raw/arducam/confidence/1760763892.npy,data/processed/arducam/pose_coco17/1760763892.json,
1760763893,2025-10-18T05:04:53Z,scene_006,train,true,16,180,240,data/raw/arducam/depth/1760763893.npy,data/raw/arducam/confidence/1760763893.npy,data/processed/arducam/pose_coco17/1760763893.json,
1760763894,2025-10-18T05:04:54Z,scene_006,train,true,16,180,240,data/raw/arducam/depth/1760763894.npy,data/raw/arducam/confidence/1760763894.npy,data/processed/arducam/pose_coco17/1760763894.json,
1760763895,2025-10-18T05:04:55Z,scene_006,train,true,15,180,240,data/raw/arducam/depth/1760763895.npy,data/raw/arducam/confidence/1760763895.npy,data/processed/arducam/pose_coco17/1760763895.json,
1760763896,2025-10-18T05:04:56Z,scene_006,train,true,16,180,240,data/raw/arducam/depth/1760763896.npy,data/raw/arducam/confidence/1760763896.npy,data/processed/arducam/pose_coco17/1760763896.json,
1760763900,2025-10-18T05:05:00Z,scene_006,train,true,16,180,240,data/raw/arducam/depth/1760763900.npy,data/raw/arducam/confidence/1760763900.npy,data/processed/arducam/pose_coco17/1760763900.json,
1760763901,2025-10-18T05:05:01Z,scene_006,train,true,16,180,240,data/raw/arducam/depth/1760763901.npy,data/raw/arducam/confidence/1760763901.npy,data/processed/arducam/pose_coco17/1760763901.json,
1760763902,2025-10-18T05:05:02Z,scene_006,train,true,16,180,240,data/raw/arducam/depth/1760763902.npy,data/raw/arducam/confidence/1760763902.npy,data/processed/arducam/pose_coco17/1760763902.json,
1760763903,2025-10-18T05:05:03Z,scene_006,train,true,17,180,240,data/raw/arducam/depth/1760763903.npy,data/raw/arducam/confidence/1760763903.npy,data/processed/arducam/pose_coco17/1760763903.json,
1760763904,2025-10-18T05:05:04Z,scene_006,train,true,17,180,240,data/raw/arducam/depth/1760763904.npy,data/raw/arducam/confidence/1760763904.npy,data/processed/arducam/pose_coco17/1760763904.json,
1760763905,2025-10-18T05:05:05Z,scene_006,train,true,17,180,240,data/raw/arducam/depth/1760763905.npy,data/raw/arducam/confidence/1760763905.npy,data/processed/arducam/pose_coco17/1760763905.json,
1760763906,2025-10-18T05:05:06Z,scene_006,train,true,17,180,240,data/raw/arducam/depth/1760763906.npy,data/raw/arducam/confidence/1760763906.npy,data/processed/arducam/pose_coco17/1760763906.json,
1760763907,2025-10-18T05:05:07Z,scene_006,train,true,17,180,240,data/raw/arducam/depth/1760763907.npy,data/raw/arducam/confidence/1760763907.npy,data/processed/arducam/pose_coco17/1760763907.json,
1760763908,2025-10-18T05:05:08Z,scene_006,train,true,17,180,240,data/raw/arducam/depth/1760763908.npy,data/raw/arducam/confidence/1760763908.npy,data/processed/arducam/pose_coco17/1760763908.json,
1760763909,2025-10-18T05:05:09Z,scene_006,train,true,17,180,240,data/raw/arducam/depth/1760763909.npy,data/raw/arducam/confidence/1760763909.npy,data/processed/arducam/pose_coco17/1760763909.json,
1760763910,2025-10-18T05:05:10Z,scene_006,train,true,17,180,240,data/raw/arducam/depth/1760763910.npy,data/raw/arducam/confidence/1760763910.npy,data/processed/arducam/pose_coco17/1760763910.json,
1760763911,2025-10-18T05:05:11Z,scene_006,train,true,17,180,240,data/raw/arducam/depth/1760763911.npy,data/raw/arducam/confidence/1760763911.npy,data/processed/arducam/pose_coco17/1760763911.json,
1760763912,2025-10-18T05:05:12Z,scene_006,train,true,17,180,240,data/raw/arducam/depth/1760763912.npy,data/raw/arducam/confidence/1760763912.npy,data/processed/arducam/pose_coco17/1760763912.json,
1760763913,2025-10-18T05:05:13Z,scene_006,train,true,17,180,240,data/raw/arducam/depth/1760763913.npy,data/raw/arducam/confidence/1760763913.npy,data/processed/arducam/pose_coco17/1760763913.json,
1760763940,2025-10-18T05:05:40Z,scene_006,train,true,17,180,240,data/raw/arducam/depth/1760763940.npy,data/raw/arducam/confidence/1760763940.npy,data/processed/arducam/pose_coco17/1760763940.json,
1760763941,2025-10-18T05:05:41Z,scene_006,train,true,17,180,240,data/raw/arducam/depth/1760763941.npy,data/raw/arducam/confidence/1760763941.npy,data/processed/arducam/pose_coco17/1760763941.json,
1760763942,2025-10-18T05:05:42Z,scene_006,train,true,17,180,240,data/raw/arducam/depth/1760763942.npy,data/raw/arducam/confidence/1760763942.npy,data/processed/arducam/pose_coco17/1760763942.json,
1760763943,2025-10-18T05:05:43Z,scene_006,train,true,17,180,240,data/raw/arducam/depth/1760763943.npy,data/raw/arducam/confidence/1760763943.npy,data/processed/arducam/pose_coco17/1760763943.json,
1760763944,2025-10-18T05:05:44Z,scene_006,train,true,17,180,240,data/raw/arducam/depth/1760763944.npy,data/raw/arducam/confidence/1760763944.npy,data/processed/arducam/pose_coco17/1760763944.json,
1760765172,2025-10-18T05:26:12Z,scene_007,train,true,17,180,240,data/raw/arducam/depth/1760765172.npy,data/raw/arducam/confidence/1760765172.npy,data/processed/arducam/pose_coco17/1760765172.json,
1760765173,2025-10-18T05:26:13Z,scene_007,train,true,17,180,240,data/raw/arducam/depth/1760765173.npy,data/raw/arducam/confidence/1760765173.npy,data/processed/arducam/pose_coco17/1760765173.json,
1760765174,2025-10-18T05:26:14Z,scene_007,train,true,17,180,240,data/raw/arducam/depth/1760765174.npy,data/raw/arducam/confidence/1760765174.npy,data/processed/arducam/pose_coco17/1760765174.json,
1760765175,2025-10-18T05:26:15Z,scene_007,train,true,17,180,240,data/raw/arducam/depth/1760765175.npy,data/raw/arducam/confidence/1760765175.npy,data/processed/arducam/pose_coco17/1760765175.json,
1760765176,2025-10-18T05:26:16Z,scene_007,train,true,17,180,240,data/raw/arducam/depth/1760765176.npy,data/raw/arducam/confidence/1760765176.npy,data/processed/arducam/pose_coco17/1760765176.json,
1760765177,2025-10-18T05:26:17Z,scene_007,train,true,17,180,240,data/raw/arducam/depth/1760765177.npy,data/raw/arducam/confidence/1760765177.npy,data/processed/arducam/pose_coco17/1760765177.json,
1760765178,2025-10-18T05:26:18Z,scene_007,train,true,17,180,240,data/raw/arducam/depth/1760765178.npy,data/raw/arducam/confidence/1760765178.npy,data/processed/arducam/pose_coco17/1760765178.json,
1760765179,2025-10-18T05:26:19Z,scene_007,train,true,17,180,240,data/raw/arducam/depth/1760765179.npy,data/raw/arducam/confidence/1760765179.npy,data/processed/arducam/pose_coco17/1760765179.json,
1760765180,2025-10-18T05:26:20Z,scene_007,train,true,17,180,240,data/raw/arducam/depth/1760765180.npy,data/raw/arducam/confidence/1760765180.npy,data/processed/arducam/pose_coco17/1760765180.json,
1760765181,2025-10-18T05:26:21Z,scene_007,train,true,17,180,240,data/raw/arducam/depth/1760765181.npy,data/raw/arducam/confidence/1760765181.npy,data/processed/arducam/pose_coco17/1760765181.json,
1760765182,2025-10-18T05:26:22Z,scene_007,train,true,17,180,240,data/raw/arducam/depth/1760765182.npy,data/raw/arducam/confidence/1760765182.npy,data/processed/arducam/pose_coco17/1760765182.json,
1760765183,2025-10-18T05:26:23Z,scene_007,train,true,17,180,240,data/raw/arducam/depth/1760765183.npy,data/raw/arducam/confidence/1760765183.npy,data/processed/arducam/pose_coco17/1760765183.json,
1760765184,2025-10-18T05:26:24Z,scene_007,train,true,17,180,240,data/raw/arducam/depth/1760765184.npy,data/raw/arducam/confidence/1760765184.npy,data/processed/arducam/pose_coco17/1760765184.json,
1760765185,2025-10-18T05:26:25Z,scene_007,train,true,17,180,240,data/raw/arducam/depth/1760765185.npy,data/raw/arducam/confidence/1760765185.npy,data/processed/arducam/pose_coco17/1760765185.json,
1760765186,2025-10-18T05:26:26Z,scene_007,train,true,17,180,240,data/raw/arducam/depth/1760765186.npy,data/raw/arducam/confidence/1760765186.npy,data/processed/arducam/pose_coco17/1760765186.json,
1760765187,2025-10-18T05:26:27Z,scene_007,train,true,17,180,240,data/raw/arducam/depth/1760765187.npy,data/raw/arducam/confidence/1760765187.npy,data/processed/arducam/pose_coco17/1760765187.json,
1760765188,2025-10-18T05:26:28Z,scene_007,train,true,17,180,240,data/raw/arducam/depth/1760765188.npy,data/raw/arducam/confidence/1760765188.npy,data/processed/arducam/pose_coco17/1760765188.json,
1760765189,2025-10-18T05:26:29Z,scene_007,train,true,17,180,240,data/raw/arducam/depth/1760765189.npy,data/raw/arducam/confidence/1760765189.npy,data/processed/arducam/pose_coco17/1760765189.json,
1760765190,2025-10-18T05:26:30Z,scene_007,train,true,17,180,240,data/raw/arducam/depth/1760765190.npy,data/raw/arducam/confidence/1760765190.npy,data/processed/arducam/pose_coco17/1760765190.json,
1760765191,2025-10-18T05:26:31Z,scene_007,train,true,17,180,240,data/raw/arducam/depth/1760765191.npy,data/raw/arducam/confidence/1760765191.npy,data/processed/arducam/pose_coco17/1760765191.json,
1760765192,2025-10-18T05:26:32Z,scene_007,train,true,17,180,240,data/raw/arducam/depth/1760765192.npy,data/raw/arducam/confidence/1760765192.npy,data/processed/arducam/pose_coco17/1760765192.json,
1760765193,2025-10-18T05:26:33Z,scene_007,train,true,17,180,240,data/raw/arducam/depth/1760765193.npy,data/raw/arducam/confidence/1760765193.npy,data/processed/arducam/pose_coco17/1760765193.json,
1760765194,2025-10-18T05:26:34Z,scene_007,train,true,17,180,240,data/raw/arducam/depth/1760765194.npy,data/raw/arducam/confidence/1760765194.npy,data/processed/arducam/pose_coco17/1760765194.json,
1760765195,2025-10-18T05:26:35Z,scene_007,train,true,17,180,240,data/raw/arducam/depth/1760765195.npy,data/raw/arducam/confidence/1760765195.npy,data/processed/arducam/pose_coco17/1760765195.json,
1760765196,2025-10-18T05:26:36Z,scene_007,train,true,17,180,240,data/raw/arducam/depth/1760765196.npy,data/raw/arducam/confidence/1760765196.npy,data/processed/arducam/pose_coco17/1760765196.json,
1760765197,2025-10-18T05:26:37Z,scene_007,train,true,17,180,240,data/raw/arducam/depth/1760765197.npy,data/raw/arducam/confidence/1760765197.npy,data/processed/arducam/pose_coco17/1760765197.json,
1760765198,2025-10-18T05:26:38Z,scene_007,train,true,17,180,240,data/raw/arducam/depth/1760765198.npy,data/raw/arducam/confidence/1760765198.npy,data/processed/arducam/pose_coco17/1760765198.json,
1760765199,2025-10-18T05:26:39Z,scene_007,train,true,17,180,240,data/raw/arducam/depth/1760765199.npy,data/raw/arducam/confidence/1760765199.npy,data/processed/arducam/pose_coco17/1760765199.json,
1760765200,2025-10-18T05:26:40Z,scene_007,train,true,17,180,240,data/raw/arducam/depth/1760765200.npy,data/raw/arducam/confidence/1760765200.npy,data/processed/arducam/pose_coco17/1760765200.json,
1760765201,2025-10-18T05:26:41Z,scene_007,train,true,17,180,240,data/raw/arducam/depth/1760765201.npy,data/raw/arducam/confidence/1760765201.npy,data/processed/arducam/pose_coco17/1760765201.json,
1760765202,2025-10-18T05:26:42Z,scene_007,train,true,17,180,240,data/raw/arducam/depth/1760765202.npy,data/raw/arducam/confidence/1760765202.npy,data/processed/arducam/pose_coco17/1760765202.json,
1760765203,2025-10-18T05:26:43Z,scene_007,train,true,17,180,240,data/raw/arducam/depth/1760765203.npy,data/raw/arducam/confidence/1760765203.npy,data/processed/arducam/pose_coco17/1760765203.json,
1760765204,2025-10-18T05:26:44Z,scene_007,train,true,17,180,240,data/raw/arducam/depth/1760765204.npy,data/raw/arducam/confidence/1760765204.npy,data/processed/arducam/pose_coco17/1760765204.json,
1760765205,2025-10-18T05:26:45Z,scene_007,train,true,17,180,240,data/raw/arducam/depth/1760765205.npy,data/raw/arducam/confidence/1760765205.npy,data/processed/arducam/pose_coco17/1760765205.json,
1760765206,2025-10-18T05:26:46Z,scene_007,train,true,17,180,240,data/raw/arducam/depth/1760765206.npy,data/raw/arducam/confidence/1760765206.npy,data/processed/arducam/pose_coco17/1760765206.json,
1760765207,2025-10-18T05:26:47Z,scene_007,train,true,17,180,240,data/raw/arducam/depth/1760765207.npy,data/raw/arducam/confidence/1760765207.npy,data/processed/arducam/pose_coco17/1760765207.json,
1760765208,2025-10-18T05:26:48Z,scene_007,train,true,17,180,240,data/raw/arducam/depth/1760765208.npy,data/raw/arducam/confidence/1760765208.npy,data/processed/arducam/pose_coco17/1760765208.json,
1760765209,2025-10-18T05:26:49Z,scene_007,train,true,17,180,240,data/raw/arducam/depth/1760765209.npy,data/raw/arducam/confidence/1760765209.npy,data/processed/arducam/pose_coco17/1760765209.json,
1760765210,2025-10-18T05:26:50Z,scene_007,train,true,17,180,240,data/raw/arducam/depth/1760765210.npy,data/raw/arducam/confidence/1760765210.npy,data/processed/arducam/pose_coco17/1760765210.json,
1760765211,2025-10-18T05:26:51Z,scene_007,train,true,17,180,240,data/raw/arducam/depth/1760765211.npy,data/raw/arducam/confidence/1760765211.npy,data/processed/arducam/pose_coco17/1760765211.json,
1760765212,2025-10-18T05:26:52Z,scene_007,train,true,17,180,240,data/raw/arducam/depth/1760765212.npy,data/raw/arducam/confidence/1760765212.npy,data/processed/arducam/pose_coco17/1760765212.json,
1760765213,2025-10-18T05:26:53Z,scene_007,train,true,17,180,240,data/raw/arducam/depth/1760765213.npy,data/raw/arducam/confidence/1760765213.npy,data/processed/arducam/pose_coco17/1760765213.json,
1760765214,2025-10-18T05:26:54Z,scene_007,train,true,17,180,240,data/raw/arducam/depth/1760765214.npy,data/raw/arducam/confidence/1760765214.npy,data/processed/arducam/pose_coco17/1760765214.json,
1760765215,2025-10-18T05:26:55Z,scene_007,train,true,17,180,240,data/raw/arducam/depth/1760765215.npy,data/raw/arducam/confidence/1760765215.npy,data/processed/arducam/pose_coco17/1760765215.json,
1760765216,2025-10-18T05:26:56Z,scene_007,train,true,17,180,240,data/raw/arducam/depth/1760765216.npy,data/raw/arducam/confidence/1760765216.npy,data/processed/arducam/pose_coco17/1760765216.json,
1760765217,2025-10-18T05:26:57Z,scene_007,train,true,17,180,240,data/raw/arducam/depth/1760765217.npy,data/raw/arducam/confidence/1760765217.npy,data/processed/arducam/pose_coco17/1760765217.json,
1760765218,2025-10-18T05:26:58Z,scene_007,train,true,17,180,240,data/raw/arducam/depth/1760765218.npy,data/raw/arducam/confidence/1760765218.npy,data/processed/arducam/pose_coco17/1760765218.json,
1760765219,2025-10-18T05:26:59Z,scene_007,train,true,17,180,240,data/raw/arducam/depth/1760765219.npy,data/raw/arducam/confidence/1760765219.npy,data/processed/arducam/pose_coco17/1760765219.json,
1760765220,2025-10-18T05:27:00Z,scene_007,train,true,17,180,240,data/raw/arducam/depth/1760765220.npy,data/raw/arducam/confidence/1760765220.npy,data/processed/arducam/pose_coco17/1760765220.json,
1760765221,2025-10-18T05:27:01Z,scene_007,train,true,17,180,240,data/raw/arducam/depth/1760765221.npy,data/raw/arducam/confidence/1760765221.npy,data/processed/arducam/pose_coco17/1760765221.json,
1760765222,2025-10-18T05:27:02Z,scene_007,train,true,17,180,240,data/raw/arducam/depth/1760765222.npy,data/raw/arducam/confidence/1760765222.npy,data/processed/arducam/pose_coco17/1760765222.json,
1760765223,2025-10-18T05:27:03Z,scene_007,train,true,17,180,240,data/raw/arducam/depth/1760765223.npy,data/raw/arducam/confidence/1760765223.npy,data/processed/arducam/pose_coco17/1760765223.json,
1760765224,2025-10-18T05:27:04Z,scene_007,train,true,17,180,240,data/raw/arducam/depth/1760765224.npy,data/raw/arducam/confidence/1760765224.npy,data/processed/arducam/pose_coco17/1760765224.json,
1760765225,2025-10-18T05:27:05Z,scene_007,train,true,17,180,240,data/raw/arducam/depth/1760765225.npy,data/raw/arducam/confidence/1760765225.npy,data/processed/arducam/pose_coco17/1760765225.json,
1760765226,2025-10-18T05:27:06Z,scene_007,train,true,17,180,240,data/raw/arducam/depth/1760765226.npy,data/raw/arducam/confidence/1760765226.npy,data/processed/arducam/pose_coco17/1760765226.json,
1760765227,2025-10-18T05:27:07Z,scene_007,train,true,17,180,240,data/raw/arducam/depth/1760765227.npy,data/raw/arducam/confidence/1760765227.npy,data/processed/arducam/pose_coco17/1760765227.json,
1760765228,2025-10-18T05:27:08Z,scene_007,train,true,17,180,240,data/raw/arducam/depth/1760765228.npy,data/raw/arducam/confidence/1760765228.npy,data/processed/arducam/pose_coco17/1760765228.json,
1760765229,2025-10-18T05:27:09Z,scene_007,train,true,17,180,240,data/raw/arducam/depth/1760765229.npy,data/raw/arducam/confidence/1760765229.npy,data/processed/arducam/pose_coco17/1760765229.json,
1760765230,2025-10-18T05:27:10Z,scene_007,train,true,17,180,240,data/raw/arducam/depth/1760765230.npy,data/raw/arducam/confidence/1760765230.npy,data/processed/arducam/pose_coco17/1760765230.json,
1760765231,2025-10-18T05:27:11Z,scene_007,train,true,17,180,240,data/raw/arducam/depth/1760765231.npy,data/raw/arducam/confidence/1760765231.npy,data/processed/arducam/pose_coco17/1760765231.json,
1760765232,2025-10-18T05:27:12Z,scene_007,train,true,17,180,240,data/raw/arducam/depth/1760765232.npy,data/raw/arducam/confidence/1760765232.npy,data/processed/arducam/pose_coco17/1760765232.json,
1760765233,2025-10-18T05:27:13Z,scene_007,train,true,17,180,240,data/raw/arducam/depth/1760765233.npy,data/raw/arducam/confidence/1760765233.npy,data/processed/arducam/pose_coco17/1760765233.json,
1760765234,2025-10-18T05:27:14Z,scene_007,train,true,17,180,240,data/raw/arducam/depth/1760765234.npy,data/raw/arducam/confidence/1760765234.npy,data/processed/arducam/pose_coco17/1760765234.json,
1760765235,2025-10-18T05:27:15Z,scene_007,train,true,17,180,240,data/raw/arducam/depth/1760765235.npy,data/raw/arducam/confidence/1760765235.npy,data/processed/arducam/pose_coco17/1760765235.json,
1760765236,2025-10-18T05:27:16Z,scene_007,train,true,17,180,240,data/raw/arducam/depth/1760765236.npy,data/raw/arducam/confidence/1760765236.npy,data/processed/arducam/pose_coco17/1760765236.json,
1760765237,2025-10-18T05:27:17Z,scene_007,train,true,17,180,240,data/raw/arducam/depth/1760765237.npy,data/raw/arducam/confidence/1760765237.npy,data/processed/arducam/pose_coco17/1760765237.json,
1760765238,2025-10-18T05:27:18Z,scene_007,train,true,17,180,240,data/raw/arducam/depth/1760765238.npy,data/raw/arducam/confidence/1760765238.npy,data/processed/arducam/pose_coco17/1760765238.json,
1760765239,2025-10-18T05:27:19Z,scene_007,train,true,17,180,240,data/raw/arducam/depth/1760765239.npy,data/raw/arducam/confidence/1760765239.npy,data/processed/arducam/pose_coco17/1760765239.json,
1760765240,2025-10-18T05:27:20Z,scene_007,train,true,17,180,240,data/raw/arducam/depth/1760765240.npy,data/raw/arducam/confidence/1760765240.npy,data/processed/arducam/pose_coco17/1760765240.json,
1760765241,2025-10-18T05:27:21Z,scene_007,train,true,17,180,240,data/raw/arducam/depth/1760765241.npy,data/raw/arducam/confidence/1760765241.npy,data/processed/arducam/pose_coco17/1760765241.json,
1760765242,2025-10-18T05:27:22Z,scene_007,train,true,17,180,240,data/raw/arducam/depth/1760765242.npy,data/raw/arducam/confidence/1760765242.npy,data/processed/arducam/pose_coco17/1760765242.json,
1760765285,2025-10-18T05:28:05Z,scene_007,train,true,17,180,240,data/raw/arducam/depth/1760765285.npy,data/raw/arducam/confidence/1760765285.npy,data/processed/arducam/pose_coco17/1760765285.json,
1760765286,2025-10-18T05:28:06Z,scene_007,train,true,17,180,240,data/raw/arducam/depth/1760765286.npy,data/raw/arducam/confidence/1760765286.npy,data/processed/arducam/pose_coco17/1760765286.json,
1760765287,2025-10-18T05:28:07Z,scene_007,train,true,17,180,240,data/raw/arducam/depth/1760765287.npy,data/raw/arducam/confidence/1760765287.npy,data/processed/arducam/pose_coco17/1760765287.json,
1760765288,2025-10-18T05:28:08Z,scene_007,train,true,17,180,240,data/raw/arducam/depth/1760765288.npy,data/raw/arducam/confidence/1760765288.npy,data/processed/arducam/pose_coco17/1760765288.json,
1760765289,2025-10-18T05:28:09Z,scene_007,train,true,17,180,240,data/raw/arducam/depth/1760765289.npy,data/raw/arducam/confidence/1760765289.npy,data/processed/arducam/pose_coco17/1760765289.json,
1760765290,2025-10-18T05:28:10Z,scene_007,train,true,17,180,240,data/raw/arducam/depth/1760765290.npy,data/raw/arducam/confidence/1760765290.npy,data/processed/arducam/pose_coco17/1760765290.json,
1760765291,2025-10-18T05:28:11Z,scene_007,train,true,17,180,240,data/raw/arducam/depth/1760765291.npy,data/raw/arducam/confidence/1760765291.npy,data/processed/arducam/pose_coco17/1760765291.json,
1760765292,2025-10-18T05:28:12Z,scene_007,train,true,17,180,240,data/raw/arducam/depth/1760765292.npy,data/raw/arducam/confidence/1760765292.npy,data/processed/arducam/pose_coco17/1760765292.json,
1760765293,2025-10-18T05:28:13Z,scene_007,train,true,17,180,240,data/raw/arducam/depth/1760765293.npy,data/raw/arducam/confidence/1760765293.npy,data/processed/arducam/pose_coco17/1760765293.json,
1760765294,2025-10-18T05:28:14Z,scene_007,train,true,17,180,240,data/raw/arducam/depth/1760765294.npy,data/raw/arducam/confidence/1760765294.npy,data/processed/arducam/pose_coco17/1760765294.json,
1760765295,2025-10-18T05:28:15Z,scene_007,train,true,17,180,240,data/raw/arducam/depth/1760765295.npy,data/raw/arducam/confidence/1760765295.npy,data/processed/arducam/pose_coco17/1760765295.json,
1760765296,2025-10-18T05:28:16Z,scene_007,train,true,17,180,240,data/raw/arducam/depth/1760765296.npy,data/raw/arducam/confidence/1760765296.npy,data/processed/arducam/pose_coco17/1760765296.json,
1760765297,2025-10-18T05:28:17Z,scene_007,train,true,17,180,240,data/raw/arducam/depth/1760765297.npy,data/raw/arducam/confidence/1760765297.npy,data/processed/arducam/pose_coco17/1760765297.json,
1760765298,2025-10-18T05:28:18Z,scene_007,train,true,17,180,240,data/raw/arducam/depth/1760765298.npy,data/raw/arducam/confidence/1760765298.npy,data/processed/arducam/pose_coco17/1760765298.json,
1760765299,2025-10-18T05:28:19Z,scene_007,train,true,17,180,240,data/raw/arducam/depth/1760765299.npy,data/raw/arducam/confidence/1760765299.npy,data/processed/arducam/pose_coco17/1760765299.json,
1760765300,2025-10-18T05:28:20Z,scene_007,train,true,17,180,240,data/raw/arducam/depth/1760765300.npy,data/raw/arducam/confidence/1760765300.npy,data/processed/arducam/pose_coco17/1760765300.json,
1760765301,2025-10-18T05:28:21Z,scene_007,train,true,17,180,240,data/raw/arducam/depth/1760765301.npy,data/raw/arducam/confidence/1760765301.npy,data/processed/arducam/pose_coco17/1760765301.json,
1760765302,2025-10-18T05:28:22Z,scene_007,train,true,17,180,240,data/raw/arducam/depth/1760765302.npy,data/raw/arducam/confidence/1760765302.npy,data/processed/arducam/pose_coco17/1760765302.json,
1767376499,2026-01-02T17:54:59Z,scene_008,train,true,17,180,240,data/raw/arducam/depth/1767376499.npy,data/raw/arducam/confidence/1767376499.npy,data/processed/arducam/pose_coco17/1767376499.json,
1767376500,2026-01-02T17:55:00Z,scene_008,train,true,17,180,240,data/raw/arducam/depth/1767376500.npy,data/raw/arducam/confidence/1767376500.npy,data/processed/arducam/pose_coco17/1767376500.json,
1767376501,2026-01-02T17:55:01Z,scene_008,train,true,17,180,240,data/raw/arducam/depth/1767376501.npy,data/raw/arducam/confidence/1767376501.npy,data/processed/arducam/pose_coco17/1767376501.json,
1767376502,2026-01-02T17:55:02Z,scene_008,train,true,17,180,240,data/raw/arducam/depth/1767376502.npy,data/raw/arducam/confidence/1767376502.npy,data/processed/arducam/pose_coco17/1767376502.json,
1767376503,2026-01-02T17:55:03Z,scene_008,train,true,17,180,240,data/raw/arducam/depth/1767376503.npy,data/raw/arducam/confidence/1767376503.npy,data/processed/arducam/pose_coco17/1767376503.json,
1767376504,2026-01-02T17:55:04Z,scene_008,train,true,17,180,240,data/raw/arducam/depth/1767376504.npy,data/raw/arducam/confidence/1767376504.npy,data/processed/arducam/pose_coco17/1767376504.json,
1767376505,2026-01-02T17:55:05Z,scene_008,train,true,17,180,240,data/raw/arducam/depth/1767376505.npy,data/raw/arducam/confidence/1767376505.npy,data/processed/arducam/pose_coco17/1767376505.json,
1767376506,2026-01-02T17:55:06Z,scene_008,train,true,15,180,240,data/raw/arducam/depth/1767376506.npy,data/raw/arducam/confidence/1767376506.npy,data/processed/arducam/pose_coco17/1767376506.json,
1767376520,2026-01-02T17:55:20Z,scene_008,train,true,17,180,240,data/raw/arducam/depth/1767376520.npy,data/raw/arducam/confidence/1767376520.npy,data/processed/arducam/pose_coco17/1767376520.json,
1767376521,2026-01-02T17:55:21Z,scene_008,train,true,13,180,240,data/raw/arducam/depth/1767376521.npy,data/raw/arducam/confidence/1767376521.npy,data/processed/arducam/pose_coco17/1767376521.json,
1767376522,2026-01-02T17:55:22Z,scene_008,train,true,17,180,240,data/raw/arducam/depth/1767376522.npy,data/raw/arducam/confidence/1767376522.npy,data/processed/arducam/pose_coco17/1767376522.json,
1767376523,2026-01-02T17:55:23Z,scene_008,train,true,17,180,240,data/raw/arducam/depth/1767376523.npy,data/raw/arducam/confidence/1767376523.npy,data/processed/arducam/pose_coco17/1767376523.json,
1767376524,2026-01-02T17:55:24Z,scene_008,train,true,17,180,240,data/raw/arducam/depth/1767376524.npy,data/raw/arducam/confidence/1767376524.npy,data/processed/arducam/pose_coco17/1767376524.json,
1767376525,2026-01-02T17:55:25Z,scene_008,train,true,17,180,240,data/raw/arducam/depth/1767376525.npy,data/raw/arducam/confidence/1767376525.npy,data/processed/arducam/pose_coco17/1767376525.json,
1767376526,2026-01-02T17:55:26Z,scene_008,train,true,17,180,240,data/raw/arducam/depth/1767376526.npy,data/raw/arducam/confidence/1767376526.npy,data/processed/arducam/pose_coco17/1767376526.json,
1767376527,2026-01-02T17:55:27Z,scene_008,train,true,17,180,240,data/raw/arducam/depth/1767376527.npy,data/raw/arducam/confidence/1767376527.npy,data/processed/arducam/pose_coco17/1767376527.json,
1767376528,2026-01-02T17:55:28Z,scene_008,train,true,17,180,240,data/raw/arducam/depth/1767376528.npy,data/raw/arducam/confidence/1767376528.npy,data/processed/arducam/pose_coco17/1767376528.json,
1767376529,2026-01-02T17:55:29Z,scene_008,train,true,17,180,240,data/raw/arducam/depth/1767376529.npy,data/raw/arducam/confidence/1767376529.npy,data/processed/arducam/pose_coco17/1767376529.json,
1767376530,2026-01-02T17:55:30Z,scene_008,train,true,17,180,240,data/raw/arducam/depth/1767376530.npy,data/raw/arducam/confidence/1767376530.npy,data/processed/arducam/pose_coco17/1767376530.json,
1767376531,2026-01-02T17:55:31Z,scene_008,train,true,17,180,240,data/raw/arducam/depth/1767376531.npy,data/raw/arducam/confidence/1767376531.npy,data/processed/arducam/pose_coco17/1767376531.json,
1767376532,2026-01-02T17:55:32Z,scene_008,train,true,17,180,240,data/raw/arducam/depth/1767376532.npy,data/raw/arducam/confidence/1767376532.npy,data/processed/arducam/pose_coco17/1767376532.json,
1767376533,2026-01-02T17:55:33Z,scene_008,train,true,17,180,240,data/raw/arducam/depth/1767376533.npy,data/raw/arducam/confidence/1767376533.npy,data/processed/arducam/pose_coco17/1767376533.json,
1767376534,2026-01-02T17:55:34Z,scene_008,train,true,16,180,240,data/raw/arducam/depth/1767376534.npy,data/raw/arducam/confidence/1767376534.npy,data/processed/arducam/pose_coco17/1767376534.json,
1767376535,2026-01-02T17:55:35Z,scene_008,train,true,17,180,240,data/raw/arducam/depth/1767376535.npy,data/raw/arducam/confidence/1767376535.npy,data/processed/arducam/pose_coco17/1767376535.json,
1767376536,2026-01-02T17:55:36Z,scene_008,train,true,17,180,240,data/raw/arducam/depth/1767376536.npy,data/raw/arducam/confidence/1767376536.npy,data/processed/arducam/pose_coco17/1767376536.json,
1767376537,2026-01-02T17:55:37Z,scene_008,train,true,17,180,240,data/raw/arducam/depth/1767376537.npy,data/raw/arducam/confidence/1767376537.npy,data/processed/arducam/pose_coco17/1767376537.json,
1767376538,2026-01-02T17:55:38Z,scene_008,train,true,17,180,240,data/raw/arducam/depth/1767376538.npy,data/raw/arducam/confidence/1767376538.npy,data/processed/arducam/pose_coco17/1767376538.json,
1767376539,2026-01-02T17:55:39Z,scene_008,train,true,17,180,240,data/raw/arducam/depth/1767376539.npy,data/raw/arducam/confidence/1767376539.npy,data/processed/arducam/pose_coco17/1767376539.json,
1767376540,2026-01-02T17:55:40Z,scene_008,train,true,17,180,240,data/raw/arducam/depth/1767376540.npy,data/raw/arducam/confidence/1767376540.npy,data/processed/arducam/pose_coco17/1767376540.json,
1767376541,2026-01-02T17:55:41Z,scene_008,train,true,17,180,240,data/raw/arducam/depth/1767376541.npy,data/raw/arducam/confidence/1767376541.npy,data/processed/arducam/pose_coco17/1767376541.json,
1767376542,2026-01-02T17:55:42Z,scene_008,train,true,17,180,240,data/raw/arducam/depth/1767376542.npy,data/raw/arducam/confidence/1767376542.npy,data/processed/arducam/pose_coco17/1767376542.json,
1767376543,2026-01-02T17:55:43Z,scene_008,train,true,17,180,240,data/raw/arducam/depth/1767376543.npy,data/raw/arducam/confidence/1767376543.npy,data/processed/arducam/pose_coco17/1767376543.json,
1767376544,2026-01-02T17:55:44Z,scene_008,train,true,17,180,240,data/raw/arducam/depth/1767376544.npy,data/raw/arducam/confidence/1767376544.npy,data/processed/arducam/pose_coco17/1767376544.json,
1767376545,2026-01-02T17:55:45Z,scene_008,train,true,17,180,240,data/raw/arducam/depth/1767376545.npy,data/raw/arducam/confidence/1767376545.npy,data/processed/arducam/pose_coco17/1767376545.json,
1767376546,2026-01-02T17:55:46Z,scene_008,train,true,17,180,240,data/raw/arducam/depth/1767376546.npy,data/raw/arducam/confidence/1767376546.npy,data/processed/arducam/pose_coco17/1767376546.json,
1767376547,2026-01-02T17:55:47Z,scene_008,train,true,17,180,240,data/raw/arducam/depth/1767376547.npy,data/raw/arducam/confidence/1767376547.npy,data/processed/arducam/pose_coco17/1767376547.json,
1767376548,2026-01-02T17:55:48Z,scene_008,train,true,17,180,240,data/raw/arducam/depth/1767376548.npy,data/raw/arducam/confidence/1767376548.npy,data/processed/arducam/pose_coco17/1767376548.json,
1767376549,2026-01-02T17:55:49Z,scene_008,train,true,17,180,240,data/raw/arducam/depth/1767376549.npy,data/raw/arducam/confidence/1767376549.npy,data/processed/arducam/pose_coco17/1767376549.json,
1767376550,2026-01-02T17:55:50Z,scene_008,train,true,17,180,240,data/raw/arducam/depth/1767376550.npy,data/raw/arducam/confidence/1767376550.npy,data/processed/arducam/pose_coco17/1767376550.json,
1767376551,2026-01-02T17:55:51Z,scene_008,train,true,17,180,240,data/raw/arducam/depth/1767376551.npy,data/raw/arducam/confidence/1767376551.npy,data/processed/arducam/pose_coco17/1767376551.json,
1767376552,2026-01-02T17:55:52Z,scene_008,train,true,17,180,240,data/raw/arducam/depth/1767376552.npy,data/raw/arducam/confidence/1767376552.npy,data/processed/arducam/pose_coco17/1767376552.json,
1767376553,2026-01-02T17:55:53Z,scene_008,train,true,17,180,240,data/raw/arducam/depth/1767376553.npy,data/raw/arducam/confidence/1767376553.npy,data/processed/arducam/pose_coco17/1767376553.json,
1767376554,2026-01-02T17:55:54Z,scene_008,train,true,17,180,240,data/raw/arducam/depth/1767376554.npy,data/raw/arducam/confidence/1767376554.npy,data/processed/arducam/pose_coco17/1767376554.json,
1767376555,2026-01-02T17:55:55Z,scene_008,train,true,17,180,240,data/raw/arducam/depth/1767376555.npy,data/raw/arducam/confidence/1767376555.npy,data/processed/arducam/pose_coco17/1767376555.json,
1767376556,2026-01-02T17:55:56Z,scene_008,train,true,17,180,240,data/raw/arducam/depth/1767376556.npy,data/raw/arducam/confidence/1767376556.npy,data/processed/arducam/pose_coco17/1767376556.json,
1767376557,2026-01-02T17:55:57Z,scene_008,train,true,17,180,240,data/raw/arducam/depth/1767376557.npy,data/raw/arducam/confidence/1767376557.npy,data/processed/arducam/pose_coco17/1767376557.json,
1767376558,2026-01-02T17:55:58Z,scene_008,train,true,17,180,240,data/raw/arducam/depth/1767376558.npy,data/raw/arducam/confidence/1767376558.npy,data/processed/arducam/pose_coco17/1767376558.json,
1767376559,2026-01-02T17:55:59Z,scene_008,train,true,17,180,240,data/raw/arducam/depth/1767376559.npy,data/raw/arducam/confidence/1767376559.npy,data/processed/arducam/pose_coco17/1767376559.json,
1767376560,2026-01-02T17:56:00Z,scene_008,train,true,17,180,240,data/raw/arducam/depth/1767376560.npy,data/raw/arducam/confidence/1767376560.npy,data/processed/arducam/pose_coco17/1767376560.json,
1767376561,2026-01-02T17:56:01Z,scene_008,train,true,17,180,240,data/raw/arducam/depth/1767376561.npy,data/raw/arducam/confidence/1767376561.npy,data/processed/arducam/pose_coco17/1767376561.json,
1767376562,2026-01-02T17:56:02Z,scene_008,train,true,17,180,240,data/raw/arducam/depth/1767376562.npy,data/raw/arducam/confidence/1767376562.npy,data/processed/arducam/pose_coco17/1767376562.json,
1767376563,2026-01-02T17:56:03Z,scene_008,train,true,17,180,240,data/raw/arducam/depth/1767376563.npy,data/raw/arducam/confidence/1767376563.npy,data/processed/arducam/pose_coco17/1767376563.json,
1767376564,2026-01-02T17:56:04Z,scene_008,train,true,17,180,240,data/raw/arducam/depth/1767376564.npy,data/raw/arducam/confidence/1767376564.npy,data/processed/arducam/pose_coco17/1767376564.json,
1767376565,2026-01-02T17:56:05Z,scene_008,train,true,17,180,240,data/raw/arducam/depth/1767376565.npy,data/raw/arducam/confidence/1767376565.npy,data/processed/arducam/pose_coco17/1767376565.json,
1767376566,2026-01-02T17:56:06Z,scene_008,train,true,17,180,240,data/raw/arducam/depth/1767376566.npy,data/raw/arducam/confidence/1767376566.npy,data/processed/arducam/pose_coco17/1767376566.json,
1767376567,2026-01-02T17:56:07Z,scene_008,train,true,17,180,240,data/raw/arducam/depth/1767376567.npy,data/raw/arducam/confidence/1767376567.npy,data/processed/arducam/pose_coco17/1767376567.json,
1767376568,2026-01-02T17:56:08Z,scene_008,train,true,17,180,240,data/raw/arducam/depth/1767376568.npy,data/raw/arducam/confidence/1767376568.npy,data/processed/arducam/pose_coco17/1767376568.json,
1767376569,2026-01-02T17:56:09Z,scene_008,train,true,17,180,240,data/raw/arducam/depth/1767376569.npy,data/raw/arducam/confidence/1767376569.npy,data/processed/arducam/pose_coco17/1767376569.json,
1767376570,2026-01-02T17:56:10Z,scene_008,train,true,17,180,240,data/raw/arducam/depth/1767376570.npy,data/raw/arducam/confidence/1767376570.npy,data/processed/arducam/pose_coco17/1767376570.json,
1767376571,2026-01-02T17:56:11Z,scene_008,train,true,17,180,240,data/raw/arducam/depth/1767376571.npy,data/raw/arducam/confidence/1767376571.npy,data/processed/arducam/pose_coco17/1767376571.json,
1767376572,2026-01-02T17:56:12Z,scene_008,train,true,17,180,240,data/raw/arducam/depth/1767376572.npy,data/raw/arducam/confidence/1767376572.npy,data/processed/arducam/pose_coco17/1767376572.json,
1767376573,2026-01-02T17:56:13Z,scene_008,train,true,17,180,240,data/raw/arducam/depth/1767376573.npy,data/raw/arducam/confidence/1767376573.npy,data/processed/arducam/pose_coco17/1767376573.json,
1767376574,2026-01-02T17:56:14Z,scene_008,train,true,17,180,240,data/raw/arducam/depth/1767376574.npy,data/raw/arducam/confidence/1767376574.npy,data/processed/arducam/pose_coco17/1767376574.json,
1767376575,2026-01-02T17:56:15Z,scene_008,train,true,17,180,240,data/raw/arducam/depth/1767376575.npy,data/raw/arducam/confidence/1767376575.npy,data/processed/arducam/pose_coco17/1767376575.json,
1767376576,2026-01-02T17:56:16Z,scene_008,train,true,17,180,240,data/raw/arducam/depth/1767376576.npy,data/raw/arducam/confidence/1767376576.npy,data/processed/arducam/pose_coco17/1767376576.json,
1767376577,2026-01-02T17:56:17Z,scene_008,train,true,17,180,240,data/raw/arducam/depth/1767376577.npy,data/raw/arducam/confidence/1767376577.npy,data/processed/arducam/pose_coco17/1767376577.json,
1767376578,2026-01-02T17:56:18Z,scene_008,train,true,17,180,240,data/raw/arducam/depth/1767376578.npy,data/raw/arducam/confidence/1767376578.npy,data/processed/arducam/pose_coco17/1767376578.json,
1767376579,2026-01-02T17:56:19Z,scene_008,train,true,17,180,240,data/raw/arducam/depth/1767376579.npy,data/raw/arducam/confidence/1767376579.npy,data/processed/arducam/pose_coco17/1767376579.json,
1767376580,2026-01-02T17:56:20Z,scene_008,train,true,17,180,240,data/raw/arducam/depth/1767376580.npy,data/raw/arducam/confidence/1767376580.npy,data/processed/arducam/pose_coco17/1767376580.json,
1767376581,2026-01-02T17:56:21Z,scene_008,train,true,17,180,240,data/raw/arducam/depth/1767376581.npy,data/raw/arducam/confidence/1767376581.npy,data/processed/arducam/pose_coco17/1767376581.json,
1767376582,2026-01-02T17:56:22Z,scene_008,train,true,17,180,240,data/raw/arducam/depth/1767376582.npy,data/raw/arducam/confidence/1767376582.npy,data/processed/arducam/pose_coco17/1767376582.json,
1767376583,2026-01-02T17:56:23Z,scene_008,train,true,17,180,240,data/raw/arducam/depth/1767376583.npy,data/raw/arducam/confidence/1767376583.npy,data/processed/arducam/pose_coco17/1767376583.json,
1767376584,2026-01-02T17:56:24Z,scene_008,train,true,17,180,240,data/raw/arducam/depth/1767376584.npy,data/raw/arducam/confidence/1767376584.npy,data/processed/arducam/pose_coco17/1767376584.json,
1767376585,2026-01-02T17:56:25Z,scene_008,train,true,17,180,240,data/raw/arducam/depth/1767376585.npy,data/raw/arducam/confidence/1767376585.npy,data/processed/arducam/pose_coco17/1767376585.json,
1767376586,2026-01-02T17:56:26Z,scene_008,train,true,17,180,240,data/raw/arducam/depth/1767376586.npy,data/raw/arducam/confidence/1767376586.npy,data/processed/arducam/pose_coco17/1767376586.json,
1767376587,2026-01-02T17:56:27Z,scene_008,train,true,17,180,240,data/raw/arducam/depth/1767376587.npy,data/raw/arducam/confidence/1767376587.npy,data/processed/arducam/pose_coco17/1767376587.json,
1767376588,2026-01-02T17:56:28Z,scene_008,train,true,17,180,240,data/raw/arducam/depth/1767376588.npy,data/raw/arducam/confidence/1767376588.npy,data/processed/arducam/pose_coco17/1767376588.json,
1767376589,2026-01-02T17:56:29Z,scene_008,train,true,17,180,240,data/raw/arducam/depth/1767376589.npy,data/raw/arducam/confidence/1767376589.npy,data/processed/arducam/pose_coco17/1767376589.json,
1767376590,2026-01-02T17:56:30Z,scene_008,train,true,17,180,240,data/raw/arducam/depth/1767376590.npy,data/raw/arducam/confidence/1767376590.npy,data/processed/arducam/pose_coco17/1767376590.json,
1767376591,2026-01-02T17:56:31Z,scene_008,train,true,17,180,240,data/raw/arducam/depth/1767376591.npy,data/raw/arducam/confidence/1767376591.npy,data/processed/arducam/pose_coco17/1767376591.json,
1767376592,2026-01-02T17:56:32Z,scene_008,train,true,17,180,240,data/raw/arducam/depth/1767376592.npy,data/raw/arducam/confidence/1767376592.npy,data/processed/arducam/pose_coco17/1767376592.json,
1767376593,2026-01-02T17:56:33Z,scene_008,train,true,17,180,240,data/raw/arducam/depth/1767376593.npy,data/raw/arducam/confidence/1767376593.npy,data/processed/arducam/pose_coco17/1767376593.json,
1767376594,2026-01-02T17:56:34Z,scene_008,train,true,17,180,240,data/raw/arducam/depth/1767376594.npy,data/raw/arducam/confidence/1767376594.npy,data/processed/arducam/pose_coco17/1767376594.json,
1767376595,2026-01-02T17:56:35Z,scene_008,train,true,17,180,240,data/raw/arducam/depth/1767376595.npy,data/raw/arducam/confidence/1767376595.npy,data/processed/arducam/pose_coco17/1767376595.json,
1767376596,2026-01-02T17:56:36Z,scene_008,train,true,17,180,240,data/raw/arducam/depth/1767376596.npy,data/raw/arducam/confidence/1767376596.npy,data/processed/arducam/pose_coco17/1767376596.json,
1767376597,2026-01-02T17:56:37Z,scene_008,train,true,17,180,240,data/raw/arducam/depth/1767376597.npy,data/raw/arducam/confidence/1767376597.npy,data/processed/arducam/pose_coco17/1767376597.json,
1767376598,2026-01-02T17:56:38Z,scene_008,train,true,17,180,240,data/raw/arducam/depth/1767376598.npy,data/raw/arducam/confidence/1767376598.npy,data/processed/arducam/pose_coco17/1767376598.json,
1767376599,2026-01-02T17:56:39Z,scene_008,train,true,17,180,240,data/raw/arducam/depth/1767376599.npy,data/raw/arducam/confidence/1767376599.npy,data/processed/arducam/pose_coco17/1767376599.json,
1767376600,2026-01-02T17:56:40Z,scene_008,train,true,17,180,240,data/raw/arducam/depth/1767376600.npy,data/raw/arducam/confidence/1767376600.npy,data/processed/arducam/pose_coco17/1767376600.json,
1767376601,2026-01-02T17:56:41Z,scene_008,train,true,17,180,240,data/raw/arducam/depth/1767376601.npy,data/raw/arducam/confidence/1767376601.npy,data/processed/arducam/pose_coco17/1767376601.json,
1767376602,2026-01-02T17:56:42Z,scene_008,train,true,15,180,240,data/raw/arducam/depth/1767376602.npy,data/raw/arducam/confidence/1767376602.npy,data/processed/arducam/pose_coco17/1767376602.json,
1767376603,2026-01-02T17:56:43Z,scene_008,train,true,17,180,240,data/raw/arducam/depth/1767376603.npy,data/raw/arducam/confidence/1767376603.npy,data/processed/arducam/pose_coco17/1767376603.json,
1767376604,2026-01-02T17:56:44Z,scene_008,train,true,17,180,240,data/raw/arducam/depth/1767376604.npy,data/raw/arducam/confidence/1767376604.npy,data/processed/arducam/pose_coco17/1767376604.json,
1767376605,2026-01-02T17:56:45Z,scene_008,train,true,17,180,240,data/raw/arducam/depth/1767376605.npy,data/raw/arducam/confidence/1767376605.npy,data/processed/arducam/pose_coco17/1767376605.json,
1767376606,2026-01-02T17:56:46Z,scene_008,train,true,17,180,240,data/raw/arducam/depth/1767376606.npy,data/raw/arducam/confidence/1767376606.npy,data/processed/arducam/pose_coco17/1767376606.json,
1767376607,2026-01-02T17:56:47Z,scene_008,train,true,17,180,240,data/raw/arducam/depth/1767376607.npy,data/raw/arducam/confidence/1767376607.npy,data/processed/arducam/pose_coco17/1767376607.json,
1767376608,2026-01-02T17:56:48Z,scene_008,train,true,17,180,240,data/raw/arducam/depth/1767376608.npy,data/raw/arducam/confidence/1767376608.npy,data/processed/arducam/pose_coco17/1767376608.json,
1767376609,2026-01-02T17:56:49Z,scene_008,train,true,17,180,240,data/raw/arducam/depth/1767376609.npy,data/raw/arducam/confidence/1767376609.npy,data/processed/arducam/pose_coco17/1767376609.json,
1767376610,2026-01-02T17:56:50Z,scene_008,train,true,17,180,240,data/raw/arducam/depth/1767376610.npy,data/raw/arducam/confidence/1767376610.npy,data/processed/arducam/pose_coco17/1767376610.json,
1767376611,2026-01-02T17:56:51Z,scene_008,train,true,17,180,240,data/raw/arducam/depth/1767376611.npy,data/raw/arducam/confidence/1767376611.npy,data/processed/arducam/pose_coco17/1767376611.json,
1767376612,2026-01-02T17:56:52Z,scene_008,train,true,17,180,240,data/raw/arducam/depth/1767376612.npy,data/raw/arducam/confidence/1767376612.npy,data/processed/arducam/pose_coco17/1767376612.json,
1767376613,2026-01-02T17:56:53Z,scene_008,train,true,17,180,240,data/raw/arducam/depth/1767376613.npy,data/raw/arducam/confidence/1767376613.npy,data/processed/arducam/pose_coco17/1767376613.json,
1767376614,2026-01-02T17:56:54Z,scene_008,train,true,17,180,240,data/raw/arducam/depth/1767376614.npy,data/raw/arducam/confidence/1767376614.npy,data/processed/arducam/pose_coco17/1767376614.json,
1767376615,2026-01-02T17:56:55Z,scene_008,train,true,17,180,240,data/raw/arducam/depth/1767376615.npy,data/raw/arducam/confidence/1767376615.npy,data/processed/arducam/pose_coco17/1767376615.json,
1767376616,2026-01-02T17:56:56Z,scene_008,train,true,17,180,240,data/raw/arducam/depth/1767376616.npy,data/raw/arducam/confidence/1767376616.npy,data/processed/arducam/pose_coco17/1767376616.json,
1767376617,2026-01-02T17:56:57Z,scene_008,train,true,17,180,240,data/raw/arducam/depth/1767376617.npy,data/raw/arducam/confidence/1767376617.npy,data/processed/arducam/pose_coco17/1767376617.json,
1767376618,2026-01-02T17:56:58Z,scene_008,train,true,17,180,240,data/raw/arducam/depth/1767376618.npy,data/raw/arducam/confidence/1767376618.npy,data/processed/arducam/pose_coco17/1767376618.json,
1767376619,2026-01-02T17:56:59Z,scene_008,train,true,17,180,240,data/raw/arducam/depth/1767376619.npy,data/raw/arducam/confidence/1767376619.npy,data/processed/arducam/pose_coco17/1767376619.json,
1767376620,2026-01-02T17:57:00Z,scene_008,train,true,17,180,240,data/raw/arducam/depth/1767376620.npy,data/raw/arducam/confidence/1767376620.npy,data/processed/arducam/pose_coco17/1767376620.json,
1767376621,2026-01-02T17:57:01Z,scene_008,train,true,17,180,240,data/raw/arducam/depth/1767376621.npy,data/raw/arducam/confidence/1767376621.npy,data/processed/arducam/pose_coco17/1767376621.json,
1767376622,2026-01-02T17:57:02Z,scene_008,train,true,17,180,240,data/raw/arducam/depth/1767376622.npy,data/raw/arducam/confidence/1767376622.npy,data/processed/arducam/pose_coco17/1767376622.json,
1767376623,2026-01-02T17:57:03Z,scene_008,train,true,17,180,240,data/raw/arducam/depth/1767376623.npy,data/raw/arducam/confidence/1767376623.npy,data/processed/arducam/pose_coco17/1767376623.json,
1767376624,2026-01-02T17:57:04Z,scene_008,train,true,17,180,240,data/raw/arducam/depth/1767376624.npy,data/raw/arducam/confidence/1767376624.npy,data/processed/arducam/pose_coco17/1767376624.json,
1767376625,2026-01-02T17:57:05Z,scene_008,train,true,17,180,240,data/raw/arducam/depth/1767376625.npy,data/raw/arducam/confidence/1767376625.npy,data/processed/arducam/pose_coco17/1767376625.json,
1767376626,2026-01-02T17:57:06Z,scene_008,train,true,17,180,240,data/raw/arducam/depth/1767376626.npy,data/raw/arducam/confidence/1767376626.npy,data/processed/arducam/pose_coco17/1767376626.json,
1767376627,2026-01-02T17:57:07Z,scene_008,train,true,17,180,240,data/raw/arducam/depth/1767376627.npy,data/raw/arducam/confidence/1767376627.npy,data/processed/arducam/pose_coco17/1767376627.json,
1767376628,2026-01-02T17:57:08Z,scene_008,train,true,17,180,240,data/raw/arducam/depth/1767376628.npy,data/raw/arducam/confidence/1767376628.npy,data/processed/arducam/pose_coco17/1767376628.json,
1767376629,2026-01-02T17:57:09Z,scene_008,train,true,17,180,240,data/raw/arducam/depth/1767376629.npy,data/raw/arducam/confidence/1767376629.npy,data/processed/arducam/pose_coco17/1767376629.json,
1767376630,2026-01-02T17:57:10Z,scene_008,train,true,17,180,240,data/raw/arducam/depth/1767376630.npy,data/raw/arducam/confidence/1767376630.npy,data/processed/arducam/pose_coco17/1767376630.json,
1767376631,2026-01-02T17:57:11Z,scene_008,train,true,17,180,240,data/raw/arducam/depth/1767376631.npy,data/raw/arducam/confidence/1767376631.npy,data/processed/arducam/pose_coco17/1767376631.json,
1767376632,2026-01-02T17:57:12Z,scene_008,train,true,17,180,240,data/raw/arducam/depth/1767376632.npy,data/raw/arducam/confidence/1767376632.npy,data/processed/arducam/pose_coco17/1767376632.json,
1767376633,2026-01-02T17:57:13Z,scene_008,train,true,17,180,240,data/raw/arducam/depth/1767376633.npy,data/raw/arducam/confidence/1767376633.npy,data/processed/arducam/pose_coco17/1767376633.json,
1767376634,2026-01-02T17:57:14Z,scene_008,train,true,17,180,240,data/raw/arducam/depth/1767376634.npy,data/raw/arducam/confidence/1767376634.npy,data/processed/arducam/pose_coco17/1767376634.json,
1767376635,2026-01-02T17:57:15Z,scene_008,train,true,17,180,240,data/raw/arducam/depth/1767376635.npy,data/raw/arducam/confidence/1767376635.npy,data/processed/arducam/pose_coco17/1767376635.json,
1767376636,2026-01-02T17:57:16Z,scene_008,train,true,17,180,240,data/raw/arducam/depth/1767376636.npy,data/raw/arducam/confidence/1767376636.npy,data/processed/arducam/pose_coco17/1767376636.json,
1767376637,2026-01-02T17:57:17Z,scene_008,train,true,17,180,240,data/raw/arducam/depth/1767376637.npy,data/raw/arducam/confidence/1767376637.npy,data/processed/arducam/pose_coco17/1767376637.json,
1767376638,2026-01-02T17:57:18Z,scene_008,train,true,17,180,240,data/raw/arducam/depth/1767376638.npy,data/raw/arducam/confidence/1767376638.npy,data/processed/arducam/pose_coco17/1767376638.json,
1767376639,2026-01-02T17:57:19Z,scene_008,train,true,17,180,240,data/raw/arducam/depth/1767376639.npy,data/raw/arducam/confidence/1767376639.npy,data/processed/arducam/pose_coco17/1767376639.json,
1767376640,2026-01-02T17:57:20Z,scene_008,train,true,17,180,240,data/raw/arducam/depth/1767376640.npy,data/raw/arducam/confidence/1767376640.npy,data/processed/arducam/pose_coco17/1767376640.json,
1767376641,2026-01-02T17:57:21Z,scene_008,train,true,17,180,240,data/raw/arducam/depth/1767376641.npy,data/raw/arducam/confidence/1767376641.npy,data/processed/arducam/pose_coco17/1767376641.json,
1767376642,2026-01-02T17:57:22Z,scene_008,train,true,17,180,240,data/raw/arducam/depth/1767376642.npy,data/raw/arducam/confidence/1767376642.npy,data/processed/arducam/pose_coco17/1767376642.json,
1767376643,2026-01-02T17:57:23Z,scene_008,train,true,17,180,240,data/raw/arducam/depth/1767376643.npy,data/raw/arducam/confidence/1767376643.npy,data/processed/arducam/pose_coco17/1767376643.json,
1767376644,2026-01-02T17:57:24Z,scene_008,train,true,17,180,240,data/raw/arducam/depth/1767376644.npy,data/raw/arducam/confidence/1767376644.npy,data/processed/arducam/pose_coco17/1767376644.json,
1767376645,2026-01-02T17:57:25Z,scene_008,train,true,17,180,240,data/raw/arducam/depth/1767376645.npy,data/raw/arducam/confidence/1767376645.npy,data/processed/arducam/pose_coco17/1767376645.json,
1767376646,2026-01-02T17:57:26Z,scene_008,train,true,17,180,240,data/raw/arducam/depth/1767376646.npy,data/raw/arducam/confidence/1767376646.npy,data/processed/arducam/pose_coco17/1767376646.json,
1767376647,2026-01-02T17:57:27Z,scene_008,train,true,17,180,240,data/raw/arducam/depth/1767376647.npy,data/raw/arducam/confidence/1767376647.npy,data/processed/arducam/pose_coco17/1767376647.json,
1767376648,2026-01-02T17:57:28Z,scene_008,train,true,17,180,240,data/raw/arducam/depth/1767376648.npy,data/raw/arducam/confidence/1767376648.npy,data/processed/arducam/pose_coco17/1767376648.json,
1767376649,2026-01-02T17:57:29Z,scene_008,train,true,17,180,240,data/raw/arducam/depth/1767376649.npy,data/raw/arducam/confidence/1767376649.npy,data/processed/arducam/pose_coco17/1767376649.json,
1767376650,2026-01-02T17:57:30Z,scene_008,train,true,17,180,240,data/raw/arducam/depth/1767376650.npy,data/raw/arducam/confidence/1767376650.npy,data/processed/arducam/pose_coco17/1767376650.json,
1767376651,2026-01-02T17:57:31Z,scene_008,train,true,17,180,240,data/raw/arducam/depth/1767376651.npy,data/raw/arducam/confidence/1767376651.npy,data/processed/arducam/pose_coco17/1767376651.json,
1767376652,2026-01-02T17:57:32Z,scene_008,train,true,17,180,240,data/raw/arducam/depth/1767376652.npy,data/raw/arducam/confidence/1767376652.npy,data/processed/arducam/pose_coco17/1767376652.json,
1767376653,2026-01-02T17:57:33Z,scene_008,train,true,17,180,240,data/raw/arducam/depth/1767376653.npy,data/raw/arducam/confidence/1767376653.npy,data/processed/arducam/pose_coco17/1767376653.json,
1767376654,2026-01-02T17:57:34Z,scene_008,train,true,17,180,240,data/raw/arducam/depth/1767376654.npy,data/raw/arducam/confidence/1767376654.npy,data/processed/arducam/pose_coco17/1767376654.json,
1767376655,2026-01-02T17:57:35Z,scene_008,train,true,17,180,240,data/raw/arducam/depth/1767376655.npy,data/raw/arducam/confidence/1767376655.npy,data/processed/arducam/pose_coco17/1767376655.json,
1767376656,2026-01-02T17:57:36Z,scene_008,train,true,17,180,240,data/raw/arducam/depth/1767376656.npy,data/raw/arducam/confidence/1767376656.npy,data/processed/arducam/pose_coco17/1767376656.json,
1767376657,2026-01-02T17:57:37Z,scene_008,train,true,17,180,240,data/raw/arducam/depth/1767376657.npy,data/raw/arducam/confidence/1767376657.npy,data/processed/arducam/pose_coco17/1767376657.json,
1767376658,2026-01-02T17:57:38Z,scene_008,train,true,17,180,240,data/raw/arducam/depth/1767376658.npy,data/raw/arducam/confidence/1767376658.npy,data/processed/arducam/pose_coco17/1767376658.json,
1767376659,2026-01-02T17:57:39Z,scene_008,train,true,17,180,240,data/raw/arducam/depth/1767376659.npy,data/raw/arducam/confidence/1767376659.npy,data/processed/arducam/pose_coco17/1767376659.json,
1767376660,2026-01-02T17:57:40Z,scene_008,train,true,17,180,240,data/raw/arducam/depth/1767376660.npy,data/raw/arducam/confidence/1767376660.npy,data/processed/arducam/pose_coco17/1767376660.json,
1767376661,2026-01-02T17:57:41Z,scene_008,train,true,17,180,240,data/raw/arducam/depth/1767376661.npy,data/raw/arducam/confidence/1767376661.npy,data/processed/arducam/pose_coco17/1767376661.json,
1767376662,2026-01-02T17:57:42Z,scene_008,train,true,17,180,240,data/raw/arducam/depth/1767376662.npy,data/raw/arducam/confidence/1767376662.npy,data/processed/arducam/pose_coco17/1767376662.json,
1767376663,2026-01-02T17:57:43Z,scene_008,train,true,17,180,240,data/raw/arducam/depth/1767376663.npy,data/raw/arducam/confidence/1767376663.npy,data/processed/arducam/pose_coco17/1767376663.json,
1767376664,2026-01-02T17:57:44Z,scene_008,train,true,17,180,240,data/raw/arducam/depth/1767376664.npy,data/raw/arducam/confidence/1767376664.npy,data/processed/arducam/pose_coco17/1767376664.json,
1767376665,2026-01-02T17:57:45Z,scene_008,train,true,17,180,240,data/raw/arducam/depth/1767376665.npy,data/raw/arducam/confidence/1767376665.npy,data/processed/arducam/pose_coco17/1767376665.json,
1767376666,2026-01-02T17:57:46Z,scene_008,train,true,17,180,240,data/raw/arducam/depth/1767376666.npy,data/raw/arducam/confidence/1767376666.npy,data/processed/arducam/pose_coco17/1767376666.json,
1767376667,2026-01-02T17:57:47Z,scene_008,train,true,17,180,240,data/raw/arducam/depth/1767376667.npy,data/raw/arducam/confidence/1767376667.npy,data/processed/arducam/pose_coco17/1767376667.json,
1767376668,2026-01-02T17:57:48Z,scene_008,train,true,17,180,240,data/raw/arducam/depth/1767376668.npy,data/raw/arducam/confidence/1767376668.npy,data/processed/arducam/pose_coco17/1767376668.json,
1767376669,2026-01-02T17:57:49Z,scene_008,train,true,17,180,240,data/raw/arducam/depth/1767376669.npy,data/raw/arducam/confidence/1767376669.npy,data/processed/arducam/pose_coco17/1767376669.json,
1767376670,2026-01-02T17:57:50Z,scene_008,train,true,17,180,240,data/raw/arducam/depth/1767376670.npy,data/raw/arducam/confidence/1767376670.npy,data/processed/arducam/pose_coco17/1767376670.json,
1767376671,2026-01-02T17:57:51Z,scene_008,train,true,17,180,240,data/raw/arducam/depth/1767376671.npy,data/raw/arducam/confidence/1767376671.npy,data/processed/arducam/pose_coco17/1767376671.json,
1767376672,2026-01-02T17:57:52Z,scene_008,train,true,17,180,240,data/raw/arducam/depth/1767376672.npy,data/raw/arducam/confidence/1767376672.npy,data/processed/arducam/pose_coco17/1767376672.json,
1767376673,2026-01-02T17:57:53Z,scene_008,train,true,17,180,240,data/raw/arducam/depth/1767376673.npy,data/raw/arducam/confidence/1767376673.npy,data/processed/arducam/pose_coco17/1767376673.json,
1767376674,2026-01-02T17:57:54Z,scene_008,train,true,17,180,240,data/raw/arducam/depth/1767376674.npy,data/raw/arducam/confidence/1767376674.npy,data/processed/arducam/pose_coco17/1767376674.json,
1767376675,2026-01-02T17:57:55Z,scene_008,train,true,17,180,240,data/raw/arducam/depth/1767376675.npy,data/raw/arducam/confidence/1767376675.npy,data/processed/arducam/pose_coco17/1767376675.json,
1767376676,2026-01-02T17:57:56Z,scene_008,train,true,17,180,240,data/raw/arducam/depth/1767376676.npy,data/raw/arducam/confidence/1767376676.npy,data/processed/arducam/pose_coco17/1767376676.json,
1767376677,2026-01-02T17:57:57Z,scene_008,train,true,17,180,240,data/raw/arducam/depth/1767376677.npy,data/raw/arducam/confidence/1767376677.npy,data/processed/arducam/pose_coco17/1767376677.json,
1767376678,2026-01-02T17:57:58Z,scene_008,train,true,17,180,240,data/raw/arducam/depth/1767376678.npy,data/raw/arducam/confidence/1767376678.npy,data/processed/arducam/pose_coco17/1767376678.json,
1767376679,2026-01-02T17:57:59Z,scene_008,train,true,17,180,240,data/raw/arducam/depth/1767376679.npy,data/raw/arducam/confidence/1767376679.npy,data/processed/arducam/pose_coco17/1767376679.json,
1767376680,2026-01-02T17:58:00Z,scene_008,train,true,17,180,240,data/raw/arducam/depth/1767376680.npy,data/raw/arducam/confidence/1767376680.npy,data/processed/arducam/pose_coco17/1767376680.json,
1767376681,2026-01-02T17:58:01Z,scene_008,train,true,17,180,240,data/raw/arducam/depth/1767376681.npy,data/raw/arducam/confidence/1767376681.npy,data/processed/arducam/pose_coco17/1767376681.json,
1767376682,2026-01-02T17:58:02Z,scene_008,train,true,17,180,240,data/raw/arducam/depth/1767376682.npy,data/raw/arducam/confidence/1767376682.npy,data/processed/arducam/pose_coco17/1767376682.json,
1767376683,2026-01-02T17:58:03Z,scene_008,train,true,17,180,240,data/raw/arducam/depth/1767376683.npy,data/raw/arducam/confidence/1767376683.npy,data/processed/arducam/pose_coco17/1767376683.json,
1767376684,2026-01-02T17:58:04Z,scene_008,train,true,17,180,240,data/raw/arducam/depth/1767376684.npy,data/raw/arducam/confidence/1767376684.npy,data/processed/arducam/pose_coco17/1767376684.json,
1767376685,2026-01-02T17:58:05Z,scene_008,train,true,17,180,240,data/raw/arducam/depth/1767376685.npy,data/raw/arducam/confidence/1767376685.npy,data/processed/arducam/pose_coco17/1767376685.json,
1767376686,2026-01-02T17:58:06Z,scene_008,train,true,17,180,240,data/raw/arducam/depth/1767376686.npy,data/raw/arducam/confidence/1767376686.npy,data/processed/arducam/pose_coco17/1767376686.json,
1767376687,2026-01-02T17:58:07Z,scene_008,train,true,17,180,240,data/raw/arducam/depth/1767376687.npy,data/raw/arducam/confidence/1767376687.npy,data/processed/arducam/pose_coco17/1767376687.json,
1767376688,2026-01-02T17:58:08Z,scene_008,train,true,17,180,240,data/raw/arducam/depth/1767376688.npy,data/raw/arducam/confidence/1767376688.npy,data/processed/arducam/pose_coco17/1767376688.json,
1767376689,2026-01-02T17:58:09Z,scene_008,train,true,17,180,240,data/raw/arducam/depth/1767376689.npy,data/raw/arducam/confidence/1767376689.npy,data/processed/arducam/pose_coco17/1767376689.json,
1767376690,2026-01-02T17:58:10Z,scene_008,train,true,17,180,240,data/raw/arducam/depth/1767376690.npy,data/raw/arducam/confidence/1767376690.npy,data/processed/arducam/pose_coco17/1767376690.json,
1767376691,2026-01-02T17:58:11Z,scene_008,train,true,17,180,240,data/raw/arducam/depth/1767376691.npy,data/raw/arducam/confidence/1767376691.npy,data/processed/arducam/pose_coco17/1767376691.json,
1767376692,2026-01-02T17:58:12Z,scene_008,train,true,17,180,240,data/raw/arducam/depth/1767376692.npy,data/raw/arducam/confidence/1767376692.npy,data/processed/arducam/pose_coco17/1767376692.json,
1767376693,2026-01-02T17:58:13Z,scene_008,train,true,17,180,240,data/raw/arducam/depth/1767376693.npy,data/raw/arducam/confidence/1767376693.npy,data/processed/arducam/pose_coco17/1767376693.json,
1767376694,2026-01-02T17:58:14Z,scene_008,train,true,17,180,240,data/raw/arducam/depth/1767376694.npy,data/raw/arducam/confidence/1767376694.npy,data/processed/arducam/pose_coco17/1767376694.json,
1767376695,2026-01-02T17:58:15Z,scene_008,train,true,17,180,240,data/raw/arducam/depth/1767376695.npy,data/raw/arducam/confidence/1767376695.npy,data/processed/arducam/pose_coco17/1767376695.json,
1767376696,2026-01-02T17:58:16Z,scene_008,train,true,17,180,240,data/raw/arducam/depth/1767376696.npy,data/raw/arducam/confidence/1767376696.npy,data/processed/arducam/pose_coco17/1767376696.json,
1767376697,2026-01-02T17:58:17Z,scene_008,train,true,17,180,240,data/raw/arducam/depth/1767376697.npy,data/raw/arducam/confidence/1767376697.npy,data/processed/arducam/pose_coco17/1767376697.json,
1767376698,2026-01-02T17:58:18Z,scene_008,train,true,17,180,240,data/raw/arducam/depth/1767376698.npy,data/raw/arducam/confidence/1767376698.npy,data/processed/arducam/pose_coco17/1767376698.json,
1767376699,2026-01-02T17:58:19Z,scene_008,train,true,17,180,240,data/raw/arducam/depth/1767376699.npy,data/raw/arducam/confidence/1767376699.npy,data/processed/arducam/pose_coco17/1767376699.json,
1767376700,2026-01-02T17:58:20Z,scene_008,train,true,17,180,240,data/raw/arducam/depth/1767376700.npy,data/raw/arducam/confidence/1767376700.npy,data/processed/arducam/pose_coco17/1767376700.json,
1767376701,2026-01-02T17:58:21Z,scene_008,train,true,17,180,240,data/raw/arducam/depth/1767376701.npy,data/raw/arducam/confidence/1767376701.npy,data/processed/arducam/pose_coco17/1767376701.json,
1767376702,2026-01-02T17:58:22Z,scene_008,train,true,17,180,240,data/raw/arducam/depth/1767376702.npy,data/raw/arducam/confidence/1767376702.npy,data/processed/arducam/pose_coco17/1767376702.json,
1767376703,2026-01-02T17:58:23Z,scene_008,train,true,17,180,240,data/raw/arducam/depth/1767376703.npy,data/raw/arducam/confidence/1767376703.npy,data/processed/arducam/pose_coco17/1767376703.json,
1767376704,2026-01-02T17:58:24Z,scene_008,train,true,17,180,240,data/raw/arducam/depth/1767376704.npy,data/raw/arducam/confidence/1767376704.npy,data/processed/arducam/pose_coco17/1767376704.json,
1767376705,2026-01-02T17:58:25Z,scene_008,train,true,17,180,240,data/raw/arducam/depth/1767376705.npy,data/raw/arducam/confidence/1767376705.npy,data/processed/arducam/pose_coco17/1767376705.json,
1767376706,2026-01-02T17:58:26Z,scene_008,train,true,17,180,240,data/raw/arducam/depth/1767376706.npy,data/raw/arducam/confidence/1767376706.npy,data/processed/arducam/pose_coco17/1767376706.json,
1767376707,2026-01-02T17:58:27Z,scene_008,train,true,16,180,240,data/raw/arducam/depth/1767376707.npy,data/raw/arducam/confidence/1767376707.npy,data/processed/arducam/pose_coco17/1767376707.json,
1767376708,2026-01-02T17:58:28Z,scene_008,train,true,17,180,240,data/raw/arducam/depth/1767376708.npy,data/raw/arducam/confidence/1767376708.npy,data/processed/arducam/pose_coco17/1767376708.json,
1767376709,2026-01-02T17:58:29Z,scene_008,train,true,17,180,240,data/raw/arducam/depth/1767376709.npy,data/raw/arducam/confidence/1767376709.npy,data/processed/arducam/pose_coco17/1767376709.json,
1767376710,2026-01-02T17:58:30Z,scene_008,train,true,17,180,240,data/raw/arducam/depth/1767376710.npy,data/raw/arducam/confidence/1767376710.npy,data/processed/arducam/pose_coco17/1767376710.json,
1767376711,2026-01-02T17:58:31Z,scene_008,train,true,17,180,240,data/raw/arducam/depth/1767376711.npy,data/raw/arducam/confidence/1767376711.npy,data/processed/arducam/pose_coco17/1767376711.json,
1767376712,2026-01-02T17:58:32Z,scene_008,train,true,17,180,240,data/raw/arducam/depth/1767376712.npy,data/raw/arducam/confidence/1767376712.npy,data/processed/arducam/pose_coco17/1767376712.json,
1767376713,2026-01-02T17:58:33Z,scene_008,train,true,17,180,240,data/raw/arducam/depth/1767376713.npy,data/raw/arducam/confidence/1767376713.npy,data/processed/arducam/pose_coco17/1767376713.json,
1767376714,2026-01-02T17:58:34Z,scene_008,train,true,17,180,240,data/raw/arducam/depth/1767376714.npy,data/raw/arducam/confidence/1767376714.npy,data/processed/arducam/pose_coco17/1767376714.json,
1767376715,2026-01-02T17:58:35Z,scene_008,train,true,17,180,240,data/raw/arducam/depth/1767376715.npy,data/raw/arducam/confidence/1767376715.npy,data/processed/arducam/pose_coco17/1767376715.json,
1767376716,2026-01-02T17:58:36Z,scene_008,train,true,17,180,240,data/raw/arducam/depth/1767376716.npy,data/raw/arducam/confidence/1767376716.npy,data/processed/arducam/pose_coco17/1767376716.json,
1767376717,2026-01-02T17:58:37Z,scene_008,train,true,17,180,240,data/raw/arducam/depth/1767376717.npy,data/raw/arducam/confidence/1767376717.npy,data/processed/arducam/pose_coco17/1767376717.json,
1767376718,2026-01-02T17:58:38Z,scene_008,train,true,17,180,240,data/raw/arducam/depth/1767376718.npy,data/raw/arducam/confidence/1767376718.npy,data/processed/arducam/pose_coco17/1767376718.json,
1767376719,2026-01-02T17:58:39Z,scene_008,train,true,17,180,240,data/raw/arducam/depth/1767376719.npy,data/raw/arducam/confidence/1767376719.npy,data/processed/arducam/pose_coco17/1767376719.json,
1767376720,2026-01-02T17:58:40Z,scene_008,train,true,17,180,240,data/raw/arducam/depth/1767376720.npy,data/raw/arducam/confidence/1767376720.npy,data/processed/arducam/pose_coco17/1767376720.json,
1767376721,2026-01-02T17:58:41Z,scene_008,train,true,17,180,240,data/raw/arducam/depth/1767376721.npy,data/raw/arducam/confidence/1767376721.npy,data/processed/arducam/pose_coco17/1767376721.json,
1767376722,2026-01-02T17:58:42Z,scene_008,train,true,17,180,240,data/raw/arducam/depth/1767376722.npy,data/raw/arducam/confidence/1767376722.npy,data/processed/arducam/pose_coco17/1767376722.json,
1767376723,2026-01-02T17:58:43Z,scene_008,train,true,17,180,240,data/raw/arducam/depth/1767376723.npy,data/raw/arducam/confidence/1767376723.npy,data/processed/arducam/pose_coco17/1767376723.json,
1767376724,2026-01-02T17:58:44Z,scene_008,train,true,17,180,240,data/raw/arducam/depth/1767376724.npy,data/raw/arducam/confidence/1767376724.npy,data/processed/arducam/pose_coco17/1767376724.json,
1767376725,2026-01-02T17:58:45Z,scene_008,train,true,17,180,240,data/raw/arducam/depth/1767376725.npy,data/raw/arducam/confidence/1767376725.npy,data/processed/arducam/pose_coco17/1767376725.json,
1767376726,2026-01-02T17:58:46Z,scene_008,train,true,17,180,240,data/raw/arducam/depth/1767376726.npy,data/raw/arducam/confidence/1767376726.npy,data/processed/arducam/pose_coco17/1767376726.json,
1767376727,2026-01-02T17:58:47Z,scene_008,train,true,17,180,240,data/raw/arducam/depth/1767376727.npy,data/raw/arducam/confidence/1767376727.npy,data/processed/arducam/pose_coco17/1767376727.json,
1767376728,2026-01-02T17:58:48Z,scene_008,train,true,17,180,240,data/raw/arducam/depth/1767376728.npy,data/raw/arducam/confidence/1767376728.npy,data/processed/arducam/pose_coco17/1767376728.json,
1767376729,2026-01-02T17:58:49Z,scene_008,train,true,17,180,240,data/raw/arducam/depth/1767376729.npy,data/raw/arducam/confidence/1767376729.npy,data/processed/arducam/pose_coco17/1767376729.json,
1767376730,2026-01-02T17:58:50Z,scene_008,train,true,17,180,240,data/raw/arducam/depth/1767376730.npy,data/raw/arducam/confidence/1767376730.npy,data/processed/arducam/pose_coco17/1767376730.json,
1767376731,2026-01-02T17:58:51Z,scene_008,train,true,17,180,240,data/raw/arducam/depth/1767376731.npy,data/raw/arducam/confidence/1767376731.npy,data/processed/arducam/pose_coco17/1767376731.json,
1767376732,2026-01-02T17:58:52Z,scene_008,train,true,17,180,240,data/raw/arducam/depth/1767376732.npy,data/raw/arducam/confidence/1767376732.npy,data/processed/arducam/pose_coco17/1767376732.json,
1767376733,2026-01-02T17:58:53Z,scene_008,train,true,17,180,240,data/raw/arducam/depth/1767376733.npy,data/raw/arducam/confidence/1767376733.npy,data/processed/arducam/pose_coco17/1767376733.json,
1767376734,2026-01-02T17:58:54Z,scene_008,train,true,17,180,240,data/raw/arducam/depth/1767376734.npy,data/raw/arducam/confidence/1767376734.npy,data/processed/arducam/pose_coco17/1767376734.json,
1767376735,2026-01-02T17:58:55Z,scene_008,train,true,17,180,240,data/raw/arducam/depth/1767376735.npy,data/raw/arducam/confidence/1767376735.npy,data/processed/arducam/pose_coco17/1767376735.json,
1767376736,2026-01-02T17:58:56Z,scene_008,train,true,17,180,240,data/raw/arducam/depth/1767376736.npy,data/raw/arducam/confidence/1767376736.npy,data/processed/arducam/pose_coco17/1767376736.json,
1767376737,2026-01-02T17:58:57Z,scene_008,train,true,17,180,240,data/raw/arducam/depth/1767376737.npy,data/raw/arducam/confidence/1767376737.npy,data/processed/arducam/pose_coco17/1767376737.json,
1767376738,2026-01-02T17:58:58Z,scene_008,train,true,17,180,240,data/raw/arducam/depth/1767376738.npy,data/raw/arducam/confidence/1767376738.npy,data/processed/arducam/pose_coco17/1767376738.json,
1767376739,2026-01-02T17:58:59Z,scene_008,train,true,17,180,240,data/raw/arducam/depth/1767376739.npy,data/raw/arducam/confidence/1767376739.npy,data/processed/arducam/pose_coco17/1767376739.json,
1767376740,2026-01-02T17:59:00Z,scene_008,train,true,17,180,240,data/raw/arducam/depth/1767376740.npy,data/raw/arducam/confidence/1767376740.npy,data/processed/arducam/pose_coco17/1767376740.json,
1767376741,2026-01-02T17:59:01Z,scene_008,train,true,17,180,240,data/raw/arducam/depth/1767376741.npy,data/raw/arducam/confidence/1767376741.npy,data/processed/arducam/pose_coco17/1767376741.json,
1767376742,2026-01-02T17:59:02Z,scene_008,train,true,17,180,240,data/raw/arducam/depth/1767376742.npy,data/raw/arducam/confidence/1767376742.npy,data/processed/arducam/pose_coco17/1767376742.json,
1767376743,2026-01-02T17:59:03Z,scene_008,train,true,17,180,240,data/raw/arducam/depth/1767376743.npy,data/raw/arducam/confidence/1767376743.npy,data/processed/arducam/pose_coco17/1767376743.json,
1767376744,2026-01-02T17:59:04Z,scene_008,train,true,17,180,240,data/raw/arducam/depth/1767376744.npy,data/raw/arducam/confidence/1767376744.npy,data/processed/arducam/pose_coco17/1767376744.json,
1767376745,2026-01-02T17:59:05Z,scene_008,train,true,17,180,240,data/raw/arducam/depth/1767376745.npy,data/raw/arducam/confidence/1767376745.npy,data/processed/arducam/pose_coco17/1767376745.json,
1767376746,2026-01-02T17:59:06Z,scene_008,train,true,17,180,240,data/raw/arducam/depth/1767376746.npy,data/raw/arducam/confidence/1767376746.npy,data/processed/arducam/pose_coco17/1767376746.json,
1767376747,2026-01-02T17:59:07Z,scene_008,train,true,17,180,240,data/raw/arducam/depth/1767376747.npy,data/raw/arducam/confidence/1767376747.npy,data/processed/arducam/pose_coco17/1767376747.json,
1767376748,2026-01-02T17:59:08Z,scene_008,train,true,17,180,240,data/raw/arducam/depth/1767376748.npy,data/raw/arducam/confidence/1767376748.npy,data/processed/arducam/pose_coco17/1767376748.json,
1767376749,2026-01-02T17:59:09Z,scene_008,train,true,17,180,240,data/raw/arducam/depth/1767376749.npy,data/raw/arducam/confidence/1767376749.npy,data/processed/arducam/pose_coco17/1767376749.json,
1767376750,2026-01-02T17:59:10Z,scene_008,train,true,17,180,240,data/raw/arducam/depth/1767376750.npy,data/raw/arducam/confidence/1767376750.npy,data/processed/arducam/pose_coco17/1767376750.json,
1767376751,2026-01-02T17:59:11Z,scene_008,train,true,17,180,240,data/raw/arducam/depth/1767376751.npy,data/raw/arducam/confidence/1767376751.npy,data/processed/arducam/pose_coco17/1767376751.json,
1767376752,2026-01-02T17:59:12Z,scene_008,train,true,17,180,240,data/raw/arducam/depth/1767376752.npy,data/raw/arducam/confidence/1767376752.npy,data/processed/arducam/pose_coco17/1767376752.json,
1767376753,2026-01-02T17:59:13Z,scene_008,train,true,17,180,240,data/raw/arducam/depth/1767376753.npy,data/raw/arducam/confidence/1767376753.npy,data/processed/arducam/pose_coco17/1767376753.json,
1767376754,2026-01-02T17:59:14Z,scene_008,train,true,17,180,240,data/raw/arducam/depth/1767376754.npy,data/raw/arducam/confidence/1767376754.npy,data/processed/arducam/pose_coco17/1767376754.json,
1767376755,2026-01-02T17:59:15Z,scene_008,train,true,17,180,240,data/raw/arducam/depth/1767376755.npy,data/raw/arducam/confidence/1767376755.npy,data/processed/arducam/pose_coco17/1767376755.json,
1767376756,2026-01-02T17:59:16Z,scene_008,train,true,17,180,240,data/raw/arducam/depth/1767376756.npy,data/raw/arducam/confidence/1767376756.npy,data/processed/arducam/pose_coco17/1767376756.json,
1767376757,2026-01-02T17:59:17Z,scene_008,train,true,17,180,240,data/raw/arducam/depth/1767376757.npy,data/raw/arducam/confidence/1767376757.npy,data/processed/arducam/pose_coco17/1767376757.json,
1767376758,2026-01-02T17:59:18Z,scene_008,train,true,17,180,240,data/raw/arducam/depth/1767376758.npy,data/raw/arducam/confidence/1767376758.npy,data/processed/arducam/pose_coco17/1767376758.json,
1767376759,2026-01-02T17:59:19Z,scene_008,train,true,17,180,240,data/raw/arducam/depth/1767376759.npy,data/raw/arducam/confidence/1767376759.npy,data/processed/arducam/pose_coco17/1767376759.json,
1767376760,2026-01-02T17:59:20Z,scene_008,train,true,17,180,240,data/raw/arducam/depth/1767376760.npy,data/raw/arducam/confidence/1767376760.npy,data/processed/arducam/pose_coco17/1767376760.json,
1767376761,2026-01-02T17:59:21Z,scene_008,train,true,17,180,240,data/raw/arducam/depth/1767376761.npy,data/raw/arducam/confidence/1767376761.npy,data/processed/arducam/pose_coco17/1767376761.json,
1767376762,2026-01-02T17:59:22Z,scene_008,train,true,17,180,240,data/raw/arducam/depth/1767376762.npy,data/raw/arducam/confidence/1767376762.npy,data/processed/arducam/pose_coco17/1767376762.json,
1767376763,2026-01-02T17:59:23Z,scene_008,train,true,17,180,240,data/raw/arducam/depth/1767376763.npy,data/raw/arducam/confidence/1767376763.npy,data/processed/arducam/pose_coco17/1767376763.json,
1767376764,2026-01-02T17:59:24Z,scene_008,train,true,17,180,240,data/raw/arducam/depth/1767376764.npy,data/raw/arducam/confidence/1767376764.npy,data/processed/arducam/pose_coco17/1767376764.json,
1767376765,2026-01-02T17:59:25Z,scene_008,train,true,17,180,240,data/raw/arducam/depth/1767376765.npy,data/raw/arducam/confidence/1767376765.npy,data/processed/arducam/pose_coco17/1767376765.json,
1767376766,2026-01-02T17:59:26Z,scene_008,train,true,17,180,240,data/raw/arducam/depth/1767376766.npy,data/raw/arducam/confidence/1767376766.npy,data/processed/arducam/pose_coco17/1767376766.json,
1767376767,2026-01-02T17:59:27Z,scene_008,train,true,17,180,240,data/raw/arducam/depth/1767376767.npy,data/raw/arducam/confidence/1767376767.npy,data/processed/arducam/pose_coco17/1767376767.json,
1767376768,2026-01-02T17:59:28Z,scene_008,train,true,17,180,240,data/raw/arducam/depth/1767376768.npy,data/raw/arducam/confidence/1767376768.npy,data/processed/arducam/pose_coco17/1767376768.json,
1767376769,2026-01-02T17:59:29Z,scene_008,train,true,17,180,240,data/raw/arducam/depth/1767376769.npy,data/raw/arducam/confidence/1767376769.npy,data/processed/arducam/pose_coco17/1767376769.json,
1767376770,2026-01-02T17:59:30Z,scene_008,train,true,17,180,240,data/raw/arducam/depth/1767376770.npy,data/raw/arducam/confidence/1767376770.npy,data/processed/arducam/pose_coco17/1767376770.json,
1767376771,2026-01-02T17:59:31Z,scene_008,train,true,15,180,240,data/raw/arducam/depth/1767376771.npy,data/raw/arducam/confidence/1767376771.npy,data/processed/arducam/pose_coco17/1767376771.json,
1767376772,2026-01-02T17:59:32Z,scene_008,train,true,12,180,240,data/raw/arducam/depth/1767376772.npy,data/raw/arducam/confidence/1767376772.npy,data/processed/arducam/pose_coco17/1767376772.json,
1767376773,2026-01-02T17:59:33Z,scene_008,train,true,14,180,240,data/raw/arducam/depth/1767376773.npy,data/raw/arducam/confidence/1767376773.npy,data/processed/arducam/pose_coco17/1767376773.json,
1767376774,2026-01-02T17:59:34Z,scene_008,train,true,15,180,240,data/raw/arducam/depth/1767376774.npy,data/raw/arducam/confidence/1767376774.npy,data/processed/arducam/pose_coco17/1767376774.json,
1767376775,2026-01-02T17:59:35Z,scene_008,train,true,17,180,240,data/raw/arducam/depth/1767376775.npy,data/raw/arducam/confidence/1767376775.npy,data/processed/arducam/pose_coco17/1767376775.json,
1767376776,2026-01-02T17:59:36Z,scene_008,train,true,17,180,240,data/raw/arducam/depth/1767376776.npy,data/raw/arducam/confidence/1767376776.npy,data/processed/arducam/pose_coco17/1767376776.json,
1767376777,2026-01-02T17:59:37Z,scene_008,train,true,17,180,240,data/raw/arducam/depth/1767376777.npy,data/raw/arducam/confidence/1767376777.npy,data/processed/arducam/pose_coco17/1767376777.json,
1767376778,2026-01-02T17:59:38Z,scene_008,train,true,17,180,240,data/raw/arducam/depth/1767376778.npy,data/raw/arducam/confidence/1767376778.npy,data/processed/arducam/pose_coco17/1767376778.json,
1767376779,2026-01-02T17:59:39Z,scene_008,train,true,17,180,240,data/raw/arducam/depth/1767376779.npy,data/raw/arducam/confidence/1767376779.npy,data/processed/arducam/pose_coco17/1767376779.json,
1767376780,2026-01-02T17:59:40Z,scene_008,train,true,17,180,240,data/raw/arducam/depth/1767376780.npy,data/raw/arducam/confidence/1767376780.npy,data/processed/arducam/pose_coco17/1767376780.json,
1767376781,2026-01-02T17:59:41Z,scene_008,train,true,17,180,240,data/raw/arducam/depth/1767376781.npy,data/raw/arducam/confidence/1767376781.npy,data/processed/arducam/pose_coco17/1767376781.json,
1767376782,2026-01-02T17:59:42Z,scene_008,train,true,17,180,240,data/raw/arducam/depth/1767376782.npy,data/raw/arducam/confidence/1767376782.npy,data/processed/arducam/pose_coco17/1767376782.json,
1767376783,2026-01-02T17:59:43Z,scene_008,train,true,17,180,240,data/raw/arducam/depth/1767376783.npy,data/raw/arducam/confidence/1767376783.npy,data/processed/arducam/pose_coco17/1767376783.json,
1767376784,2026-01-02T17:59:44Z,scene_008,train,true,17,180,240,data/raw/arducam/depth/1767376784.npy,data/raw/arducam/confidence/1767376784.npy,data/processed/arducam/pose_coco17/1767376784.json,
1767376785,2026-01-02T17:59:45Z,scene_008,train,true,17,180,240,data/raw/arducam/depth/1767376785.npy,data/raw/arducam/confidence/1767376785.npy,data/processed/arducam/pose_coco17/1767376785.json,
1767376786,2026-01-02T17:59:46Z,scene_008,train,true,17,180,240,data/raw/arducam/depth/1767376786.npy,data/raw/arducam/confidence/1767376786.npy,data/processed/arducam/pose_coco17/1767376786.json,
1767376787,2026-01-02T17:59:47Z,scene_008,train,true,17,180,240,data/raw/arducam/depth/1767376787.npy,data/raw/arducam/confidence/1767376787.npy,data/processed/arducam/pose_coco17/1767376787.json,
1767376788,2026-01-02T17:59:48Z,scene_008,train,true,17,180,240,data/raw/arducam/depth/1767376788.npy,data/raw/arducam/confidence/1767376788.npy,data/processed/arducam/pose_coco17/1767376788.json,
1767376789,2026-01-02T17:59:49Z,scene_008,train,true,17,180,240,data/raw/arducam/depth/1767376789.npy,data/raw/arducam/confidence/1767376789.npy,data/processed/arducam/pose_coco17/1767376789.json,
1767376790,2026-01-02T17:59:50Z,scene_008,train,true,17,180,240,data/raw/arducam/depth/1767376790.npy,data/raw/arducam/confidence/1767376790.npy,data/processed/arducam/pose_coco17/1767376790.json,
1767376791,2026-01-02T17:59:51Z,scene_008,train,true,17,180,240,data/raw/arducam/depth/1767376791.npy,data/raw/arducam/confidence/1767376791.npy,data/processed/arducam/pose_coco17/1767376791.json,
1767376792,2026-01-02T17:59:52Z,scene_008,train,true,17,180,240,data/raw/arducam/depth/1767376792.npy,data/raw/arducam/confidence/1767376792.npy,data/processed/arducam/pose_coco17/1767376792.json,
1767376793,2026-01-02T17:59:53Z,scene_008,train,true,17,180,240,data/raw/arducam/depth/1767376793.npy,data/raw/arducam/confidence/1767376793.npy,data/processed/arducam/pose_coco17/1767376793.json,
1767376794,2026-01-02T17:59:54Z,scene_008,train,true,17,180,240,data/raw/arducam/depth/1767376794.npy,data/raw/arducam/confidence/1767376794.npy,data/processed/arducam/pose_coco17/1767376794.json,
1767376795,2026-01-02T17:59:55Z,scene_008,train,true,17,180,240,data/raw/arducam/depth/1767376795.npy,data/raw/arducam/confidence/1767376795.npy,data/processed/arducam/pose_coco17/1767376795.json,
1767376796,2026-01-02T17:59:56Z,scene_008,train,true,17,180,240,data/raw/arducam/depth/1767376796.npy,data/raw/arducam/confidence/1767376796.npy,data/processed/arducam/pose_coco17/1767376796.json,
1767376797,2026-01-02T17:59:57Z,scene_008,train,true,17,180,240,data/raw/arducam/depth/1767376797.npy,data/raw/arducam/confidence/1767376797.npy,data/processed/arducam/pose_coco17/1767376797.json,
1767376798,2026-01-02T17:59:58Z,scene_008,train,true,17,180,240,data/raw/arducam/depth/1767376798.npy,data/raw/arducam/confidence/1767376798.npy,data/processed/arducam/pose_coco17/1767376798.json,
1767376799,2026-01-02T17:59:59Z,scene_008,train,true,17,180,240,data/raw/arducam/depth/1767376799.npy,data/raw/arducam/confidence/1767376799.npy,data/processed/arducam/pose_coco17/1767376799.json,
1767376800,2026-01-02T18:00:00Z,scene_008,train,true,17,180,240,data/raw/arducam/depth/1767376800.npy,data/raw/arducam/confidence/1767376800.npy,data/processed/arducam/pose_coco17/1767376800.json,
1767376801,2026-01-02T18:00:01Z,scene_008,train,true,17,180,240,data/raw/arducam/depth/1767376801.npy,data/raw/arducam/confidence/1767376801.npy,data/processed/arducam/pose_coco17/1767376801.json,
1767376802,2026-01-02T18:00:02Z,scene_008,train,true,17,180,240,data/raw/arducam/depth/1767376802.npy,data/raw/arducam/confidence/1767376802.npy,data/processed/arducam/pose_coco17/1767376802.json,
1767376803,2026-01-02T18:00:03Z,scene_008,train,true,17,180,240,data/raw/arducam/depth/1767376803.npy,data/raw/arducam/confidence/1767376803.npy,data/processed/arducam/pose_coco17/1767376803.json,
1767376804,2026-01-02T18:00:04Z,scene_008,train,true,17,180,240,data/raw/arducam/depth/1767376804.npy,data/raw/arducam/confidence/1767376804.npy,data/processed/arducam/pose_coco17/1767376804.json,
1767376805,2026-01-02T18:00:05Z,scene_008,train,true,17,180,240,data/raw/arducam/depth/1767376805.npy,data/raw/arducam/confidence/1767376805.npy,data/processed/arducam/pose_coco17/1767376805.json,
1767376806,2026-01-02T18:00:06Z,scene_008,train,true,17,180,240,data/raw/arducam/depth/1767376806.npy,data/raw/arducam/confidence/1767376806.npy,data/processed/arducam/pose_coco17/1767376806.json,
1767376807,2026-01-02T18:00:07Z,scene_008,train,true,17,180,240,data/raw/arducam/depth/1767376807.npy,data/raw/arducam/confidence/1767376807.npy,data/processed/arducam/pose_coco17/1767376807.json,
1767376808,2026-01-02T18:00:08Z,scene_008,train,true,17,180,240,data/raw/arducam/depth/1767376808.npy,data/raw/arducam/confidence/1767376808.npy,data/processed/arducam/pose_coco17/1767376808.json,
1767376809,2026-01-02T18:00:09Z,scene_008,train,true,17,180,240,data/raw/arducam/depth/1767376809.npy,data/raw/arducam/confidence/1767376809.npy,data/processed/arducam/pose_coco17/1767376809.json,
1767376810,2026-01-02T18:00:10Z,scene_008,train,true,17,180,240,data/raw/arducam/depth/1767376810.npy,data/raw/arducam/confidence/1767376810.npy,data/processed/arducam/pose_coco17/1767376810.json,
1767376811,2026-01-02T18:00:11Z,scene_008,train,true,17,180,240,data/raw/arducam/depth/1767376811.npy,data/raw/arducam/confidence/1767376811.npy,data/processed/arducam/pose_coco17/1767376811.json,
1767376812,2026-01-02T18:00:12Z,scene_008,train,true,17,180,240,data/raw/arducam/depth/1767376812.npy,data/raw/arducam/confidence/1767376812.npy,data/processed/arducam/pose_coco17/1767376812.json,
1767376813,2026-01-02T18:00:13Z,scene_008,train,true,17,180,240,data/raw/arducam/depth/1767376813.npy,data/raw/arducam/confidence/1767376813.npy,data/processed/arducam/pose_coco17/1767376813.json,
1767376814,2026-01-02T18:00:14Z,scene_008,train,true,17,180,240,data/raw/arducam/depth/1767376814.npy,data/raw/arducam/confidence/1767376814.npy,data/processed/arducam/pose_coco17/1767376814.json,
1767376815,2026-01-02T18:00:15Z,scene_008,train,true,17,180,240,data/raw/arducam/depth/1767376815.npy,data/raw/arducam/confidence/1767376815.npy,data/processed/arducam/pose_coco17/1767376815.json,
1767376820,2026-01-02T18:00:20Z,scene_008,train,true,17,180,240,data/raw/arducam/depth/1767376820.npy,data/raw/arducam/confidence/1767376820.npy,data/processed/arducam/pose_coco17/1767376820.json,
1767376821,2026-01-02T18:00:21Z,scene_008,train,true,17,180,240,data/raw/arducam/depth/1767376821.npy,data/raw/arducam/confidence/1767376821.npy,data/processed/arducam/pose_coco17/1767376821.json,
1767376822,2026-01-02T18:00:22Z,scene_008,train,true,17,180,240,data/raw/arducam/depth/1767376822.npy,data/raw/arducam/confidence/1767376822.npy,data/processed/arducam/pose_coco17/1767376822.json,
1767376823,2026-01-02T18:00:23Z,scene_008,train,true,17,180,240,data/raw/arducam/depth/1767376823.npy,data/raw/arducam/confidence/1767376823.npy,data/processed/arducam/pose_coco17/1767376823.json,
1767376824,2026-01-02T18:00:24Z,scene_008,train,true,17,180,240,data/raw/arducam/depth/1767376824.npy,data/raw/arducam/confidence/1767376824.npy,data/processed/arducam/pose_coco17/1767376824.json,
1767376825,2026-01-02T18:00:25Z,scene_008,train,true,17,180,240,data/raw/arducam/depth/1767376825.npy,data/raw/arducam/confidence/1767376825.npy,data/processed/arducam/pose_coco17/1767376825.json,
1767376826,2026-01-02T18:00:26Z,scene_008,train,true,17,180,240,data/raw/arducam/depth/1767376826.npy,data/raw/arducam/confidence/1767376826.npy,data/processed/arducam/pose_coco17/1767376826.json,
1767376827,2026-01-02T18:00:27Z,scene_008,train,true,17,180,240,data/raw/arducam/depth/1767376827.npy,data/raw/arducam/confidence/1767376827.npy,data/processed/arducam/pose_coco17/1767376827.json,
1767376828,2026-01-02T18:00:28Z,scene_008,train,true,17,180,240,data/raw/arducam/depth/1767376828.npy,data/raw/arducam/confidence/1767376828.npy,data/processed/arducam/pose_coco17/1767376828.json,
1767376829,2026-01-02T18:00:29Z,scene_008,train,true,17,180,240,data/raw/arducam/depth/1767376829.npy,data/raw/arducam/confidence/1767376829.npy,data/processed/arducam/pose_coco17/1767376829.json,
1767376830,2026-01-02T18:00:30Z,scene_008,train,true,17,180,240,data/raw/arducam/depth/1767376830.npy,data/raw/arducam/confidence/1767376830.npy,data/processed/arducam/pose_coco17/1767376830.json,
1767376831,2026-01-02T18:00:31Z,scene_008,train,true,17,180,240,data/raw/arducam/depth/1767376831.npy,data/raw/arducam/confidence/1767376831.npy,data/processed/arducam/pose_coco17/1767376831.json,
1767376832,2026-01-02T18:00:32Z,scene_008,train,true,17,180,240,data/raw/arducam/depth/1767376832.npy,data/raw/arducam/confidence/1767376832.npy,data/processed/arducam/pose_coco17/1767376832.json,
1767376833,2026-01-02T18:00:33Z,scene_008,train,true,17,180,240,data/raw/arducam/depth/1767376833.npy,data/raw/arducam/confidence/1767376833.npy,data/processed/arducam/pose_coco17/1767376833.json,
1767376834,2026-01-02T18:00:34Z,scene_008,train,true,17,180,240,data/raw/arducam/depth/1767376834.npy,data/raw/arducam/confidence/1767376834.npy,data/processed/arducam/pose_coco17/1767376834.json,
1767376835,2026-01-02T18:00:35Z,scene_008,train,true,17,180,240,data/raw/arducam/depth/1767376835.npy,data/raw/arducam/confidence/1767376835.npy,data/processed/arducam/pose_coco17/1767376835.json,
1767376836,2026-01-02T18:00:36Z,scene_008,train,true,17,180,240,data/raw/arducam/depth/1767376836.npy,data/raw/arducam/confidence/1767376836.npy,data/processed/arducam/pose_coco17/1767376836.json,
1767376837,2026-01-02T18:00:37Z,scene_008,train,true,17,180,240,data/raw/arducam/depth/1767376837.npy,data/raw/arducam/confidence/1767376837.npy,data/processed/arducam/pose_coco17/1767376837.json,
1767376838,2026-01-02T18:00:38Z,scene_008,train,true,17,180,240,data/raw/arducam/depth/1767376838.npy,data/raw/arducam/confidence/1767376838.npy,data/processed/arducam/pose_coco17/1767376838.json,
1767376839,2026-01-02T18:00:39Z,scene_008,train,true,17,180,240,data/raw/arducam/depth/1767376839.npy,data/raw/arducam/confidence/1767376839.npy,data/processed/arducam/pose_coco17/1767376839.json,
1767376840,2026-01-02T18:00:40Z,scene_008,train,true,17,180,240,data/raw/arducam/depth/1767376840.npy,data/raw/arducam/confidence/1767376840.npy,data/processed/arducam/pose_coco17/1767376840.json,
1767376841,2026-01-02T18:00:41Z,scene_008,train,true,17,180,240,data/raw/arducam/depth/1767376841.npy,data/raw/arducam/confidence/1767376841.npy,data/processed/arducam/pose_coco17/1767376841.json,
1767376842,2026-01-02T18:00:42Z,scene_008,train,true,17,180,240,data/raw/arducam/depth/1767376842.npy,data/raw/arducam/confidence/1767376842.npy,data/processed/arducam/pose_coco17/1767376842.json,
1767376843,2026-01-02T18:00:43Z,scene_008,train,true,17,180,240,data/raw/arducam/depth/1767376843.npy,data/raw/arducam/confidence/1767376843.npy,data/processed/arducam/pose_coco17/1767376843.json,
1767376844,2026-01-02T18:00:44Z,scene_008,train,true,17,180,240,data/raw/arducam/depth/1767376844.npy,data/raw/arducam/confidence/1767376844.npy,data/processed/arducam/pose_coco17/1767376844.json,
1767376845,2026-01-02T18:00:45Z,scene_008,train,true,17,180,240,data/raw/arducam/depth/1767376845.npy,data/raw/arducam/confidence/1767376845.npy,data/processed/arducam/pose_coco17/1767376845.json,
1767376846,2026-01-02T18:00:46Z,scene_008,train,true,17,180,240,data/raw/arducam/depth/1767376846.npy,data/raw/arducam/confidence/1767376846.npy,data/processed/arducam/pose_coco17/1767376846.json,
1767376847,2026-01-02T18:00:47Z,scene_008,train,true,17,180,240,data/raw/arducam/depth/1767376847.npy,data/raw/arducam/confidence/1767376847.npy,data/processed/arducam/pose_coco17/1767376847.json,
1767376848,2026-01-02T18:00:48Z,scene_008,train,true,17,180,240,data/raw/arducam/depth/1767376848.npy,data/raw/arducam/confidence/1767376848.npy,data/processed/arducam/pose_coco17/1767376848.json,
1767376849,2026-01-02T18:00:49Z,scene_008,train,true,17,180,240,data/raw/arducam/depth/1767376849.npy,data/raw/arducam/confidence/1767376849.npy,data/processed/arducam/pose_coco17/1767376849.json,
1767376850,2026-01-02T18:00:50Z,scene_008,train,true,16,180,240,data/raw/arducam/depth/1767376850.npy,data/raw/arducam/confidence/1767376850.npy,data/processed/arducam/pose_coco17/1767376850.json,
1767376851,2026-01-02T18:00:51Z,scene_008,train,true,17,180,240,data/raw/arducam/depth/1767376851.npy,data/raw/arducam/confidence/1767376851.npy,data/processed/arducam/pose_coco17/1767376851.json,
1767376852,2026-01-02T18:00:52Z,scene_008,train,true,17,180,240,data/raw/arducam/depth/1767376852.npy,data/raw/arducam/confidence/1767376852.npy,data/processed/arducam/pose_coco17/1767376852.json,
1767376853,2026-01-02T18:00:53Z,scene_008,train,true,17,180,240,data/raw/arducam/depth/1767376853.npy,data/raw/arducam/confidence/1767376853.npy,data/processed/arducam/pose_coco17/1767376853.json,
1767376854,2026-01-02T18:00:54Z,scene_008,train,true,17,180,240,data/raw/arducam/depth/1767376854.npy,data/raw/arducam/confidence/1767376854.npy,data/processed/arducam/pose_coco17/1767376854.json,
1767376855,2026-01-02T18:00:55Z,scene_008,train,true,17,180,240,data/raw/arducam/depth/1767376855.npy,data/raw/arducam/confidence/1767376855.npy,data/processed/arducam/pose_coco17/1767376855.json,
1767376856,2026-01-02T18:00:56Z,scene_008,train,true,17,180,240,data/raw/arducam/depth/1767376856.npy,data/raw/arducam/confidence/1767376856.npy,data/processed/arducam/pose_coco17/1767376856.json,
1767376857,2026-01-02T18:00:57Z,scene_008,train,true,17,180,240,data/raw/arducam/depth/1767376857.npy,data/raw/arducam/confidence/1767376857.npy,data/processed/arducam/pose_coco17/1767376857.json,
1767376858,2026-01-02T18:00:58Z,scene_008,train,true,17,180,240,data/raw/arducam/depth/1767376858.npy,data/raw/arducam/confidence/1767376858.npy,data/processed/arducam/pose_coco17/1767376858.json,
1767376859,2026-01-02T18:00:59Z,scene_008,train,true,17,180,240,data/raw/arducam/depth/1767376859.npy,data/raw/arducam/confidence/1767376859.npy,data/processed/arducam/pose_coco17/1767376859.json,
1767376860,2026-01-02T18:01:00Z,scene_008,train,true,17,180,240,data/raw/arducam/depth/1767376860.npy,data/raw/arducam/confidence/1767376860.npy,data/processed/arducam/pose_coco17/1767376860.json,
1767376861,2026-01-02T18:01:01Z,scene_008,train,true,17,180,240,data/raw/arducam/depth/1767376861.npy,data/raw/arducam/confidence/1767376861.npy,data/processed/arducam/pose_coco17/1767376861.json,
1767376862,2026-01-02T18:01:02Z,scene_008,train,true,17,180,240,data/raw/arducam/depth/1767376862.npy,data/raw/arducam/confidence/1767376862.npy,data/processed/arducam/pose_coco17/1767376862.json,
1767376863,2026-01-02T18:01:03Z,scene_008,train,true,17,180,240,data/raw/arducam/depth/1767376863.npy,data/raw/arducam/confidence/1767376863.npy,data/processed/arducam/pose_coco17/1767376863.json,
1767376864,2026-01-02T18:01:04Z,scene_008,train,true,17,180,240,data/raw/arducam/depth/1767376864.npy,data/raw/arducam/confidence/1767376864.npy,data/processed/arducam/pose_coco17/1767376864.json,
1767376865,2026-01-02T18:01:05Z,scene_008,train,true,17,180,240,data/raw/arducam/depth/1767376865.npy,data/raw/arducam/confidence/1767376865.npy,data/processed/arducam/pose_coco17/1767376865.json,
1767376866,2026-01-02T18:01:06Z,scene_008,train,true,17,180,240,data/raw/arducam/depth/1767376866.npy,data/raw/arducam/confidence/1767376866.npy,data/processed/arducam/pose_coco17/1767376866.json,
1767376867,2026-01-02T18:01:07Z,scene_008,train,true,17,180,240,data/raw/arducam/depth/1767376867.npy,data/raw/arducam/confidence/1767376867.npy,data/processed/arducam/pose_coco17/1767376867.json,
1767376868,2026-01-02T18:01:08Z,scene_008,train,true,17,180,240,data/raw/arducam/depth/1767376868.npy,data/raw/arducam/confidence/1767376868.npy,data/processed/arducam/pose_coco17/1767376868.json,
1767376869,2026-01-02T18:01:09Z,scene_008,train,true,17,180,240,data/raw/arducam/depth/1767376869.npy,data/raw/arducam/confidence/1767376869.npy,data/processed/arducam/pose_coco17/1767376869.json,
1767376870,2026-01-02T18:01:10Z,scene_008,train,true,17,180,240,data/raw/arducam/depth/1767376870.npy,data/raw/arducam/confidence/1767376870.npy,data/processed/arducam/pose_coco17/1767376870.json,
1767376871,2026-01-02T18:01:11Z,scene_008,train,true,17,180,240,data/raw/arducam/depth/1767376871.npy,data/raw/arducam/confidence/1767376871.npy,data/processed/arducam/pose_coco17/1767376871.json,
1767376872,2026-01-02T18:01:12Z,scene_008,train,true,17,180,240,data/raw/arducam/depth/1767376872.npy,data/raw/arducam/confidence/1767376872.npy,data/processed/arducam/pose_coco17/1767376872.json,
1767376873,2026-01-02T18:01:13Z,scene_008,train,true,17,180,240,data/raw/arducam/depth/1767376873.npy,data/raw/arducam/confidence/1767376873.npy,data/processed/arducam/pose_coco17/1767376873.json,
1767376874,2026-01-02T18:01:14Z,scene_008,train,true,17,180,240,data/raw/arducam/depth/1767376874.npy,data/raw/arducam/confidence/1767376874.npy,data/processed/arducam/pose_coco17/1767376874.json,
1767376875,2026-01-02T18:01:15Z,scene_008,train,true,17,180,240,data/raw/arducam/depth/1767376875.npy,data/raw/arducam/confidence/1767376875.npy,data/processed/arducam/pose_coco17/1767376875.json,
1767376876,2026-01-02T18:01:16Z,scene_008,train,true,17,180,240,data/raw/arducam/depth/1767376876.npy,data/raw/arducam/confidence/1767376876.npy,data/processed/arducam/pose_coco17/1767376876.json,
1767376877,2026-01-02T18:01:17Z,scene_008,train,true,17,180,240,data/raw/arducam/depth/1767376877.npy,data/raw/arducam/confidence/1767376877.npy,data/processed/arducam/pose_coco17/1767376877.json,
1767376878,2026-01-02T18:01:18Z,scene_008,train,true,17,180,240,data/raw/arducam/depth/1767376878.npy,data/raw/arducam/confidence/1767376878.npy,data/processed/arducam/pose_coco17/1767376878.json,
1767376879,2026-01-02T18:01:19Z,scene_008,train,true,17,180,240,data/raw/arducam/depth/1767376879.npy,data/raw/arducam/confidence/1767376879.npy,data/processed/arducam/pose_coco17/1767376879.json,
1767376880,2026-01-02T18:01:20Z,scene_008,train,true,17,180,240,data/raw/arducam/depth/1767376880.npy,data/raw/arducam/confidence/1767376880.npy,data/processed/arducam/pose_coco17/1767376880.json,
1767376881,2026-01-02T18:01:21Z,scene_008,train,true,17,180,240,data/raw/arducam/depth/1767376881.npy,data/raw/arducam/confidence/1767376881.npy,data/processed/arducam/pose_coco17/1767376881.json,
1767376882,2026-01-02T18:01:22Z,scene_008,train,true,17,180,240,data/raw/arducam/depth/1767376882.npy,data/raw/arducam/confidence/1767376882.npy,data/processed/arducam/pose_coco17/1767376882.json,
1767376883,2026-01-02T18:01:23Z,scene_008,train,true,17,180,240,data/raw/arducam/depth/1767376883.npy,data/raw/arducam/confidence/1767376883.npy,data/processed/arducam/pose_coco17/1767376883.json,
1767376884,2026-01-02T18:01:24Z,scene_008,train,true,17,180,240,data/raw/arducam/depth/1767376884.npy,data/raw/arducam/confidence/1767376884.npy,data/processed/arducam/pose_coco17/1767376884.json,
1767376885,2026-01-02T18:01:25Z,scene_008,train,true,17,180,240,data/raw/arducam/depth/1767376885.npy,data/raw/arducam/confidence/1767376885.npy,data/processed/arducam/pose_coco17/1767376885.json,
1767376886,2026-01-02T18:01:26Z,scene_008,train,true,17,180,240,data/raw/arducam/depth/1767376886.npy,data/raw/arducam/confidence/1767376886.npy,data/processed/arducam/pose_coco17/1767376886.json,
1767376887,2026-01-02T18:01:27Z,scene_008,train,true,17,180,240,data/raw/arducam/depth/1767376887.npy,data/raw/arducam/confidence/1767376887.npy,data/processed/arducam/pose_coco17/1767376887.json,
1767376888,2026-01-02T18:01:28Z,scene_008,train,true,17,180,240,data/raw/arducam/depth/1767376888.npy,data/raw/arducam/confidence/1767376888.npy,data/processed/arducam/pose_coco17/1767376888.json,
1767376889,2026-01-02T18:01:29Z,scene_008,train,true,17,180,240,data/raw/arducam/depth/1767376889.npy,data/raw/arducam/confidence/1767376889.npy,data/processed/arducam/pose_coco17/1767376889.json,
1767376890,2026-01-02T18:01:30Z,scene_008,train,true,17,180,240,data/raw/arducam/depth/1767376890.npy,data/raw/arducam/confidence/1767376890.npy,data/processed/arducam/pose_coco17/1767376890.json,
1767376891,2026-01-02T18:01:31Z,scene_008,train,true,17,180,240,data/raw/arducam/depth/1767376891.npy,data/raw/arducam/confidence/1767376891.npy,data/processed/arducam/pose_coco17/1767376891.json,
1767376892,2026-01-02T18:01:32Z,scene_008,train,true,17,180,240,data/raw/arducam/depth/1767376892.npy,data/raw/arducam/confidence/1767376892.npy,data/processed/arducam/pose_coco17/1767376892.json,
1767376893,2026-01-02T18:01:33Z,scene_008,train,true,17,180,240,data/raw/arducam/depth/1767376893.npy,data/raw/arducam/confidence/1767376893.npy,data/processed/arducam/pose_coco17/1767376893.json,
1767376894,2026-01-02T18:01:34Z,scene_008,train,true,17,180,240,data/raw/arducam/depth/1767376894.npy,data/raw/arducam/confidence/1767376894.npy,data/processed/arducam/pose_coco17/1767376894.json,
1767376895,2026-01-02T18:01:35Z,scene_008,train,true,17,180,240,data/raw/arducam/depth/1767376895.npy,data/raw/arducam/confidence/1767376895.npy,data/processed/arducam/pose_coco17/1767376895.json,
1767376896,2026-01-02T18:01:36Z,scene_008,train,true,17,180,240,data/raw/arducam/depth/1767376896.npy,data/raw/arducam/confidence/1767376896.npy,data/processed/arducam/pose_coco17/1767376896.json,
1767376897,2026-01-02T18:01:37Z,scene_008,train,true,17,180,240,data/raw/arducam/depth/1767376897.npy,data/raw/arducam/confidence/1767376897.npy,data/processed/arducam/pose_coco17/1767376897.json,
1767376898,2026-01-02T18:01:38Z,scene_008,train,true,17,180,240,data/raw/arducam/depth/1767376898.npy,data/raw/arducam/confidence/1767376898.npy,data/processed/arducam/pose_coco17/1767376898.json,
1767376899,2026-01-02T18:01:39Z,scene_008,train,true,17,180,240,data/raw/arducam/depth/1767376899.npy,data/raw/arducam/confidence/1767376899.npy,data/processed/arducam/pose_coco17/1767376899.json,
1767376900,2026-01-02T18:01:40Z,scene_008,train,true,17,180,240,data/raw/arducam/depth/1767376900.npy,data/raw/arducam/confidence/1767376900.npy,data/processed/arducam/pose_coco17/1767376900.json,
1767376901,2026-01-02T18:01:41Z,scene_008,train,true,17,180,240,data/raw/arducam/depth/1767376901.npy,data/raw/arducam/confidence/1767376901.npy,data/processed/arducam/pose_coco17/1767376901.json,
1767376902,2026-01-02T18:01:42Z,scene_008,train,true,17,180,240,data/raw/arducam/depth/1767376902.npy,data/raw/arducam/confidence/1767376902.npy,data/processed/arducam/pose_coco17/1767376902.json,
1767376903,2026-01-02T18:01:43Z,scene_008,train,true,17,180,240,data/raw/arducam/depth/1767376903.npy,data/raw/arducam/confidence/1767376903.npy,data/processed/arducam/pose_coco17/1767376903.json,
1767376904,2026-01-02T18:01:44Z,scene_008,train,true,17,180,240,data/raw/arducam/depth/1767376904.npy,data/raw/arducam/confidence/1767376904.npy,data/processed/arducam/pose_coco17/1767376904.json,
1767376905,2026-01-02T18:01:45Z,scene_008,train,true,17,180,240,data/raw/arducam/depth/1767376905.npy,data/raw/arducam/confidence/1767376905.npy,data/processed/arducam/pose_coco17/1767376905.json,
1767376906,2026-01-02T18:01:46Z,scene_008,train,true,17,180,240,data/raw/arducam/depth/1767376906.npy,data/raw/arducam/confidence/1767376906.npy,data/processed/arducam/pose_coco17/1767376906.json,
1767376907,2026-01-02T18:01:47Z,scene_008,train,true,17,180,240,data/raw/arducam/depth/1767376907.npy,data/raw/arducam/confidence/1767376907.npy,data/processed/arducam/pose_coco17/1767376907.json,
1767376908,2026-01-02T18:01:48Z,scene_008,train,true,16,180,240,data/raw/arducam/depth/1767376908.npy,data/raw/arducam/confidence/1767376908.npy,data/processed/arducam/pose_coco17/1767376908.json,
1767376909,2026-01-02T18:01:49Z,scene_008,train,true,12,180,240,data/raw/arducam/depth/1767376909.npy,data/raw/arducam/confidence/1767376909.npy,data/processed/arducam/pose_coco17/1767376909.json,
1767376910,2026-01-02T18:01:50Z,scene_008,train,true,17,180,240,data/raw/arducam/depth/1767376910.npy,data/raw/arducam/confidence/1767376910.npy,data/processed/arducam/pose_coco17/1767376910.json,
1767376911,2026-01-02T18:01:51Z,scene_008,train,true,17,180,240,data/raw/arducam/depth/1767376911.npy,data/raw/arducam/confidence/1767376911.npy,data/processed/arducam/pose_coco17/1767376911.json,
1767376912,2026-01-02T18:01:52Z,scene_008,train,true,17,180,240,data/raw/arducam/depth/1767376912.npy,data/raw/arducam/confidence/1767376912.npy,data/processed/arducam/pose_coco17/1767376912.json,
1767376913,2026-01-02T18:01:53Z,scene_008,train,true,17,180,240,data/raw/arducam/depth/1767376913.npy,data/raw/arducam/confidence/1767376913.npy,data/processed/arducam/pose_coco17/1767376913.json,
1767376914,2026-01-02T18:01:54Z,scene_008,train,true,17,180,240,data/raw/arducam/depth/1767376914.npy,data/raw/arducam/confidence/1767376914.npy,data/processed/arducam/pose_coco17/1767376914.json,
1767376915,2026-01-02T18:01:55Z,scene_008,train,true,17,180,240,data/raw/arducam/depth/1767376915.npy,data/raw/arducam/confidence/1767376915.npy,data/processed/arducam/pose_coco17/1767376915.json,
1767376916,2026-01-02T18:01:56Z,scene_008,train,true,17,180,240,data/raw/arducam/depth/1767376916.npy,data/raw/arducam/confidence/1767376916.npy,data/processed/arducam/pose_coco17/1767376916.json,
1767376917,2026-01-02T18:01:57Z,scene_008,train,true,17,180,240,data/raw/arducam/depth/1767376917.npy,data/raw/arducam/confidence/1767376917.npy,data/processed/arducam/pose_coco17/1767376917.json,
1767376918,2026-01-02T18:01:58Z,scene_008,train,true,17,180,240,data/raw/arducam/depth/1767376918.npy,data/raw/arducam/confidence/1767376918.npy,data/processed/arducam/pose_coco17/1767376918.json,
1767376919,2026-01-02T18:01:59Z,scene_008,train,true,17,180,240,data/raw/arducam/depth/1767376919.npy,data/raw/arducam/confidence/1767376919.npy,data/processed/arducam/pose_coco17/1767376919.json,
1767376920,2026-01-02T18:02:00Z,scene_008,train,true,17,180,240,data/raw/arducam/depth/1767376920.npy,data/raw/arducam/confidence/1767376920.npy,data/processed/arducam/pose_coco17/1767376920.json,
1767376921,2026-01-02T18:02:01Z,scene_008,train,true,17,180,240,data/raw/arducam/depth/1767376921.npy,data/raw/arducam/confidence/1767376921.npy,data/processed/arducam/pose_coco17/1767376921.json,
1767376922,2026-01-02T18:02:02Z,scene_008,train,true,17,180,240,data/raw/arducam/depth/1767376922.npy,data/raw/arducam/confidence/1767376922.npy,data/processed/arducam/pose_coco17/1767376922.json,
1767376923,2026-01-02T18:02:03Z,scene_008,train,true,17,180,240,data/raw/arducam/depth/1767376923.npy,data/raw/arducam/confidence/1767376923.npy,data/processed/arducam/pose_coco17/1767376923.json,
1767376924,2026-01-02T18:02:04Z,scene_008,train,true,17,180,240,data/raw/arducam/depth/1767376924.npy,data/raw/arducam/confidence/1767376924.npy,data/processed/arducam/pose_coco17/1767376924.json,
1767376925,2026-01-02T18:02:05Z,scene_008,train,true,15,180,240,data/raw/arducam/depth/1767376925.npy,data/raw/arducam/confidence/1767376925.npy,data/processed/arducam/pose_coco17/1767376925.json,
1767376926,2026-01-02T18:02:06Z,scene_008,train,true,17,180,240,data/raw/arducam/depth/1767376926.npy,data/raw/arducam/confidence/1767376926.npy,data/processed/arducam/pose_coco17/1767376926.json,
1767376927,2026-01-02T18:02:07Z,scene_008,train,true,17,180,240,data/raw/arducam/depth/1767376927.npy,data/raw/arducam/confidence/1767376927.npy,data/processed/arducam/pose_coco17/1767376927.json,
1767376928,2026-01-02T18:02:08Z,scene_008,train,true,17,180,240,data/raw/arducam/depth/1767376928.npy,data/raw/arducam/confidence/1767376928.npy,data/processed/arducam/pose_coco17/1767376928.json,
1767376929,2026-01-02T18:02:09Z,scene_008,train,true,17,180,240,data/raw/arducam/depth/1767376929.npy,data/raw/arducam/confidence/1767376929.npy,data/processed/arducam/pose_coco17/1767376929.json,
1767376930,2026-01-02T18:02:10Z,scene_008,train,true,17,180,240,data/raw/arducam/depth/1767376930.npy,data/raw/arducam/confidence/1767376930.npy,data/processed/arducam/pose_coco17/1767376930.json,
1767376931,2026-01-02T18:02:11Z,scene_008,train,true,17,180,240,data/raw/arducam/depth/1767376931.npy,data/raw/arducam/confidence/1767376931.npy,data/processed/arducam/pose_coco17/1767376931.json,
1767376932,2026-01-02T18:02:12Z,scene_008,train,true,17,180,240,data/raw/arducam/depth/1767376932.npy,data/raw/arducam/confidence/1767376932.npy,data/processed/arducam/pose_coco17/1767376932.json,
1767376933,2026-01-02T18:02:13Z,scene_008,train,true,17,180,240,data/raw/arducam/depth/1767376933.npy,data/raw/arducam/confidence/1767376933.npy,data/processed/arducam/pose_coco17/1767376933.json,
1767376934,2026-01-02T18:02:14Z,scene_008,train,true,17,180,240,data/raw/arducam/depth/1767376934.npy,data/raw/arducam/confidence/1767376934.npy,data/processed/arducam/pose_coco17/1767376934.json,
1767376935,2026-01-02T18:02:15Z,scene_008,train,true,17,180,240,data/raw/arducam/depth/1767376935.npy,data/raw/arducam/confidence/1767376935.npy,data/processed/arducam/pose_coco17/1767376935.json,
1767376936,2026-01-02T18:02:16Z,scene_008,train,true,17,180,240,data/raw/arducam/depth/1767376936.npy,data/raw/arducam/confidence/1767376936.npy,data/processed/arducam/pose_coco17/1767376936.json,
1767376937,2026-01-02T18:02:17Z,scene_008,train,true,17,180,240,data/raw/arducam/depth/1767376937.npy,data/raw/arducam/confidence/1767376937.npy,data/processed/arducam/pose_coco17/1767376937.json,
1767376938,2026-01-02T18:02:18Z,scene_008,train,true,17,180,240,data/raw/arducam/depth/1767376938.npy,data/raw/arducam/confidence/1767376938.npy,data/processed/arducam/pose_coco17/1767376938.json,
1767376939,2026-01-02T18:02:19Z,scene_008,train,true,17,180,240,data/raw/arducam/depth/1767376939.npy,data/raw/arducam/confidence/1767376939.npy,data/processed/arducam/pose_coco17/1767376939.json,
1767376940,2026-01-02T18:02:20Z,scene_008,train,true,17,180,240,data/raw/arducam/depth/1767376940.npy,data/raw/arducam/confidence/1767376940.npy,data/processed/arducam/pose_coco17/1767376940.json,
1767376941,2026-01-02T18:02:21Z,scene_008,train,true,17,180,240,data/raw/arducam/depth/1767376941.npy,data/raw/arducam/confidence/1767376941.npy,data/processed/arducam/pose_coco17/1767376941.json,
1767376942,2026-01-02T18:02:22Z,scene_008,train,true,17,180,240,data/raw/arducam/depth/1767376942.npy,data/raw/arducam/confidence/1767376942.npy,data/processed/arducam/pose_coco17/1767376942.json,
1767376943,2026-01-02T18:02:23Z,scene_008,train,true,17,180,240,data/raw/arducam/depth/1767376943.npy,data/raw/arducam/confidence/1767376943.npy,data/processed/arducam/pose_coco17/1767376943.json,
1767376944,2026-01-02T18:02:24Z,scene_008,train,true,17,180,240,data/raw/arducam/depth/1767376944.npy,data/raw/arducam/confidence/1767376944.npy,data/processed/arducam/pose_coco17/1767376944.json,
1767376945,2026-01-02T18:02:25Z,scene_008,train,true,17,180,240,data/raw/arducam/depth/1767376945.npy,data/raw/arducam/confidence/1767376945.npy,data/processed/arducam/pose_coco17/1767376945.json,
1767376946,2026-01-02T18:02:26Z,scene_008,train,true,17,180,240,data/raw/arducam/depth/1767376946.npy,data/raw/arducam/confidence/1767376946.npy,data/processed/arducam/pose_coco17/1767376946.json,
1767376947,2026-01-02T18:02:27Z,scene_008,train,true,17,180,240,data/raw/arducam/depth/1767376947.npy,data/raw/arducam/confidence/1767376947.npy,data/processed/arducam/pose_coco17/1767376947.json,
1767376948,2026-01-02T18:02:28Z,scene_008,train,true,17,180,240,data/raw/arducam/depth/1767376948.npy,data/raw/arducam/confidence/1767376948.npy,data/processed/arducam/pose_coco17/1767376948.json,
1767376949,2026-01-02T18:02:29Z,scene_008,train,true,17,180,240,data/raw/arducam/depth/1767376949.npy,data/raw/arducam/confidence/1767376949.npy,data/processed/arducam/pose_coco17/1767376949.json,
1767376950,2026-01-02T18:02:30Z,scene_008,train,true,17,180,240,data/raw/arducam/depth/1767376950.npy,data/raw/arducam/confidence/1767376950.npy,data/processed/arducam/pose_coco17/1767376950.json,
1767376951,2026-01-02T18:02:31Z,scene_008,train,true,17,180,240,data/raw/arducam/depth/1767376951.npy,data/raw/arducam/confidence/1767376951.npy,data/processed/arducam/pose_coco17/1767376951.json,
1767376952,2026-01-02T18:02:32Z,scene_008,train,true,17,180,240,data/raw/arducam/depth/1767376952.npy,data/raw/arducam/confidence/1767376952.npy,data/processed/arducam/pose_coco17/1767376952.json,
1767376953,2026-01-02T18:02:33Z,scene_008,train,true,17,180,240,data/raw/arducam/depth/1767376953.npy,data/raw/arducam/confidence/1767376953.npy,data/processed/arducam/pose_coco17/1767376953.json,
1767376954,2026-01-02T18:02:34Z,scene_008,train,true,17,180,240,data/raw/arducam/depth/1767376954.npy,data/raw/arducam/confidence/1767376954.npy,data/processed/arducam/pose_coco17/1767376954.json,
1767376955,2026-01-02T18:02:35Z,scene_008,train,true,15,180,240,data/raw/arducam/depth/1767376955.npy,data/raw/arducam/confidence/1767376955.npy,data/processed/arducam/pose_coco17/1767376955.json,
1767376956,2026-01-02T18:02:36Z,scene_008,train,true,16,180,240,data/raw/arducam/depth/1767376956.npy,data/raw/arducam/confidence/1767376956.npy,data/processed/arducam/pose_coco17/1767376956.json,
1767376957,2026-01-02T18:02:37Z,scene_008,train,true,17,180,240,data/raw/arducam/depth/1767376957.npy,data/raw/arducam/confidence/1767376957.npy,data/processed/arducam/pose_coco17/1767376957.json,
1767376958,2026-01-02T18:02:38Z,scene_008,train,true,17,180,240,data/raw/arducam/depth/1767376958.npy,data/raw/arducam/confidence/1767376958.npy,data/processed/arducam/pose_coco17/1767376958.json,
1767376959,2026-01-02T18:02:39Z,scene_008,train,true,17,180,240,data/raw/arducam/depth/1767376959.npy,data/raw/arducam/confidence/1767376959.npy,data/processed/arducam/pose_coco17/1767376959.json,
1767376960,2026-01-02T18:02:40Z,scene_008,train,true,17,180,240,data/raw/arducam/depth/1767376960.npy,data/raw/arducam/confidence/1767376960.npy,data/processed/arducam/pose_coco17/1767376960.json,
1767376961,2026-01-02T18:02:41Z,scene_008,train,true,17,180,240,data/raw/arducam/depth/1767376961.npy,data/raw/arducam/confidence/1767376961.npy,data/processed/arducam/pose_coco17/1767376961.json,
1767376962,2026-01-02T18:02:42Z,scene_008,train,true,17,180,240,data/raw/arducam/depth/1767376962.npy,data/raw/arducam/confidence/1767376962.npy,data/processed/arducam/pose_coco17/1767376962.json,
1767376963,2026-01-02T18:02:43Z,scene_008,train,true,17,180,240,data/raw/arducam/depth/1767376963.npy,data/raw/arducam/confidence/1767376963.npy,data/processed/arducam/pose_coco17/1767376963.json,
1767376964,2026-01-02T18:02:44Z,scene_008,train,true,17,180,240,data/raw/arducam/depth/1767376964.npy,data/raw/arducam/confidence/1767376964.npy,data/processed/arducam/pose_coco17/1767376964.json,
1767376965,2026-01-02T18:02:45Z,scene_008,train,true,17,180,240,data/raw/arducam/depth/1767376965.npy,data/raw/arducam/confidence/1767376965.npy,data/processed/arducam/pose_coco17/1767376965.json,
1767376966,2026-01-02T18:02:46Z,scene_008,train,true,17,180,240,data/raw/arducam/depth/1767376966.npy,data/raw/arducam/confidence/1767376966.npy,data/processed/arducam/pose_coco17/1767376966.json,
1767376967,2026-01-02T18:02:47Z,scene_008,train,true,17,180,240,data/raw/arducam/depth/1767376967.npy,data/raw/arducam/confidence/1767376967.npy,data/processed/arducam/pose_coco17/1767376967.json,
1767376968,2026-01-02T18:02:48Z,scene_008,train,true,17,180,240,data/raw/arducam/depth/1767376968.npy,data/raw/arducam/confidence/1767376968.npy,data/processed/arducam/pose_coco17/1767376968.json,
1767376969,2026-01-02T18:02:49Z,scene_008,train,true,17,180,240,data/raw/arducam/depth/1767376969.npy,data/raw/arducam/confidence/1767376969.npy,data/processed/arducam/pose_coco17/1767376969.json,
1767376970,2026-01-02T18:02:50Z,scene_008,train,true,17,180,240,data/raw/arducam/depth/1767376970.npy,data/raw/arducam/confidence/1767376970.npy,data/processed/arducam/pose_coco17/1767376970.json,
1767376971,2026-01-02T18:02:51Z,scene_008,train,true,17,180,240,data/raw/arducam/depth/1767376971.npy,data/raw/arducam/confidence/1767376971.npy,data/processed/arducam/pose_coco17/1767376971.json,
1767376972,2026-01-02T18:02:52Z,scene_008,train,true,13,180,240,data/raw/arducam/depth/1767376972.npy,data/raw/arducam/confidence/1767376972.npy,data/processed/arducam/pose_coco17/1767376972.json,
1767376973,2026-01-02T18:02:53Z,scene_008,train,false,11,180,240,data/raw/arducam/depth/1767376973.npy,data/raw/arducam/confidence/1767376973.npy,data/processed/arducam/pose_coco17/1767376973.json,fewer_than_12_valid_keypoints
1767376974,2026-01-02T18:02:54Z,scene_008,train,true,13,180,240,data/raw/arducam/depth/1767376974.npy,data/raw/arducam/confidence/1767376974.npy,data/processed/arducam/pose_coco17/1767376974.json,
1767376975,2026-01-02T18:02:55Z,scene_008,train,true,17,180,240,data/raw/arducam/depth/1767376975.npy,data/raw/arducam/confidence/1767376975.npy,data/processed/arducam/pose_coco17/1767376975.json,
1767376976,2026-01-02T18:02:56Z,scene_008,train,true,17,180,240,data/raw/arducam/depth/1767376976.npy,data/raw/arducam/confidence/1767376976.npy,data/processed/arducam/pose_coco17/1767376976.json,
1767376977,2026-01-02T18:02:57Z,scene_008,train,true,17,180,240,data/raw/arducam/depth/1767376977.npy,data/raw/arducam/confidence/1767376977.npy,data/processed/arducam/pose_coco17/1767376977.json,
1767376978,2026-01-02T18:02:58Z,scene_008,train,true,17,180,240,data/raw/arducam/depth/1767376978.npy,data/raw/arducam/confidence/1767376978.npy,data/processed/arducam/pose_coco17/1767376978.json,
1767376979,2026-01-02T18:02:59Z,scene_008,train,true,17,180,240,data/raw/arducam/depth/1767376979.npy,data/raw/arducam/confidence/1767376979.npy,data/processed/arducam/pose_coco17/1767376979.json,
1767376980,2026-01-02T18:03:00Z,scene_008,train,true,17,180,240,data/raw/arducam/depth/1767376980.npy,data/raw/arducam/confidence/1767376980.npy,data/processed/arducam/pose_coco17/1767376980.json,
1767376981,2026-01-02T18:03:01Z,scene_008,train,true,17,180,240,data/raw/arducam/depth/1767376981.npy,data/raw/arducam/confidence/1767376981.npy,data/processed/arducam/pose_coco17/1767376981.json,
1767376982,2026-01-02T18:03:02Z,scene_008,train,true,17,180,240,data/raw/arducam/depth/1767376982.npy,data/raw/arducam/confidence/1767376982.npy,data/processed/arducam/pose_coco17/1767376982.json,
1767376983,2026-01-02T18:03:03Z,scene_008,train,true,17,180,240,data/raw/arducam/depth/1767376983.npy,data/raw/arducam/confidence/1767376983.npy,data/processed/arducam/pose_coco17/1767376983.json,
1767376984,2026-01-02T18:03:04Z,scene_008,train,true,17,180,240,data/raw/arducam/depth/1767376984.npy,data/raw/arducam/confidence/1767376984.npy,data/processed/arducam/pose_coco17/1767376984.json,
1767376985,2026-01-02T18:03:05Z,scene_008,train,true,17,180,240,data/raw/arducam/depth/1767376985.npy,data/raw/arducam/confidence/1767376985.npy,data/processed/arducam/pose_coco17/1767376985.json,
1767376986,2026-01-02T18:03:06Z,scene_008,train,true,17,180,240,data/raw/arducam/depth/1767376986.npy,data/raw/arducam/confidence/1767376986.npy,data/processed/arducam/pose_coco17/1767376986.json,
1767376987,2026-01-02T18:03:07Z,scene_008,train,true,17,180,240,data/raw/arducam/depth/1767376987.npy,data/raw/arducam/confidence/1767376987.npy,data/processed/arducam/pose_coco17/1767376987.json,
1767376988,2026-01-02T18:03:08Z,scene_008,train,true,17,180,240,data/raw/arducam/depth/1767376988.npy,data/raw/arducam/confidence/1767376988.npy,data/processed/arducam/pose_coco17/1767376988.json,
1767376989,2026-01-02T18:03:09Z,scene_008,train,true,17,180,240,data/raw/arducam/depth/1767376989.npy,data/raw/arducam/confidence/1767376989.npy,data/processed/arducam/pose_coco17/1767376989.json,
1767376990,2026-01-02T18:03:10Z,scene_008,train,true,17,180,240,data/raw/arducam/depth/1767376990.npy,data/raw/arducam/confidence/1767376990.npy,data/processed/arducam/pose_coco17/1767376990.json,
1767376991,2026-01-02T18:03:11Z,scene_008,train,true,17,180,240,data/raw/arducam/depth/1767376991.npy,data/raw/arducam/confidence/1767376991.npy,data/processed/arducam/pose_coco17/1767376991.json,
1767376992,2026-01-02T18:03:12Z,scene_008,train,true,17,180,240,data/raw/arducam/depth/1767376992.npy,data/raw/arducam/confidence/1767376992.npy,data/processed/arducam/pose_coco17/1767376992.json,
1767376993,2026-01-02T18:03:13Z,scene_008,train,true,17,180,240,data/raw/arducam/depth/1767376993.npy,data/raw/arducam/confidence/1767376993.npy,data/processed/arducam/pose_coco17/1767376993.json,
1767376994,2026-01-02T18:03:14Z,scene_008,train,true,17,180,240,data/raw/arducam/depth/1767376994.npy,data/raw/arducam/confidence/1767376994.npy,data/processed/arducam/pose_coco17/1767376994.json,
1767376995,2026-01-02T18:03:15Z,scene_008,train,true,17,180,240,data/raw/arducam/depth/1767376995.npy,data/raw/arducam/confidence/1767376995.npy,data/processed/arducam/pose_coco17/1767376995.json,
1767376996,2026-01-02T18:03:16Z,scene_008,train,true,16,180,240,data/raw/arducam/depth/1767376996.npy,data/raw/arducam/confidence/1767376996.npy,data/processed/arducam/pose_coco17/1767376996.json,
1767376997,2026-01-02T18:03:17Z,scene_008,train,true,17,180,240,data/raw/arducam/depth/1767376997.npy,data/raw/arducam/confidence/1767376997.npy,data/processed/arducam/pose_coco17/1767376997.json,
1767376998,2026-01-02T18:03:18Z,scene_008,train,true,17,180,240,data/raw/arducam/depth/1767376998.npy,data/raw/arducam/confidence/1767376998.npy,data/processed/arducam/pose_coco17/1767376998.json,
1767376999,2026-01-02T18:03:19Z,scene_008,train,true,17,180,240,data/raw/arducam/depth/1767376999.npy,data/raw/arducam/confidence/1767376999.npy,data/processed/arducam/pose_coco17/1767376999.json,
1767377000,2026-01-02T18:03:20Z,scene_008,train,true,17,180,240,data/raw/arducam/depth/1767377000.npy,data/raw/arducam/confidence/1767377000.npy,data/processed/arducam/pose_coco17/1767377000.json,
1767377001,2026-01-02T18:03:21Z,scene_008,train,true,17,180,240,data/raw/arducam/depth/1767377001.npy,data/raw/arducam/confidence/1767377001.npy,data/processed/arducam/pose_coco17/1767377001.json,
1767377002,2026-01-02T18:03:22Z,scene_008,train,true,17,180,240,data/raw/arducam/depth/1767377002.npy,data/raw/arducam/confidence/1767377002.npy,data/processed/arducam/pose_coco17/1767377002.json,
1767377003,2026-01-02T18:03:23Z,scene_008,train,true,17,180,240,data/raw/arducam/depth/1767377003.npy,data/raw/arducam/confidence/1767377003.npy,data/processed/arducam/pose_coco17/1767377003.json,
1767377004,2026-01-02T18:03:24Z,scene_008,train,true,17,180,240,data/raw/arducam/depth/1767377004.npy,data/raw/arducam/confidence/1767377004.npy,data/processed/arducam/pose_coco17/1767377004.json,
1767377005,2026-01-02T18:03:25Z,scene_008,train,true,17,180,240,data/raw/arducam/depth/1767377005.npy,data/raw/arducam/confidence/1767377005.npy,data/processed/arducam/pose_coco17/1767377005.json,
1767377006,2026-01-02T18:03:26Z,scene_008,train,true,17,180,240,data/raw/arducam/depth/1767377006.npy,data/raw/arducam/confidence/1767377006.npy,data/processed/arducam/pose_coco17/1767377006.json,
1767377007,2026-01-02T18:03:27Z,scene_008,train,true,17,180,240,data/raw/arducam/depth/1767377007.npy,data/raw/arducam/confidence/1767377007.npy,data/processed/arducam/pose_coco17/1767377007.json,
1767377008,2026-01-02T18:03:28Z,scene_008,train,true,17,180,240,data/raw/arducam/depth/1767377008.npy,data/raw/arducam/confidence/1767377008.npy,data/processed/arducam/pose_coco17/1767377008.json,
1767377009,2026-01-02T18:03:29Z,scene_008,train,true,17,180,240,data/raw/arducam/depth/1767377009.npy,data/raw/arducam/confidence/1767377009.npy,data/processed/arducam/pose_coco17/1767377009.json,
1767377010,2026-01-02T18:03:30Z,scene_008,train,true,17,180,240,data/raw/arducam/depth/1767377010.npy,data/raw/arducam/confidence/1767377010.npy,data/processed/arducam/pose_coco17/1767377010.json,
1767377011,2026-01-02T18:03:31Z,scene_008,train,true,17,180,240,data/raw/arducam/depth/1767377011.npy,data/raw/arducam/confidence/1767377011.npy,data/processed/arducam/pose_coco17/1767377011.json,
1767377012,2026-01-02T18:03:32Z,scene_008,train,true,17,180,240,data/raw/arducam/depth/1767377012.npy,data/raw/arducam/confidence/1767377012.npy,data/processed/arducam/pose_coco17/1767377012.json,
1767377013,2026-01-02T18:03:33Z,scene_008,train,true,17,180,240,data/raw/arducam/depth/1767377013.npy,data/raw/arducam/confidence/1767377013.npy,data/processed/arducam/pose_coco17/1767377013.json,
1767377014,2026-01-02T18:03:34Z,scene_008,train,true,17,180,240,data/raw/arducam/depth/1767377014.npy,data/raw/arducam/confidence/1767377014.npy,data/processed/arducam/pose_coco17/1767377014.json,
1767377015,2026-01-02T18:03:35Z,scene_008,train,true,17,180,240,data/raw/arducam/depth/1767377015.npy,data/raw/arducam/confidence/1767377015.npy,data/processed/arducam/pose_coco17/1767377015.json,
1767377016,2026-01-02T18:03:36Z,scene_008,train,true,17,180,240,data/raw/arducam/depth/1767377016.npy,data/raw/arducam/confidence/1767377016.npy,data/processed/arducam/pose_coco17/1767377016.json,
1767377017,2026-01-02T18:03:37Z,scene_008,train,true,17,180,240,data/raw/arducam/depth/1767377017.npy,data/raw/arducam/confidence/1767377017.npy,data/processed/arducam/pose_coco17/1767377017.json,
1767377018,2026-01-02T18:03:38Z,scene_008,train,true,17,180,240,data/raw/arducam/depth/1767377018.npy,data/raw/arducam/confidence/1767377018.npy,data/processed/arducam/pose_coco17/1767377018.json,
1767377019,2026-01-02T18:03:39Z,scene_008,train,true,17,180,240,data/raw/arducam/depth/1767377019.npy,data/raw/arducam/confidence/1767377019.npy,data/processed/arducam/pose_coco17/1767377019.json,
1767377020,2026-01-02T18:03:40Z,scene_008,train,true,17,180,240,data/raw/arducam/depth/1767377020.npy,data/raw/arducam/confidence/1767377020.npy,data/processed/arducam/pose_coco17/1767377020.json,
1767377021,2026-01-02T18:03:41Z,scene_008,train,true,17,180,240,data/raw/arducam/depth/1767377021.npy,data/raw/arducam/confidence/1767377021.npy,data/processed/arducam/pose_coco17/1767377021.json,
1767377022,2026-01-02T18:03:42Z,scene_008,train,true,17,180,240,data/raw/arducam/depth/1767377022.npy,data/raw/arducam/confidence/1767377022.npy,data/processed/arducam/pose_coco17/1767377022.json,
1767377023,2026-01-02T18:03:43Z,scene_008,train,true,17,180,240,data/raw/arducam/depth/1767377023.npy,data/raw/arducam/confidence/1767377023.npy,data/processed/arducam/pose_coco17/1767377023.json,
1767377024,2026-01-02T18:03:44Z,scene_008,train,true,17,180,240,data/raw/arducam/depth/1767377024.npy,data/raw/arducam/confidence/1767377024.npy,data/processed/arducam/pose_coco17/1767377024.json,
1767377025,2026-01-02T18:03:45Z,scene_008,train,true,17,180,240,data/raw/arducam/depth/1767377025.npy,data/raw/arducam/confidence/1767377025.npy,data/processed/arducam/pose_coco17/1767377025.json,
1767377026,2026-01-02T18:03:46Z,scene_008,train,true,17,180,240,data/raw/arducam/depth/1767377026.npy,data/raw/arducam/confidence/1767377026.npy,data/processed/arducam/pose_coco17/1767377026.json,
1767377027,2026-01-02T18:03:47Z,scene_008,train,true,17,180,240,data/raw/arducam/depth/1767377027.npy,data/raw/arducam/confidence/1767377027.npy,data/processed/arducam/pose_coco17/1767377027.json,
1767377028,2026-01-02T18:03:48Z,scene_008,train,true,17,180,240,data/raw/arducam/depth/1767377028.npy,data/raw/arducam/confidence/1767377028.npy,data/processed/arducam/pose_coco17/1767377028.json,
1767377235,2026-01-02T18:07:15Z,scene_009,val,true,16,180,240,data/raw/arducam/depth/1767377235.npy,data/raw/arducam/confidence/1767377235.npy,data/processed/arducam/pose_coco17/1767377235.json,
1767377236,2026-01-02T18:07:16Z,scene_009,val,true,15,180,240,data/raw/arducam/depth/1767377236.npy,data/raw/arducam/confidence/1767377236.npy,data/processed/arducam/pose_coco17/1767377236.json,
1767377237,2026-01-02T18:07:17Z,scene_009,val,true,17,180,240,data/raw/arducam/depth/1767377237.npy,data/raw/arducam/confidence/1767377237.npy,data/processed/arducam/pose_coco17/1767377237.json,
1767377238,2026-01-02T18:07:18Z,scene_009,val,true,17,180,240,data/raw/arducam/depth/1767377238.npy,data/raw/arducam/confidence/1767377238.npy,data/processed/arducam/pose_coco17/1767377238.json,
1767377239,2026-01-02T18:07:19Z,scene_009,val,true,17,180,240,data/raw/arducam/depth/1767377239.npy,data/raw/arducam/confidence/1767377239.npy,data/processed/arducam/pose_coco17/1767377239.json,
1767377240,2026-01-02T18:07:20Z,scene_009,val,true,17,180,240,data/raw/arducam/depth/1767377240.npy,data/raw/arducam/confidence/1767377240.npy,data/processed/arducam/pose_coco17/1767377240.json,
1767377241,2026-01-02T18:07:21Z,scene_009,val,true,17,180,240,data/raw/arducam/depth/1767377241.npy,data/raw/arducam/confidence/1767377241.npy,data/processed/arducam/pose_coco17/1767377241.json,
1767377242,2026-01-02T18:07:22Z,scene_009,val,true,17,180,240,data/raw/arducam/depth/1767377242.npy,data/raw/arducam/confidence/1767377242.npy,data/processed/arducam/pose_coco17/1767377242.json,
1767377243,2026-01-02T18:07:23Z,scene_009,val,true,17,180,240,data/raw/arducam/depth/1767377243.npy,data/raw/arducam/confidence/1767377243.npy,data/processed/arducam/pose_coco17/1767377243.json,
1767377244,2026-01-02T18:07:24Z,scene_009,val,true,17,180,240,data/raw/arducam/depth/1767377244.npy,data/raw/arducam/confidence/1767377244.npy,data/processed/arducam/pose_coco17/1767377244.json,
1767377245,2026-01-02T18:07:25Z,scene_009,val,true,17,180,240,data/raw/arducam/depth/1767377245.npy,data/raw/arducam/confidence/1767377245.npy,data/processed/arducam/pose_coco17/1767377245.json,
1767377246,2026-01-02T18:07:26Z,scene_009,val,true,17,180,240,data/raw/arducam/depth/1767377246.npy,data/raw/arducam/confidence/1767377246.npy,data/processed/arducam/pose_coco17/1767377246.json,
1767377247,2026-01-02T18:07:27Z,scene_009,val,true,17,180,240,data/raw/arducam/depth/1767377247.npy,data/raw/arducam/confidence/1767377247.npy,data/processed/arducam/pose_coco17/1767377247.json,
1767377248,2026-01-02T18:07:28Z,scene_009,val,true,17,180,240,data/raw/arducam/depth/1767377248.npy,data/raw/arducam/confidence/1767377248.npy,data/processed/arducam/pose_coco17/1767377248.json,
1767377249,2026-01-02T18:07:29Z,scene_009,val,true,17,180,240,data/raw/arducam/depth/1767377249.npy,data/raw/arducam/confidence/1767377249.npy,data/processed/arducam/pose_coco17/1767377249.json,
1767377250,2026-01-02T18:07:30Z,scene_009,val,true,17,180,240,data/raw/arducam/depth/1767377250.npy,data/raw/arducam/confidence/1767377250.npy,data/processed/arducam/pose_coco17/1767377250.json,
1767377251,2026-01-02T18:07:31Z,scene_009,val,true,17,180,240,data/raw/arducam/depth/1767377251.npy,data/raw/arducam/confidence/1767377251.npy,data/processed/arducam/pose_coco17/1767377251.json,
1767377252,2026-01-02T18:07:32Z,scene_009,val,true,17,180,240,data/raw/arducam/depth/1767377252.npy,data/raw/arducam/confidence/1767377252.npy,data/processed/arducam/pose_coco17/1767377252.json,
1767377254,2026-01-02T18:07:34Z,scene_009,val,true,17,180,240,data/raw/arducam/depth/1767377254.npy,data/raw/arducam/confidence/1767377254.npy,data/processed/arducam/pose_coco17/1767377254.json,
1767377255,2026-01-02T18:07:35Z,scene_009,val,true,17,180,240,data/raw/arducam/depth/1767377255.npy,data/raw/arducam/confidence/1767377255.npy,data/processed/arducam/pose_coco17/1767377255.json,
1767377256,2026-01-02T18:07:36Z,scene_009,val,true,17,180,240,data/raw/arducam/depth/1767377256.npy,data/raw/arducam/confidence/1767377256.npy,data/processed/arducam/pose_coco17/1767377256.json,
1767377257,2026-01-02T18:07:37Z,scene_009,val,true,17,180,240,data/raw/arducam/depth/1767377257.npy,data/raw/arducam/confidence/1767377257.npy,data/processed/arducam/pose_coco17/1767377257.json,
1767377258,2026-01-02T18:07:38Z,scene_009,val,true,17,180,240,data/raw/arducam/depth/1767377258.npy,data/raw/arducam/confidence/1767377258.npy,data/processed/arducam/pose_coco17/1767377258.json,
1767377259,2026-01-02T18:07:39Z,scene_009,val,true,17,180,240,data/raw/arducam/depth/1767377259.npy,data/raw/arducam/confidence/1767377259.npy,data/processed/arducam/pose_coco17/1767377259.json,
1767377260,2026-01-02T18:07:40Z,scene_009,val,true,17,180,240,data/raw/arducam/depth/1767377260.npy,data/raw/arducam/confidence/1767377260.npy,data/processed/arducam/pose_coco17/1767377260.json,
1767377261,2026-01-02T18:07:41Z,scene_009,val,true,17,180,240,data/raw/arducam/depth/1767377261.npy,data/raw/arducam/confidence/1767377261.npy,data/processed/arducam/pose_coco17/1767377261.json,
1767377262,2026-01-02T18:07:42Z,scene_009,val,true,17,180,240,data/raw/arducam/depth/1767377262.npy,data/raw/arducam/confidence/1767377262.npy,data/processed/arducam/pose_coco17/1767377262.json,
1767377263,2026-01-02T18:07:43Z,scene_009,val,true,17,180,240,data/raw/arducam/depth/1767377263.npy,data/raw/arducam/confidence/1767377263.npy,data/processed/arducam/pose_coco17/1767377263.json,
1767377264,2026-01-02T18:07:44Z,scene_009,val,true,17,180,240,data/raw/arducam/depth/1767377264.npy,data/raw/arducam/confidence/1767377264.npy,data/processed/arducam/pose_coco17/1767377264.json,
1767377265,2026-01-02T18:07:45Z,scene_009,val,true,17,180,240,data/raw/arducam/depth/1767377265.npy,data/raw/arducam/confidence/1767377265.npy,data/processed/arducam/pose_coco17/1767377265.json,
1767377266,2026-01-02T18:07:46Z,scene_009,val,true,17,180,240,data/raw/arducam/depth/1767377266.npy,data/raw/arducam/confidence/1767377266.npy,data/processed/arducam/pose_coco17/1767377266.json,
1767377267,2026-01-02T18:07:47Z,scene_009,val,true,17,180,240,data/raw/arducam/depth/1767377267.npy,data/raw/arducam/confidence/1767377267.npy,data/processed/arducam/pose_coco17/1767377267.json,
1767377268,2026-01-02T18:07:48Z,scene_009,val,true,17,180,240,data/raw/arducam/depth/1767377268.npy,data/raw/arducam/confidence/1767377268.npy,data/processed/arducam/pose_coco17/1767377268.json,
1767377269,2026-01-02T18:07:49Z,scene_009,val,true,17,180,240,data/raw/arducam/depth/1767377269.npy,data/raw/arducam/confidence/1767377269.npy,data/processed/arducam/pose_coco17/1767377269.json,
1767377270,2026-01-02T18:07:50Z,scene_009,val,true,17,180,240,data/raw/arducam/depth/1767377270.npy,data/raw/arducam/confidence/1767377270.npy,data/processed/arducam/pose_coco17/1767377270.json,
1767377271,2026-01-02T18:07:51Z,scene_009,val,true,17,180,240,data/raw/arducam/depth/1767377271.npy,data/raw/arducam/confidence/1767377271.npy,data/processed/arducam/pose_coco17/1767377271.json,
1767377272,2026-01-02T18:07:52Z,scene_009,val,true,17,180,240,data/raw/arducam/depth/1767377272.npy,data/raw/arducam/confidence/1767377272.npy,data/processed/arducam/pose_coco17/1767377272.json,
1767377273,2026-01-02T18:07:53Z,scene_009,val,true,17,180,240,data/raw/arducam/depth/1767377273.npy,data/raw/arducam/confidence/1767377273.npy,data/processed/arducam/pose_coco17/1767377273.json,
1767377274,2026-01-02T18:07:54Z,scene_009,val,true,17,180,240,data/raw/arducam/depth/1767377274.npy,data/raw/arducam/confidence/1767377274.npy,data/processed/arducam/pose_coco17/1767377274.json,
1767377275,2026-01-02T18:07:55Z,scene_009,val,true,17,180,240,data/raw/arducam/depth/1767377275.npy,data/raw/arducam/confidence/1767377275.npy,data/processed/arducam/pose_coco17/1767377275.json,
1767377276,2026-01-02T18:07:56Z,scene_009,val,true,17,180,240,data/raw/arducam/depth/1767377276.npy,data/raw/arducam/confidence/1767377276.npy,data/processed/arducam/pose_coco17/1767377276.json,
1767377277,2026-01-02T18:07:57Z,scene_009,val,true,17,180,240,data/raw/arducam/depth/1767377277.npy,data/raw/arducam/confidence/1767377277.npy,data/processed/arducam/pose_coco17/1767377277.json,
1767377278,2026-01-02T18:07:58Z,scene_009,val,true,17,180,240,data/raw/arducam/depth/1767377278.npy,data/raw/arducam/confidence/1767377278.npy,data/processed/arducam/pose_coco17/1767377278.json,
1767377279,2026-01-02T18:07:59Z,scene_009,val,true,17,180,240,data/raw/arducam/depth/1767377279.npy,data/raw/arducam/confidence/1767377279.npy,data/processed/arducam/pose_coco17/1767377279.json,
1767377280,2026-01-02T18:08:00Z,scene_009,val,true,17,180,240,data/raw/arducam/depth/1767377280.npy,data/raw/arducam/confidence/1767377280.npy,data/processed/arducam/pose_coco17/1767377280.json,
1767377281,2026-01-02T18:08:01Z,scene_009,val,true,17,180,240,data/raw/arducam/depth/1767377281.npy,data/raw/arducam/confidence/1767377281.npy,data/processed/arducam/pose_coco17/1767377281.json,
1767377282,2026-01-02T18:08:02Z,scene_009,val,true,17,180,240,data/raw/arducam/depth/1767377282.npy,data/raw/arducam/confidence/1767377282.npy,data/processed/arducam/pose_coco17/1767377282.json,
1767377283,2026-01-02T18:08:03Z,scene_009,val,true,17,180,240,data/raw/arducam/depth/1767377283.npy,data/raw/arducam/confidence/1767377283.npy,data/processed/arducam/pose_coco17/1767377283.json,
1767377284,2026-01-02T18:08:04Z,scene_009,val,true,17,180,240,data/raw/arducam/depth/1767377284.npy,data/raw/arducam/confidence/1767377284.npy,data/processed/arducam/pose_coco17/1767377284.json,
1767377285,2026-01-02T18:08:05Z,scene_009,val,true,17,180,240,data/raw/arducam/depth/1767377285.npy,data/raw/arducam/confidence/1767377285.npy,data/processed/arducam/pose_coco17/1767377285.json,
1767377286,2026-01-02T18:08:06Z,scene_009,val,true,17,180,240,data/raw/arducam/depth/1767377286.npy,data/raw/arducam/confidence/1767377286.npy,data/processed/arducam/pose_coco17/1767377286.json,
1767377287,2026-01-02T18:08:07Z,scene_009,val,true,17,180,240,data/raw/arducam/depth/1767377287.npy,data/raw/arducam/confidence/1767377287.npy,data/processed/arducam/pose_coco17/1767377287.json,
1767377288,2026-01-02T18:08:08Z,scene_009,val,true,17,180,240,data/raw/arducam/depth/1767377288.npy,data/raw/arducam/confidence/1767377288.npy,data/processed/arducam/pose_coco17/1767377288.json,
1767377289,2026-01-02T18:08:09Z,scene_009,val,true,17,180,240,data/raw/arducam/depth/1767377289.npy,data/raw/arducam/confidence/1767377289.npy,data/processed/arducam/pose_coco17/1767377289.json,
1767377290,2026-01-02T18:08:10Z,scene_009,val,true,17,180,240,data/raw/arducam/depth/1767377290.npy,data/raw/arducam/confidence/1767377290.npy,data/processed/arducam/pose_coco17/1767377290.json,
1767377291,2026-01-02T18:08:11Z,scene_009,val,true,17,180,240,data/raw/arducam/depth/1767377291.npy,data/raw/arducam/confidence/1767377291.npy,data/processed/arducam/pose_coco17/1767377291.json,
1767377292,2026-01-02T18:08:12Z,scene_009,val,true,17,180,240,data/raw/arducam/depth/1767377292.npy,data/raw/arducam/confidence/1767377292.npy,data/processed/arducam/pose_coco17/1767377292.json,
1767377293,2026-01-02T18:08:13Z,scene_009,val,true,17,180,240,data/raw/arducam/depth/1767377293.npy,data/raw/arducam/confidence/1767377293.npy,data/processed/arducam/pose_coco17/1767377293.json,
1767377294,2026-01-02T18:08:14Z,scene_009,val,true,17,180,240,data/raw/arducam/depth/1767377294.npy,data/raw/arducam/confidence/1767377294.npy,data/processed/arducam/pose_coco17/1767377294.json,
1767377295,2026-01-02T18:08:15Z,scene_009,val,true,17,180,240,data/raw/arducam/depth/1767377295.npy,data/raw/arducam/confidence/1767377295.npy,data/processed/arducam/pose_coco17/1767377295.json,
1767377296,2026-01-02T18:08:16Z,scene_009,val,true,17,180,240,data/raw/arducam/depth/1767377296.npy,data/raw/arducam/confidence/1767377296.npy,data/processed/arducam/pose_coco17/1767377296.json,
1767377297,2026-01-02T18:08:17Z,scene_009,val,true,17,180,240,data/raw/arducam/depth/1767377297.npy,data/raw/arducam/confidence/1767377297.npy,data/processed/arducam/pose_coco17/1767377297.json,
1767377298,2026-01-02T18:08:18Z,scene_009,val,true,17,180,240,data/raw/arducam/depth/1767377298.npy,data/raw/arducam/confidence/1767377298.npy,data/processed/arducam/pose_coco17/1767377298.json,
1767377299,2026-01-02T18:08:19Z,scene_009,val,true,17,180,240,data/raw/arducam/depth/1767377299.npy,data/raw/arducam/confidence/1767377299.npy,data/processed/arducam/pose_coco17/1767377299.json,
1767377300,2026-01-02T18:08:20Z,scene_009,val,true,17,180,240,data/raw/arducam/depth/1767377300.npy,data/raw/arducam/confidence/1767377300.npy,data/processed/arducam/pose_coco17/1767377300.json,
1767377301,2026-01-02T18:08:21Z,scene_009,val,true,17,180,240,data/raw/arducam/depth/1767377301.npy,data/raw/arducam/confidence/1767377301.npy,data/processed/arducam/pose_coco17/1767377301.json,
1767377302,2026-01-02T18:08:22Z,scene_009,val,true,17,180,240,data/raw/arducam/depth/1767377302.npy,data/raw/arducam/confidence/1767377302.npy,data/processed/arducam/pose_coco17/1767377302.json,
1767377303,2026-01-02T18:08:23Z,scene_009,val,true,17,180,240,data/raw/arducam/depth/1767377303.npy,data/raw/arducam/confidence/1767377303.npy,data/processed/arducam/pose_coco17/1767377303.json,
1767377304,2026-01-02T18:08:24Z,scene_009,val,true,17,180,240,data/raw/arducam/depth/1767377304.npy,data/raw/arducam/confidence/1767377304.npy,data/processed/arducam/pose_coco17/1767377304.json,
1767377305,2026-01-02T18:08:25Z,scene_009,val,true,17,180,240,data/raw/arducam/depth/1767377305.npy,data/raw/arducam/confidence/1767377305.npy,data/processed/arducam/pose_coco17/1767377305.json,
1767377306,2026-01-02T18:08:26Z,scene_009,val,true,17,180,240,data/raw/arducam/depth/1767377306.npy,data/raw/arducam/confidence/1767377306.npy,data/processed/arducam/pose_coco17/1767377306.json,
1767377307,2026-01-02T18:08:27Z,scene_009,val,true,17,180,240,data/raw/arducam/depth/1767377307.npy,data/raw/arducam/confidence/1767377307.npy,data/processed/arducam/pose_coco17/1767377307.json,
1767377308,2026-01-02T18:08:28Z,scene_009,val,true,17,180,240,data/raw/arducam/depth/1767377308.npy,data/raw/arducam/confidence/1767377308.npy,data/processed/arducam/pose_coco17/1767377308.json,
1767377309,2026-01-02T18:08:29Z,scene_009,val,true,17,180,240,data/raw/arducam/depth/1767377309.npy,data/raw/arducam/confidence/1767377309.npy,data/processed/arducam/pose_coco17/1767377309.json,
1767377310,2026-01-02T18:08:30Z,scene_009,val,true,17,180,240,data/raw/arducam/depth/1767377310.npy,data/raw/arducam/confidence/1767377310.npy,data/processed/arducam/pose_coco17/1767377310.json,
1767377311,2026-01-02T18:08:31Z,scene_009,val,true,17,180,240,data/raw/arducam/depth/1767377311.npy,data/raw/arducam/confidence/1767377311.npy,data/processed/arducam/pose_coco17/1767377311.json,
1767377312,2026-01-02T18:08:32Z,scene_009,val,true,17,180,240,data/raw/arducam/depth/1767377312.npy,data/raw/arducam/confidence/1767377312.npy,data/processed/arducam/pose_coco17/1767377312.json,
1767377313,2026-01-02T18:08:33Z,scene_009,val,true,17,180,240,data/raw/arducam/depth/1767377313.npy,data/raw/arducam/confidence/1767377313.npy,data/processed/arducam/pose_coco17/1767377313.json,
1767377314,2026-01-02T18:08:34Z,scene_009,val,true,17,180,240,data/raw/arducam/depth/1767377314.npy,data/raw/arducam/confidence/1767377314.npy,data/processed/arducam/pose_coco17/1767377314.json,
1767377315,2026-01-02T18:08:35Z,scene_009,val,true,17,180,240,data/raw/arducam/depth/1767377315.npy,data/raw/arducam/confidence/1767377315.npy,data/processed/arducam/pose_coco17/1767377315.json,
1767377316,2026-01-02T18:08:36Z,scene_009,val,true,17,180,240,data/raw/arducam/depth/1767377316.npy,data/raw/arducam/confidence/1767377316.npy,data/processed/arducam/pose_coco17/1767377316.json,
1767377317,2026-01-02T18:08:37Z,scene_009,val,true,17,180,240,data/raw/arducam/depth/1767377317.npy,data/raw/arducam/confidence/1767377317.npy,data/processed/arducam/pose_coco17/1767377317.json,
1767377318,2026-01-02T18:08:38Z,scene_009,val,true,17,180,240,data/raw/arducam/depth/1767377318.npy,data/raw/arducam/confidence/1767377318.npy,data/processed/arducam/pose_coco17/1767377318.json,
1767377319,2026-01-02T18:08:39Z,scene_009,val,true,17,180,240,data/raw/arducam/depth/1767377319.npy,data/raw/arducam/confidence/1767377319.npy,data/processed/arducam/pose_coco17/1767377319.json,
1767377320,2026-01-02T18:08:40Z,scene_009,val,true,17,180,240,data/raw/arducam/depth/1767377320.npy,data/raw/arducam/confidence/1767377320.npy,data/processed/arducam/pose_coco17/1767377320.json,
1767377321,2026-01-02T18:08:41Z,scene_009,val,true,17,180,240,data/raw/arducam/depth/1767377321.npy,data/raw/arducam/confidence/1767377321.npy,data/processed/arducam/pose_coco17/1767377321.json,
1767377322,2026-01-02T18:08:42Z,scene_009,val,true,17,180,240,data/raw/arducam/depth/1767377322.npy,data/raw/arducam/confidence/1767377322.npy,data/processed/arducam/pose_coco17/1767377322.json,
1767377323,2026-01-02T18:08:43Z,scene_009,val,true,17,180,240,data/raw/arducam/depth/1767377323.npy,data/raw/arducam/confidence/1767377323.npy,data/processed/arducam/pose_coco17/1767377323.json,
1767377324,2026-01-02T18:08:44Z,scene_009,val,false,11,180,240,data/raw/arducam/depth/1767377324.npy,data/raw/arducam/confidence/1767377324.npy,data/processed/arducam/pose_coco17/1767377324.json,fewer_than_12_valid_keypoints
1767377325,2026-01-02T18:08:45Z,scene_009,val,false,11,180,240,data/raw/arducam/depth/1767377325.npy,data/raw/arducam/confidence/1767377325.npy,data/processed/arducam/pose_coco17/1767377325.json,fewer_than_12_valid_keypoints
1767377326,2026-01-02T18:08:46Z,scene_009,val,true,15,180,240,data/raw/arducam/depth/1767377326.npy,data/raw/arducam/confidence/1767377326.npy,data/processed/arducam/pose_coco17/1767377326.json,
1767377327,2026-01-02T18:08:47Z,scene_009,val,true,17,180,240,data/raw/arducam/depth/1767377327.npy,data/raw/arducam/confidence/1767377327.npy,data/processed/arducam/pose_coco17/1767377327.json,
1767377328,2026-01-02T18:08:48Z,scene_009,val,true,17,180,240,data/raw/arducam/depth/1767377328.npy,data/raw/arducam/confidence/1767377328.npy,data/processed/arducam/pose_coco17/1767377328.json,
1767377329,2026-01-02T18:08:49Z,scene_009,val,true,17,180,240,data/raw/arducam/depth/1767377329.npy,data/raw/arducam/confidence/1767377329.npy,data/processed/arducam/pose_coco17/1767377329.json,
1767377330,2026-01-02T18:08:50Z,scene_009,val,true,17,180,240,data/raw/arducam/depth/1767377330.npy,data/raw/arducam/confidence/1767377330.npy,data/processed/arducam/pose_coco17/1767377330.json,
1767377331,2026-01-02T18:08:51Z,scene_009,val,true,17,180,240,data/raw/arducam/depth/1767377331.npy,data/raw/arducam/confidence/1767377331.npy,data/processed/arducam/pose_coco17/1767377331.json,
1767377332,2026-01-02T18:08:52Z,scene_009,val,true,17,180,240,data/raw/arducam/depth/1767377332.npy,data/raw/arducam/confidence/1767377332.npy,data/processed/arducam/pose_coco17/1767377332.json,
1767377333,2026-01-02T18:08:53Z,scene_009,val,true,17,180,240,data/raw/arducam/depth/1767377333.npy,data/raw/arducam/confidence/1767377333.npy,data/processed/arducam/pose_coco17/1767377333.json,
1767377334,2026-01-02T18:08:54Z,scene_009,val,true,17,180,240,data/raw/arducam/depth/1767377334.npy,data/raw/arducam/confidence/1767377334.npy,data/processed/arducam/pose_coco17/1767377334.json,
1767377335,2026-01-02T18:08:55Z,scene_009,val,true,17,180,240,data/raw/arducam/depth/1767377335.npy,data/raw/arducam/confidence/1767377335.npy,data/processed/arducam/pose_coco17/1767377335.json,
1767377336,2026-01-02T18:08:56Z,scene_009,val,true,17,180,240,data/raw/arducam/depth/1767377336.npy,data/raw/arducam/confidence/1767377336.npy,data/processed/arducam/pose_coco17/1767377336.json,
1767377337,2026-01-02T18:08:57Z,scene_009,val,true,17,180,240,data/raw/arducam/depth/1767377337.npy,data/raw/arducam/confidence/1767377337.npy,data/processed/arducam/pose_coco17/1767377337.json,
1767377338,2026-01-02T18:08:58Z,scene_009,val,true,17,180,240,data/raw/arducam/depth/1767377338.npy,data/raw/arducam/confidence/1767377338.npy,data/processed/arducam/pose_coco17/1767377338.json,
1767377339,2026-01-02T18:08:59Z,scene_009,val,true,17,180,240,data/raw/arducam/depth/1767377339.npy,data/raw/arducam/confidence/1767377339.npy,data/processed/arducam/pose_coco17/1767377339.json,
1767377340,2026-01-02T18:09:00Z,scene_009,val,true,17,180,240,data/raw/arducam/depth/1767377340.npy,data/raw/arducam/confidence/1767377340.npy,data/processed/arducam/pose_coco17/1767377340.json,
1767377341,2026-01-02T18:09:01Z,scene_009,val,true,17,180,240,data/raw/arducam/depth/1767377341.npy,data/raw/arducam/confidence/1767377341.npy,data/processed/arducam/pose_coco17/1767377341.json,
1767377342,2026-01-02T18:09:02Z,scene_009,val,true,17,180,240,data/raw/arducam/depth/1767377342.npy,data/raw/arducam/confidence/1767377342.npy,data/processed/arducam/pose_coco17/1767377342.json,
1767377343,2026-01-02T18:09:03Z,scene_009,val,true,17,180,240,data/raw/arducam/depth/1767377343.npy,data/raw/arducam/confidence/1767377343.npy,data/processed/arducam/pose_coco17/1767377343.json,
1767377344,2026-01-02T18:09:04Z,scene_009,val,true,17,180,240,data/raw/arducam/depth/1767377344.npy,data/raw/arducam/confidence/1767377344.npy,data/processed/arducam/pose_coco17/1767377344.json,
1767377345,2026-01-02T18:09:05Z,scene_009,val,true,17,180,240,data/raw/arducam/depth/1767377345.npy,data/raw/arducam/confidence/1767377345.npy,data/processed/arducam/pose_coco17/1767377345.json,
1767377346,2026-01-02T18:09:06Z,scene_009,val,true,17,180,240,data/raw/arducam/depth/1767377346.npy,data/raw/arducam/confidence/1767377346.npy,data/processed/arducam/pose_coco17/1767377346.json,
1767377347,2026-01-02T18:09:07Z,scene_009,val,true,17,180,240,data/raw/arducam/depth/1767377347.npy,data/raw/arducam/confidence/1767377347.npy,data/processed/arducam/pose_coco17/1767377347.json,
1767377348,2026-01-02T18:09:08Z,scene_009,val,true,17,180,240,data/raw/arducam/depth/1767377348.npy,data/raw/arducam/confidence/1767377348.npy,data/processed/arducam/pose_coco17/1767377348.json,
1767377349,2026-01-02T18:09:09Z,scene_009,val,true,17,180,240,data/raw/arducam/depth/1767377349.npy,data/raw/arducam/confidence/1767377349.npy,data/processed/arducam/pose_coco17/1767377349.json,
1767377350,2026-01-02T18:09:10Z,scene_009,val,true,17,180,240,data/raw/arducam/depth/1767377350.npy,data/raw/arducam/confidence/1767377350.npy,data/processed/arducam/pose_coco17/1767377350.json,
1767377351,2026-01-02T18:09:11Z,scene_009,val,true,17,180,240,data/raw/arducam/depth/1767377351.npy,data/raw/arducam/confidence/1767377351.npy,data/processed/arducam/pose_coco17/1767377351.json,
1767377352,2026-01-02T18:09:12Z,scene_009,val,true,17,180,240,data/raw/arducam/depth/1767377352.npy,data/raw/arducam/confidence/1767377352.npy,data/processed/arducam/pose_coco17/1767377352.json,
1767377353,2026-01-02T18:09:13Z,scene_009,val,true,14,180,240,data/raw/arducam/depth/1767377353.npy,data/raw/arducam/confidence/1767377353.npy,data/processed/arducam/pose_coco17/1767377353.json,
1767377354,2026-01-02T18:09:14Z,scene_009,val,true,17,180,240,data/raw/arducam/depth/1767377354.npy,data/raw/arducam/confidence/1767377354.npy,data/processed/arducam/pose_coco17/1767377354.json,
1767377355,2026-01-02T18:09:15Z,scene_009,val,true,17,180,240,data/raw/arducam/depth/1767377355.npy,data/raw/arducam/confidence/1767377355.npy,data/processed/arducam/pose_coco17/1767377355.json,
1767377356,2026-01-02T18:09:16Z,scene_009,val,true,17,180,240,data/raw/arducam/depth/1767377356.npy,data/raw/arducam/confidence/1767377356.npy,data/processed/arducam/pose_coco17/1767377356.json,
1767377357,2026-01-02T18:09:17Z,scene_009,val,true,17,180,240,data/raw/arducam/depth/1767377357.npy,data/raw/arducam/confidence/1767377357.npy,data/processed/arducam/pose_coco17/1767377357.json,
1767377358,2026-01-02T18:09:18Z,scene_009,val,true,17,180,240,data/raw/arducam/depth/1767377358.npy,data/raw/arducam/confidence/1767377358.npy,data/processed/arducam/pose_coco17/1767377358.json,
1767377359,2026-01-02T18:09:19Z,scene_009,val,true,17,180,240,data/raw/arducam/depth/1767377359.npy,data/raw/arducam/confidence/1767377359.npy,data/processed/arducam/pose_coco17/1767377359.json,
1767377360,2026-01-02T18:09:20Z,scene_009,val,true,17,180,240,data/raw/arducam/depth/1767377360.npy,data/raw/arducam/confidence/1767377360.npy,data/processed/arducam/pose_coco17/1767377360.json,
1767377361,2026-01-02T18:09:21Z,scene_009,val,true,17,180,240,data/raw/arducam/depth/1767377361.npy,data/raw/arducam/confidence/1767377361.npy,data/processed/arducam/pose_coco17/1767377361.json,
1767377362,2026-01-02T18:09:22Z,scene_009,val,true,17,180,240,data/raw/arducam/depth/1767377362.npy,data/raw/arducam/confidence/1767377362.npy,data/processed/arducam/pose_coco17/1767377362.json,
1767377363,2026-01-02T18:09:23Z,scene_009,val,true,17,180,240,data/raw/arducam/depth/1767377363.npy,data/raw/arducam/confidence/1767377363.npy,data/processed/arducam/pose_coco17/1767377363.json,
1767377364,2026-01-02T18:09:24Z,scene_009,val,true,17,180,240,data/raw/arducam/depth/1767377364.npy,data/raw/arducam/confidence/1767377364.npy,data/processed/arducam/pose_coco17/1767377364.json,
1767377365,2026-01-02T18:09:25Z,scene_009,val,true,17,180,240,data/raw/arducam/depth/1767377365.npy,data/raw/arducam/confidence/1767377365.npy,data/processed/arducam/pose_coco17/1767377365.json,
1767377366,2026-01-02T18:09:26Z,scene_009,val,true,17,180,240,data/raw/arducam/depth/1767377366.npy,data/raw/arducam/confidence/1767377366.npy,data/processed/arducam/pose_coco17/1767377366.json,
1767377367,2026-01-02T18:09:27Z,scene_009,val,true,17,180,240,data/raw/arducam/depth/1767377367.npy,data/raw/arducam/confidence/1767377367.npy,data/processed/arducam/pose_coco17/1767377367.json,
1767377368,2026-01-02T18:09:28Z,scene_009,val,true,17,180,240,data/raw/arducam/depth/1767377368.npy,data/raw/arducam/confidence/1767377368.npy,data/processed/arducam/pose_coco17/1767377368.json,
1767377369,2026-01-02T18:09:29Z,scene_009,val,true,17,180,240,data/raw/arducam/depth/1767377369.npy,data/raw/arducam/confidence/1767377369.npy,data/processed/arducam/pose_coco17/1767377369.json,
1767377370,2026-01-02T18:09:30Z,scene_009,val,true,17,180,240,data/raw/arducam/depth/1767377370.npy,data/raw/arducam/confidence/1767377370.npy,data/processed/arducam/pose_coco17/1767377370.json,
1767377371,2026-01-02T18:09:31Z,scene_009,val,true,17,180,240,data/raw/arducam/depth/1767377371.npy,data/raw/arducam/confidence/1767377371.npy,data/processed/arducam/pose_coco17/1767377371.json,
1767377372,2026-01-02T18:09:32Z,scene_009,val,true,17,180,240,data/raw/arducam/depth/1767377372.npy,data/raw/arducam/confidence/1767377372.npy,data/processed/arducam/pose_coco17/1767377372.json,
1767377373,2026-01-02T18:09:33Z,scene_009,val,true,17,180,240,data/raw/arducam/depth/1767377373.npy,data/raw/arducam/confidence/1767377373.npy,data/processed/arducam/pose_coco17/1767377373.json,
1767377374,2026-01-02T18:09:34Z,scene_009,val,true,17,180,240,data/raw/arducam/depth/1767377374.npy,data/raw/arducam/confidence/1767377374.npy,data/processed/arducam/pose_coco17/1767377374.json,
1767377375,2026-01-02T18:09:35Z,scene_009,val,true,17,180,240,data/raw/arducam/depth/1767377375.npy,data/raw/arducam/confidence/1767377375.npy,data/processed/arducam/pose_coco17/1767377375.json,
1767377376,2026-01-02T18:09:36Z,scene_009,val,true,17,180,240,data/raw/arducam/depth/1767377376.npy,data/raw/arducam/confidence/1767377376.npy,data/processed/arducam/pose_coco17/1767377376.json,
1767377377,2026-01-02T18:09:37Z,scene_009,val,true,17,180,240,data/raw/arducam/depth/1767377377.npy,data/raw/arducam/confidence/1767377377.npy,data/processed/arducam/pose_coco17/1767377377.json,
1767377378,2026-01-02T18:09:38Z,scene_009,val,true,17,180,240,data/raw/arducam/depth/1767377378.npy,data/raw/arducam/confidence/1767377378.npy,data/processed/arducam/pose_coco17/1767377378.json,
1767377379,2026-01-02T18:09:39Z,scene_009,val,true,17,180,240,data/raw/arducam/depth/1767377379.npy,data/raw/arducam/confidence/1767377379.npy,data/processed/arducam/pose_coco17/1767377379.json,
1767377380,2026-01-02T18:09:40Z,scene_009,val,true,17,180,240,data/raw/arducam/depth/1767377380.npy,data/raw/arducam/confidence/1767377380.npy,data/processed/arducam/pose_coco17/1767377380.json,
1767377381,2026-01-02T18:09:41Z,scene_009,val,true,17,180,240,data/raw/arducam/depth/1767377381.npy,data/raw/arducam/confidence/1767377381.npy,data/processed/arducam/pose_coco17/1767377381.json,
1767377382,2026-01-02T18:09:42Z,scene_009,val,true,17,180,240,data/raw/arducam/depth/1767377382.npy,data/raw/arducam/confidence/1767377382.npy,data/processed/arducam/pose_coco17/1767377382.json,
1767377383,2026-01-02T18:09:43Z,scene_009,val,true,17,180,240,data/raw/arducam/depth/1767377383.npy,data/raw/arducam/confidence/1767377383.npy,data/processed/arducam/pose_coco17/1767377383.json,
1767377384,2026-01-02T18:09:44Z,scene_009,val,true,17,180,240,data/raw/arducam/depth/1767377384.npy,data/raw/arducam/confidence/1767377384.npy,data/processed/arducam/pose_coco17/1767377384.json,
1767377385,2026-01-02T18:09:45Z,scene_009,val,true,17,180,240,data/raw/arducam/depth/1767377385.npy,data/raw/arducam/confidence/1767377385.npy,data/processed/arducam/pose_coco17/1767377385.json,
1767377386,2026-01-02T18:09:46Z,scene_009,val,true,17,180,240,data/raw/arducam/depth/1767377386.npy,data/raw/arducam/confidence/1767377386.npy,data/processed/arducam/pose_coco17/1767377386.json,
1767377387,2026-01-02T18:09:47Z,scene_009,val,true,17,180,240,data/raw/arducam/depth/1767377387.npy,data/raw/arducam/confidence/1767377387.npy,data/processed/arducam/pose_coco17/1767377387.json,
1767377388,2026-01-02T18:09:48Z,scene_009,val,true,17,180,240,data/raw/arducam/depth/1767377388.npy,data/raw/arducam/confidence/1767377388.npy,data/processed/arducam/pose_coco17/1767377388.json,
1767377389,2026-01-02T18:09:49Z,scene_009,val,true,17,180,240,data/raw/arducam/depth/1767377389.npy,data/raw/arducam/confidence/1767377389.npy,data/processed/arducam/pose_coco17/1767377389.json,
1767377390,2026-01-02T18:09:50Z,scene_009,val,true,17,180,240,data/raw/arducam/depth/1767377390.npy,data/raw/arducam/confidence/1767377390.npy,data/processed/arducam/pose_coco17/1767377390.json,
1767377391,2026-01-02T18:09:51Z,scene_009,val,true,17,180,240,data/raw/arducam/depth/1767377391.npy,data/raw/arducam/confidence/1767377391.npy,data/processed/arducam/pose_coco17/1767377391.json,
1767377392,2026-01-02T18:09:52Z,scene_009,val,true,17,180,240,data/raw/arducam/depth/1767377392.npy,data/raw/arducam/confidence/1767377392.npy,data/processed/arducam/pose_coco17/1767377392.json,
1767377393,2026-01-02T18:09:53Z,scene_009,val,true,17,180,240,data/raw/arducam/depth/1767377393.npy,data/raw/arducam/confidence/1767377393.npy,data/processed/arducam/pose_coco17/1767377393.json,
1767377394,2026-01-02T18:09:54Z,scene_009,val,true,17,180,240,data/raw/arducam/depth/1767377394.npy,data/raw/arducam/confidence/1767377394.npy,data/processed/arducam/pose_coco17/1767377394.json,
1767377395,2026-01-02T18:09:55Z,scene_009,val,true,17,180,240,data/raw/arducam/depth/1767377395.npy,data/raw/arducam/confidence/1767377395.npy,data/processed/arducam/pose_coco17/1767377395.json,
1767377396,2026-01-02T18:09:56Z,scene_009,val,true,17,180,240,data/raw/arducam/depth/1767377396.npy,data/raw/arducam/confidence/1767377396.npy,data/processed/arducam/pose_coco17/1767377396.json,
1767377397,2026-01-02T18:09:57Z,scene_009,val,true,17,180,240,data/raw/arducam/depth/1767377397.npy,data/raw/arducam/confidence/1767377397.npy,data/processed/arducam/pose_coco17/1767377397.json,
1767377398,2026-01-02T18:09:58Z,scene_009,val,true,17,180,240,data/raw/arducam/depth/1767377398.npy,data/raw/arducam/confidence/1767377398.npy,data/processed/arducam/pose_coco17/1767377398.json,
1767377399,2026-01-02T18:09:59Z,scene_009,val,true,17,180,240,data/raw/arducam/depth/1767377399.npy,data/raw/arducam/confidence/1767377399.npy,data/processed/arducam/pose_coco17/1767377399.json,
1767377400,2026-01-02T18:10:00Z,scene_009,val,true,17,180,240,data/raw/arducam/depth/1767377400.npy,data/raw/arducam/confidence/1767377400.npy,data/processed/arducam/pose_coco17/1767377400.json,
1767377401,2026-01-02T18:10:01Z,scene_009,val,true,17,180,240,data/raw/arducam/depth/1767377401.npy,data/raw/arducam/confidence/1767377401.npy,data/processed/arducam/pose_coco17/1767377401.json,
1767377402,2026-01-02T18:10:02Z,scene_009,val,true,17,180,240,data/raw/arducam/depth/1767377402.npy,data/raw/arducam/confidence/1767377402.npy,data/processed/arducam/pose_coco17/1767377402.json,
1767377403,2026-01-02T18:10:03Z,scene_009,val,true,17,180,240,data/raw/arducam/depth/1767377403.npy,data/raw/arducam/confidence/1767377403.npy,data/processed/arducam/pose_coco17/1767377403.json,
1767377404,2026-01-02T18:10:04Z,scene_009,val,true,17,180,240,data/raw/arducam/depth/1767377404.npy,data/raw/arducam/confidence/1767377404.npy,data/processed/arducam/pose_coco17/1767377404.json,
1767377405,2026-01-02T18:10:05Z,scene_009,val,true,17,180,240,data/raw/arducam/depth/1767377405.npy,data/raw/arducam/confidence/1767377405.npy,data/processed/arducam/pose_coco17/1767377405.json,
1767377406,2026-01-02T18:10:06Z,scene_009,val,true,17,180,240,data/raw/arducam/depth/1767377406.npy,data/raw/arducam/confidence/1767377406.npy,data/processed/arducam/pose_coco17/1767377406.json,
1767377407,2026-01-02T18:10:07Z,scene_009,val,true,17,180,240,data/raw/arducam/depth/1767377407.npy,data/raw/arducam/confidence/1767377407.npy,data/processed/arducam/pose_coco17/1767377407.json,
1767377408,2026-01-02T18:10:08Z,scene_009,val,true,17,180,240,data/raw/arducam/depth/1767377408.npy,data/raw/arducam/confidence/1767377408.npy,data/processed/arducam/pose_coco17/1767377408.json,
1767377409,2026-01-02T18:10:09Z,scene_009,val,true,17,180,240,data/raw/arducam/depth/1767377409.npy,data/raw/arducam/confidence/1767377409.npy,data/processed/arducam/pose_coco17/1767377409.json,
1767377410,2026-01-02T18:10:10Z,scene_009,val,true,17,180,240,data/raw/arducam/depth/1767377410.npy,data/raw/arducam/confidence/1767377410.npy,data/processed/arducam/pose_coco17/1767377410.json,
1767377411,2026-01-02T18:10:11Z,scene_009,val,true,17,180,240,data/raw/arducam/depth/1767377411.npy,data/raw/arducam/confidence/1767377411.npy,data/processed/arducam/pose_coco17/1767377411.json,
1767377412,2026-01-02T18:10:12Z,scene_009,val,true,17,180,240,data/raw/arducam/depth/1767377412.npy,data/raw/arducam/confidence/1767377412.npy,data/processed/arducam/pose_coco17/1767377412.json,
1767377413,2026-01-02T18:10:13Z,scene_009,val,true,17,180,240,data/raw/arducam/depth/1767377413.npy,data/raw/arducam/confidence/1767377413.npy,data/processed/arducam/pose_coco17/1767377413.json,
1767377414,2026-01-02T18:10:14Z,scene_009,val,true,14,180,240,data/raw/arducam/depth/1767377414.npy,data/raw/arducam/confidence/1767377414.npy,data/processed/arducam/pose_coco17/1767377414.json,
1767377415,2026-01-02T18:10:15Z,scene_009,val,true,17,180,240,data/raw/arducam/depth/1767377415.npy,data/raw/arducam/confidence/1767377415.npy,data/processed/arducam/pose_coco17/1767377415.json,
1767377416,2026-01-02T18:10:16Z,scene_009,val,true,17,180,240,data/raw/arducam/depth/1767377416.npy,data/raw/arducam/confidence/1767377416.npy,data/processed/arducam/pose_coco17/1767377416.json,
1767377417,2026-01-02T18:10:17Z,scene_009,val,true,17,180,240,data/raw/arducam/depth/1767377417.npy,data/raw/arducam/confidence/1767377417.npy,data/processed/arducam/pose_coco17/1767377417.json,
1767377418,2026-01-02T18:10:18Z,scene_009,val,true,17,180,240,data/raw/arducam/depth/1767377418.npy,data/raw/arducam/confidence/1767377418.npy,data/processed/arducam/pose_coco17/1767377418.json,
1767377419,2026-01-02T18:10:19Z,scene_009,val,true,17,180,240,data/raw/arducam/depth/1767377419.npy,data/raw/arducam/confidence/1767377419.npy,data/processed/arducam/pose_coco17/1767377419.json,
1767377420,2026-01-02T18:10:20Z,scene_009,val,true,17,180,240,data/raw/arducam/depth/1767377420.npy,data/raw/arducam/confidence/1767377420.npy,data/processed/arducam/pose_coco17/1767377420.json,
1767377421,2026-01-02T18:10:21Z,scene_009,val,true,17,180,240,data/raw/arducam/depth/1767377421.npy,data/raw/arducam/confidence/1767377421.npy,data/processed/arducam/pose_coco17/1767377421.json,
1767377422,2026-01-02T18:10:22Z,scene_009,val,true,17,180,240,data/raw/arducam/depth/1767377422.npy,data/raw/arducam/confidence/1767377422.npy,data/processed/arducam/pose_coco17/1767377422.json,
1767377423,2026-01-02T18:10:23Z,scene_009,val,true,17,180,240,data/raw/arducam/depth/1767377423.npy,data/raw/arducam/confidence/1767377423.npy,data/processed/arducam/pose_coco17/1767377423.json,
1767377424,2026-01-02T18:10:24Z,scene_009,val,true,17,180,240,data/raw/arducam/depth/1767377424.npy,data/raw/arducam/confidence/1767377424.npy,data/processed/arducam/pose_coco17/1767377424.json,
1767377425,2026-01-02T18:10:25Z,scene_009,val,true,17,180,240,data/raw/arducam/depth/1767377425.npy,data/raw/arducam/confidence/1767377425.npy,data/processed/arducam/pose_coco17/1767377425.json,
1767377426,2026-01-02T18:10:26Z,scene_009,val,true,17,180,240,data/raw/arducam/depth/1767377426.npy,data/raw/arducam/confidence/1767377426.npy,data/processed/arducam/pose_coco17/1767377426.json,
1767377427,2026-01-02T18:10:27Z,scene_009,val,true,17,180,240,data/raw/arducam/depth/1767377427.npy,data/raw/arducam/confidence/1767377427.npy,data/processed/arducam/pose_coco17/1767377427.json,
1767377428,2026-01-02T18:10:28Z,scene_009,val,true,17,180,240,data/raw/arducam/depth/1767377428.npy,data/raw/arducam/confidence/1767377428.npy,data/processed/arducam/pose_coco17/1767377428.json,
1767377429,2026-01-02T18:10:29Z,scene_009,val,true,17,180,240,data/raw/arducam/depth/1767377429.npy,data/raw/arducam/confidence/1767377429.npy,data/processed/arducam/pose_coco17/1767377429.json,
1767377430,2026-01-02T18:10:30Z,scene_009,val,true,17,180,240,data/raw/arducam/depth/1767377430.npy,data/raw/arducam/confidence/1767377430.npy,data/processed/arducam/pose_coco17/1767377430.json,
1767377431,2026-01-02T18:10:31Z,scene_009,val,true,17,180,240,data/raw/arducam/depth/1767377431.npy,data/raw/arducam/confidence/1767377431.npy,data/processed/arducam/pose_coco17/1767377431.json,
1767377433,2026-01-02T18:10:33Z,scene_009,val,true,17,180,240,data/raw/arducam/depth/1767377433.npy,data/raw/arducam/confidence/1767377433.npy,data/processed/arducam/pose_coco17/1767377433.json,
1767377434,2026-01-02T18:10:34Z,scene_009,val,true,17,180,240,data/raw/arducam/depth/1767377434.npy,data/raw/arducam/confidence/1767377434.npy,data/processed/arducam/pose_coco17/1767377434.json,
1767377435,2026-01-02T18:10:35Z,scene_009,val,true,17,180,240,data/raw/arducam/depth/1767377435.npy,data/raw/arducam/confidence/1767377435.npy,data/processed/arducam/pose_coco17/1767377435.json,
1767377436,2026-01-02T18:10:36Z,scene_009,val,true,17,180,240,data/raw/arducam/depth/1767377436.npy,data/raw/arducam/confidence/1767377436.npy,data/processed/arducam/pose_coco17/1767377436.json,
1767377437,2026-01-02T18:10:37Z,scene_009,val,true,17,180,240,data/raw/arducam/depth/1767377437.npy,data/raw/arducam/confidence/1767377437.npy,data/processed/arducam/pose_coco17/1767377437.json,
1767377438,2026-01-02T18:10:38Z,scene_009,val,true,17,180,240,data/raw/arducam/depth/1767377438.npy,data/raw/arducam/confidence/1767377438.npy,data/processed/arducam/pose_coco17/1767377438.json,
1767377439,2026-01-02T18:10:39Z,scene_009,val,true,17,180,240,data/raw/arducam/depth/1767377439.npy,data/raw/arducam/confidence/1767377439.npy,data/processed/arducam/pose_coco17/1767377439.json,
1767377440,2026-01-02T18:10:40Z,scene_009,val,true,16,180,240,data/raw/arducam/depth/1767377440.npy,data/raw/arducam/confidence/1767377440.npy,data/processed/arducam/pose_coco17/1767377440.json,
1767377441,2026-01-02T18:10:41Z,scene_009,val,true,15,180,240,data/raw/arducam/depth/1767377441.npy,data/raw/arducam/confidence/1767377441.npy,data/processed/arducam/pose_coco17/1767377441.json,
1767377442,2026-01-02T18:10:42Z,scene_009,val,true,17,180,240,data/raw/arducam/depth/1767377442.npy,data/raw/arducam/confidence/1767377442.npy,data/processed/arducam/pose_coco17/1767377442.json,
1767377443,2026-01-02T18:10:43Z,scene_009,val,true,17,180,240,data/raw/arducam/depth/1767377443.npy,data/raw/arducam/confidence/1767377443.npy,data/processed/arducam/pose_coco17/1767377443.json,
1767377444,2026-01-02T18:10:44Z,scene_009,val,true,17,180,240,data/raw/arducam/depth/1767377444.npy,data/raw/arducam/confidence/1767377444.npy,data/processed/arducam/pose_coco17/1767377444.json,
1767377445,2026-01-02T18:10:45Z,scene_009,val,true,17,180,240,data/raw/arducam/depth/1767377445.npy,data/raw/arducam/confidence/1767377445.npy,data/processed/arducam/pose_coco17/1767377445.json,
1767377446,2026-01-02T18:10:46Z,scene_009,val,true,17,180,240,data/raw/arducam/depth/1767377446.npy,data/raw/arducam/confidence/1767377446.npy,data/processed/arducam/pose_coco17/1767377446.json,
1767377447,2026-01-02T18:10:47Z,scene_009,val,true,17,180,240,data/raw/arducam/depth/1767377447.npy,data/raw/arducam/confidence/1767377447.npy,data/processed/arducam/pose_coco17/1767377447.json,
1767377448,2026-01-02T18:10:48Z,scene_009,val,true,17,180,240,data/raw/arducam/depth/1767377448.npy,data/raw/arducam/confidence/1767377448.npy,data/processed/arducam/pose_coco17/1767377448.json,
1767377449,2026-01-02T18:10:49Z,scene_009,val,true,17,180,240,data/raw/arducam/depth/1767377449.npy,data/raw/arducam/confidence/1767377449.npy,data/processed/arducam/pose_coco17/1767377449.json,
1767377450,2026-01-02T18:10:50Z,scene_009,val,true,17,180,240,data/raw/arducam/depth/1767377450.npy,data/raw/arducam/confidence/1767377450.npy,data/processed/arducam/pose_coco17/1767377450.json,
1767377451,2026-01-02T18:10:51Z,scene_009,val,true,17,180,240,data/raw/arducam/depth/1767377451.npy,data/raw/arducam/confidence/1767377451.npy,data/processed/arducam/pose_coco17/1767377451.json,
1767377452,2026-01-02T18:10:52Z,scene_009,val,true,17,180,240,data/raw/arducam/depth/1767377452.npy,data/raw/arducam/confidence/1767377452.npy,data/processed/arducam/pose_coco17/1767377452.json,
1767377453,2026-01-02T18:10:53Z,scene_009,val,true,17,180,240,data/raw/arducam/depth/1767377453.npy,data/raw/arducam/confidence/1767377453.npy,data/processed/arducam/pose_coco17/1767377453.json,
1767377454,2026-01-02T18:10:54Z,scene_009,val,true,17,180,240,data/raw/arducam/depth/1767377454.npy,data/raw/arducam/confidence/1767377454.npy,data/processed/arducam/pose_coco17/1767377454.json,
1767377455,2026-01-02T18:10:55Z,scene_009,val,true,17,180,240,data/raw/arducam/depth/1767377455.npy,data/raw/arducam/confidence/1767377455.npy,data/processed/arducam/pose_coco17/1767377455.json,
1767377456,2026-01-02T18:10:56Z,scene_009,val,true,17,180,240,data/raw/arducam/depth/1767377456.npy,data/raw/arducam/confidence/1767377456.npy,data/processed/arducam/pose_coco17/1767377456.json,
1767377457,2026-01-02T18:10:57Z,scene_009,val,true,17,180,240,data/raw/arducam/depth/1767377457.npy,data/raw/arducam/confidence/1767377457.npy,data/processed/arducam/pose_coco17/1767377457.json,
1767377458,2026-01-02T18:10:58Z,scene_009,val,true,17,180,240,data/raw/arducam/depth/1767377458.npy,data/raw/arducam/confidence/1767377458.npy,data/processed/arducam/pose_coco17/1767377458.json,
1767377459,2026-01-02T18:10:59Z,scene_009,val,true,17,180,240,data/raw/arducam/depth/1767377459.npy,data/raw/arducam/confidence/1767377459.npy,data/processed/arducam/pose_coco17/1767377459.json,
1767377460,2026-01-02T18:11:00Z,scene_009,val,true,17,180,240,data/raw/arducam/depth/1767377460.npy,data/raw/arducam/confidence/1767377460.npy,data/processed/arducam/pose_coco17/1767377460.json,
1767377461,2026-01-02T18:11:01Z,scene_009,val,true,17,180,240,data/raw/arducam/depth/1767377461.npy,data/raw/arducam/confidence/1767377461.npy,data/processed/arducam/pose_coco17/1767377461.json,
1767377462,2026-01-02T18:11:02Z,scene_009,val,true,17,180,240,data/raw/arducam/depth/1767377462.npy,data/raw/arducam/confidence/1767377462.npy,data/processed/arducam/pose_coco17/1767377462.json,
1767377463,2026-01-02T18:11:03Z,scene_009,val,true,17,180,240,data/raw/arducam/depth/1767377463.npy,data/raw/arducam/confidence/1767377463.npy,data/processed/arducam/pose_coco17/1767377463.json,
1767377464,2026-01-02T18:11:04Z,scene_009,val,true,17,180,240,data/raw/arducam/depth/1767377464.npy,data/raw/arducam/confidence/1767377464.npy,data/processed/arducam/pose_coco17/1767377464.json,
1767377465,2026-01-02T18:11:05Z,scene_009,val,true,17,180,240,data/raw/arducam/depth/1767377465.npy,data/raw/arducam/confidence/1767377465.npy,data/processed/arducam/pose_coco17/1767377465.json,
1767377466,2026-01-02T18:11:06Z,scene_009,val,true,17,180,240,data/raw/arducam/depth/1767377466.npy,data/raw/arducam/confidence/1767377466.npy,data/processed/arducam/pose_coco17/1767377466.json,
1767377467,2026-01-02T18:11:07Z,scene_009,val,true,17,180,240,data/raw/arducam/depth/1767377467.npy,data/raw/arducam/confidence/1767377467.npy,data/processed/arducam/pose_coco17/1767377467.json,
1767377468,2026-01-02T18:11:08Z,scene_009,val,true,17,180,240,data/raw/arducam/depth/1767377468.npy,data/raw/arducam/confidence/1767377468.npy,data/processed/arducam/pose_coco17/1767377468.json,
1767377469,2026-01-02T18:11:09Z,scene_009,val,true,17,180,240,data/raw/arducam/depth/1767377469.npy,data/raw/arducam/confidence/1767377469.npy,data/processed/arducam/pose_coco17/1767377469.json,
1767377470,2026-01-02T18:11:10Z,scene_009,val,true,17,180,240,data/raw/arducam/depth/1767377470.npy,data/raw/arducam/confidence/1767377470.npy,data/processed/arducam/pose_coco17/1767377470.json,
1767377471,2026-01-02T18:11:11Z,scene_009,val,true,17,180,240,data/raw/arducam/depth/1767377471.npy,data/raw/arducam/confidence/1767377471.npy,data/processed/arducam/pose_coco17/1767377471.json,
1767377472,2026-01-02T18:11:12Z,scene_009,val,true,17,180,240,data/raw/arducam/depth/1767377472.npy,data/raw/arducam/confidence/1767377472.npy,data/processed/arducam/pose_coco17/1767377472.json,
1767377473,2026-01-02T18:11:13Z,scene_009,val,true,17,180,240,data/raw/arducam/depth/1767377473.npy,data/raw/arducam/confidence/1767377473.npy,data/processed/arducam/pose_coco17/1767377473.json,
1767377474,2026-01-02T18:11:14Z,scene_009,val,true,17,180,240,data/raw/arducam/depth/1767377474.npy,data/raw/arducam/confidence/1767377474.npy,data/processed/arducam/pose_coco17/1767377474.json,
1767377475,2026-01-02T18:11:15Z,scene_009,val,true,17,180,240,data/raw/arducam/depth/1767377475.npy,data/raw/arducam/confidence/1767377475.npy,data/processed/arducam/pose_coco17/1767377475.json,
1767377476,2026-01-02T18:11:16Z,scene_009,val,true,17,180,240,data/raw/arducam/depth/1767377476.npy,data/raw/arducam/confidence/1767377476.npy,data/processed/arducam/pose_coco17/1767377476.json,
1767377477,2026-01-02T18:11:17Z,scene_009,val,true,17,180,240,data/raw/arducam/depth/1767377477.npy,data/raw/arducam/confidence/1767377477.npy,data/processed/arducam/pose_coco17/1767377477.json,
1767377478,2026-01-02T18:11:18Z,scene_009,val,true,17,180,240,data/raw/arducam/depth/1767377478.npy,data/raw/arducam/confidence/1767377478.npy,data/processed/arducam/pose_coco17/1767377478.json,
1767377479,2026-01-02T18:11:19Z,scene_009,val,true,17,180,240,data/raw/arducam/depth/1767377479.npy,data/raw/arducam/confidence/1767377479.npy,data/processed/arducam/pose_coco17/1767377479.json,
1767377480,2026-01-02T18:11:20Z,scene_009,val,true,17,180,240,data/raw/arducam/depth/1767377480.npy,data/raw/arducam/confidence/1767377480.npy,data/processed/arducam/pose_coco17/1767377480.json,
1767377489,2026-01-02T18:11:29Z,scene_009,val,true,17,180,240,data/raw/arducam/depth/1767377489.npy,data/raw/arducam/confidence/1767377489.npy,data/processed/arducam/pose_coco17/1767377489.json,
1767377490,2026-01-02T18:11:30Z,scene_009,val,true,17,180,240,data/raw/arducam/depth/1767377490.npy,data/raw/arducam/confidence/1767377490.npy,data/processed/arducam/pose_coco17/1767377490.json,
1767377491,2026-01-02T18:11:31Z,scene_009,val,true,17,180,240,data/raw/arducam/depth/1767377491.npy,data/raw/arducam/confidence/1767377491.npy,data/processed/arducam/pose_coco17/1767377491.json,
1767377492,2026-01-02T18:11:32Z,scene_009,val,true,17,180,240,data/raw/arducam/depth/1767377492.npy,data/raw/arducam/confidence/1767377492.npy,data/processed/arducam/pose_coco17/1767377492.json,
1767377493,2026-01-02T18:11:33Z,scene_009,val,true,17,180,240,data/raw/arducam/depth/1767377493.npy,data/raw/arducam/confidence/1767377493.npy,data/processed/arducam/pose_coco17/1767377493.json,
1767377494,2026-01-02T18:11:34Z,scene_009,val,true,17,180,240,data/raw/arducam/depth/1767377494.npy,data/raw/arducam/confidence/1767377494.npy,data/processed/arducam/pose_coco17/1767377494.json,
1767377504,2026-01-02T18:11:44Z,scene_009,val,true,17,180,240,data/raw/arducam/depth/1767377504.npy,data/raw/arducam/confidence/1767377504.npy,data/processed/arducam/pose_coco17/1767377504.json,
1767377505,2026-01-02T18:11:45Z,scene_009,val,true,17,180,240,data/raw/arducam/depth/1767377505.npy,data/raw/arducam/confidence/1767377505.npy,data/processed/arducam/pose_coco17/1767377505.json,
1767377506,2026-01-02T18:11:46Z,scene_009,val,true,17,180,240,data/raw/arducam/depth/1767377506.npy,data/raw/arducam/confidence/1767377506.npy,data/processed/arducam/pose_coco17/1767377506.json,
1767377507,2026-01-02T18:11:47Z,scene_009,val,true,17,180,240,data/raw/arducam/depth/1767377507.npy,data/raw/arducam/confidence/1767377507.npy,data/processed/arducam/pose_coco17/1767377507.json,
1767377508,2026-01-02T18:11:48Z,scene_009,val,true,17,180,240,data/raw/arducam/depth/1767377508.npy,data/raw/arducam/confidence/1767377508.npy,data/processed/arducam/pose_coco17/1767377508.json,
1767377509,2026-01-02T18:11:49Z,scene_009,val,true,17,180,240,data/raw/arducam/depth/1767377509.npy,data/raw/arducam/confidence/1767377509.npy,data/processed/arducam/pose_coco17/1767377509.json,
1767377510,2026-01-02T18:11:50Z,scene_009,val,true,17,180,240,data/raw/arducam/depth/1767377510.npy,data/raw/arducam/confidence/1767377510.npy,data/processed/arducam/pose_coco17/1767377510.json,
1767377511,2026-01-02T18:11:51Z,scene_009,val,true,17,180,240,data/raw/arducam/depth/1767377511.npy,data/raw/arducam/confidence/1767377511.npy,data/processed/arducam/pose_coco17/1767377511.json,
1767377512,2026-01-02T18:11:52Z,scene_009,val,true,17,180,240,data/raw/arducam/depth/1767377512.npy,data/raw/arducam/confidence/1767377512.npy,data/processed/arducam/pose_coco17/1767377512.json,
1767377513,2026-01-02T18:11:53Z,scene_009,val,true,17,180,240,data/raw/arducam/depth/1767377513.npy,data/raw/arducam/confidence/1767377513.npy,data/processed/arducam/pose_coco17/1767377513.json,
1767377514,2026-01-02T18:11:54Z,scene_009,val,true,17,180,240,data/raw/arducam/depth/1767377514.npy,data/raw/arducam/confidence/1767377514.npy,data/processed/arducam/pose_coco17/1767377514.json,
1767377515,2026-01-02T18:11:55Z,scene_009,val,true,13,180,240,data/raw/arducam/depth/1767377515.npy,data/raw/arducam/confidence/1767377515.npy,data/processed/arducam/pose_coco17/1767377515.json,
1767377516,2026-01-02T18:11:56Z,scene_009,val,true,17,180,240,data/raw/arducam/depth/1767377516.npy,data/raw/arducam/confidence/1767377516.npy,data/processed/arducam/pose_coco17/1767377516.json,
1767377518,2026-01-02T18:11:58Z,scene_009,val,true,12,180,240,data/raw/arducam/depth/1767377518.npy,data/raw/arducam/confidence/1767377518.npy,data/processed/arducam/pose_coco17/1767377518.json,
1767377519,2026-01-02T18:11:59Z,scene_009,val,true,17,180,240,data/raw/arducam/depth/1767377519.npy,data/raw/arducam/confidence/1767377519.npy,data/processed/arducam/pose_coco17/1767377519.json,
1767377520,2026-01-02T18:12:00Z,scene_009,val,true,17,180,240,data/raw/arducam/depth/1767377520.npy,data/raw/arducam/confidence/1767377520.npy,data/processed/arducam/pose_coco17/1767377520.json,
1767377521,2026-01-02T18:12:01Z,scene_009,val,true,17,180,240,data/raw/arducam/depth/1767377521.npy,data/raw/arducam/confidence/1767377521.npy,data/processed/arducam/pose_coco17/1767377521.json,
1767377522,2026-01-02T18:12:02Z,scene_009,val,true,17,180,240,data/raw/arducam/depth/1767377522.npy,data/raw/arducam/confidence/1767377522.npy,data/processed/arducam/pose_coco17/1767377522.json,
1767377523,2026-01-02T18:12:03Z,scene_009,val,true,17,180,240,data/raw/arducam/depth/1767377523.npy,data/raw/arducam/confidence/1767377523.npy,data/processed/arducam/pose_coco17/1767377523.json,
1767377524,2026-01-02T18:12:04Z,scene_009,val,true,17,180,240,data/raw/arducam/depth/1767377524.npy,data/raw/arducam/confidence/1767377524.npy,data/processed/arducam/pose_coco17/1767377524.json,
1767377525,2026-01-02T18:12:05Z,scene_009,val,true,17,180,240,data/raw/arducam/depth/1767377525.npy,data/raw/arducam/confidence/1767377525.npy,data/processed/arducam/pose_coco17/1767377525.json,
1767377526,2026-01-02T18:12:06Z,scene_009,val,true,17,180,240,data/raw/arducam/depth/1767377526.npy,data/raw/arducam/confidence/1767377526.npy,data/processed/arducam/pose_coco17/1767377526.json,
1767377527,2026-01-02T18:12:07Z,scene_009,val,true,17,180,240,data/raw/arducam/depth/1767377527.npy,data/raw/arducam/confidence/1767377527.npy,data/processed/arducam/pose_coco17/1767377527.json,
1767377528,2026-01-02T18:12:08Z,scene_009,val,true,17,180,240,data/raw/arducam/depth/1767377528.npy,data/raw/arducam/confidence/1767377528.npy,data/processed/arducam/pose_coco17/1767377528.json,
1767377529,2026-01-02T18:12:09Z,scene_009,val,true,17,180,240,data/raw/arducam/depth/1767377529.npy,data/raw/arducam/confidence/1767377529.npy,data/processed/arducam/pose_coco17/1767377529.json,
1767377530,2026-01-02T18:12:10Z,scene_009,val,true,17,180,240,data/raw/arducam/depth/1767377530.npy,data/raw/arducam/confidence/1767377530.npy,data/processed/arducam/pose_coco17/1767377530.json,
1767377531,2026-01-02T18:12:11Z,scene_009,val,true,17,180,240,data/raw/arducam/depth/1767377531.npy,data/raw/arducam/confidence/1767377531.npy,data/processed/arducam/pose_coco17/1767377531.json,
1767377532,2026-01-02T18:12:12Z,scene_009,val,true,17,180,240,data/raw/arducam/depth/1767377532.npy,data/raw/arducam/confidence/1767377532.npy,data/processed/arducam/pose_coco17/1767377532.json,
1767377533,2026-01-02T18:12:13Z,scene_009,val,true,17,180,240,data/raw/arducam/depth/1767377533.npy,data/raw/arducam/confidence/1767377533.npy,data/processed/arducam/pose_coco17/1767377533.json,
1767377534,2026-01-02T18:12:14Z,scene_009,val,true,17,180,240,data/raw/arducam/depth/1767377534.npy,data/raw/arducam/confidence/1767377534.npy,data/processed/arducam/pose_coco17/1767377534.json,
1767377535,2026-01-02T18:12:15Z,scene_009,val,true,17,180,240,data/raw/arducam/depth/1767377535.npy,data/raw/arducam/confidence/1767377535.npy,data/processed/arducam/pose_coco17/1767377535.json,
1767377536,2026-01-02T18:12:16Z,scene_009,val,true,17,180,240,data/raw/arducam/depth/1767377536.npy,data/raw/arducam/confidence/1767377536.npy,data/processed/arducam/pose_coco17/1767377536.json,
1767377537,2026-01-02T18:12:17Z,scene_009,val,true,17,180,240,data/raw/arducam/depth/1767377537.npy,data/raw/arducam/confidence/1767377537.npy,data/processed/arducam/pose_coco17/1767377537.json,
1767377538,2026-01-02T18:12:18Z,scene_009,val,true,17,180,240,data/raw/arducam/depth/1767377538.npy,data/raw/arducam/confidence/1767377538.npy,data/processed/arducam/pose_coco17/1767377538.json,
1767377539,2026-01-02T18:12:19Z,scene_009,val,true,17,180,240,data/raw/arducam/depth/1767377539.npy,data/raw/arducam/confidence/1767377539.npy,data/processed/arducam/pose_coco17/1767377539.json,
1767377540,2026-01-02T18:12:20Z,scene_009,val,true,17,180,240,data/raw/arducam/depth/1767377540.npy,data/raw/arducam/confidence/1767377540.npy,data/processed/arducam/pose_coco17/1767377540.json,
1767377541,2026-01-02T18:12:21Z,scene_009,val,true,17,180,240,data/raw/arducam/depth/1767377541.npy,data/raw/arducam/confidence/1767377541.npy,data/processed/arducam/pose_coco17/1767377541.json,
1767377542,2026-01-02T18:12:22Z,scene_009,val,true,17,180,240,data/raw/arducam/depth/1767377542.npy,data/raw/arducam/confidence/1767377542.npy,data/processed/arducam/pose_coco17/1767377542.json,
1767377543,2026-01-02T18:12:23Z,scene_009,val,true,17,180,240,data/raw/arducam/depth/1767377543.npy,data/raw/arducam/confidence/1767377543.npy,data/processed/arducam/pose_coco17/1767377543.json,
1767377544,2026-01-02T18:12:24Z,scene_009,val,true,17,180,240,data/raw/arducam/depth/1767377544.npy,data/raw/arducam/confidence/1767377544.npy,data/processed/arducam/pose_coco17/1767377544.json,
1767377545,2026-01-02T18:12:25Z,scene_009,val,true,12,180,240,data/raw/arducam/depth/1767377545.npy,data/raw/arducam/confidence/1767377545.npy,data/processed/arducam/pose_coco17/1767377545.json,
1767377546,2026-01-02T18:12:26Z,scene_009,val,true,17,180,240,data/raw/arducam/depth/1767377546.npy,data/raw/arducam/confidence/1767377546.npy,data/processed/arducam/pose_coco17/1767377546.json,
1767377547,2026-01-02T18:12:27Z,scene_009,val,true,17,180,240,data/raw/arducam/depth/1767377547.npy,data/raw/arducam/confidence/1767377547.npy,data/processed/arducam/pose_coco17/1767377547.json,
1767377548,2026-01-02T18:12:28Z,scene_009,val,true,17,180,240,data/raw/arducam/depth/1767377548.npy,data/raw/arducam/confidence/1767377548.npy,data/processed/arducam/pose_coco17/1767377548.json,
1767377549,2026-01-02T18:12:29Z,scene_009,val,true,17,180,240,data/raw/arducam/depth/1767377549.npy,data/raw/arducam/confidence/1767377549.npy,data/processed/arducam/pose_coco17/1767377549.json,
1767377550,2026-01-02T18:12:30Z,scene_009,val,true,17,180,240,data/raw/arducam/depth/1767377550.npy,data/raw/arducam/confidence/1767377550.npy,data/processed/arducam/pose_coco17/1767377550.json,
1767377551,2026-01-02T18:12:31Z,scene_009,val,true,17,180,240,data/raw/arducam/depth/1767377551.npy,data/raw/arducam/confidence/1767377551.npy,data/processed/arducam/pose_coco17/1767377551.json,
1767377632,2026-01-02T18:13:52Z,scene_009,val,true,17,180,240,data/raw/arducam/depth/1767377632.npy,data/raw/arducam/confidence/1767377632.npy,data/processed/arducam/pose_coco17/1767377632.json,
1767377633,2026-01-02T18:13:53Z,scene_009,val,true,17,180,240,data/raw/arducam/depth/1767377633.npy,data/raw/arducam/confidence/1767377633.npy,data/processed/arducam/pose_coco17/1767377633.json,
1767377634,2026-01-02T18:13:54Z,scene_009,val,true,17,180,240,data/raw/arducam/depth/1767377634.npy,data/raw/arducam/confidence/1767377634.npy,data/processed/arducam/pose_coco17/1767377634.json,
1767377635,2026-01-02T18:13:55Z,scene_009,val,true,17,180,240,data/raw/arducam/depth/1767377635.npy,data/raw/arducam/confidence/1767377635.npy,data/processed/arducam/pose_coco17/1767377635.json,
1767377636,2026-01-02T18:13:56Z,scene_009,val,true,17,180,240,data/raw/arducam/depth/1767377636.npy,data/raw/arducam/confidence/1767377636.npy,data/processed/arducam/pose_coco17/1767377636.json,
1767377637,2026-01-02T18:13:57Z,scene_009,val,true,17,180,240,data/raw/arducam/depth/1767377637.npy,data/raw/arducam/confidence/1767377637.npy,data/processed/arducam/pose_coco17/1767377637.json,
1767377638,2026-01-02T18:13:58Z,scene_009,val,true,17,180,240,data/raw/arducam/depth/1767377638.npy,data/raw/arducam/confidence/1767377638.npy,data/processed/arducam/pose_coco17/1767377638.json,
1767377639,2026-01-02T18:13:59Z,scene_009,val,true,17,180,240,data/raw/arducam/depth/1767377639.npy,data/raw/arducam/confidence/1767377639.npy,data/processed/arducam/pose_coco17/1767377639.json,
1767377640,2026-01-02T18:14:00Z,scene_009,val,true,17,180,240,data/raw/arducam/depth/1767377640.npy,data/raw/arducam/confidence/1767377640.npy,data/processed/arducam/pose_coco17/1767377640.json,
1767377641,2026-01-02T18:14:01Z,scene_009,val,true,17,180,240,data/raw/arducam/depth/1767377641.npy,data/raw/arducam/confidence/1767377641.npy,data/processed/arducam/pose_coco17/1767377641.json,
1767377642,2026-01-02T18:14:02Z,scene_009,val,true,17,180,240,data/raw/arducam/depth/1767377642.npy,data/raw/arducam/confidence/1767377642.npy,data/processed/arducam/pose_coco17/1767377642.json,
1767377643,2026-01-02T18:14:03Z,scene_009,val,true,17,180,240,data/raw/arducam/depth/1767377643.npy,data/raw/arducam/confidence/1767377643.npy,data/processed/arducam/pose_coco17/1767377643.json,
1767377644,2026-01-02T18:14:04Z,scene_009,val,true,17,180,240,data/raw/arducam/depth/1767377644.npy,data/raw/arducam/confidence/1767377644.npy,data/processed/arducam/pose_coco17/1767377644.json,
1767377645,2026-01-02T18:14:05Z,scene_009,val,true,15,180,240,data/raw/arducam/depth/1767377645.npy,data/raw/arducam/confidence/1767377645.npy,data/processed/arducam/pose_coco17/1767377645.json,
1767377646,2026-01-02T18:14:06Z,scene_009,val,true,15,180,240,data/raw/arducam/depth/1767377646.npy,data/raw/arducam/confidence/1767377646.npy,data/processed/arducam/pose_coco17/1767377646.json,
1767377647,2026-01-02T18:14:07Z,scene_009,val,true,16,180,240,data/raw/arducam/depth/1767377647.npy,data/raw/arducam/confidence/1767377647.npy,data/processed/arducam/pose_coco17/1767377647.json,
1767377648,2026-01-02T18:14:08Z,scene_009,val,true,16,180,240,data/raw/arducam/depth/1767377648.npy,data/raw/arducam/confidence/1767377648.npy,data/processed/arducam/pose_coco17/1767377648.json,
1767377649,2026-01-02T18:14:09Z,scene_009,val,true,13,180,240,data/raw/arducam/depth/1767377649.npy,data/raw/arducam/confidence/1767377649.npy,data/processed/arducam/pose_coco17/1767377649.json,
1767377656,2026-01-02T18:14:16Z,scene_009,val,false,7,180,240,data/raw/arducam/depth/1767377656.npy,data/raw/arducam/confidence/1767377656.npy,data/processed/arducam/pose_coco17/1767377656.json,fewer_than_12_valid_keypoints
1767377657,2026-01-02T18:14:17Z,scene_009,val,true,16,180,240,data/raw/arducam/depth/1767377657.npy,data/raw/arducam/confidence/1767377657.npy,data/processed/arducam/pose_coco17/1767377657.json,
1767377658,2026-01-02T18:14:18Z,scene_009,val,true,17,180,240,data/raw/arducam/depth/1767377658.npy,data/raw/arducam/confidence/1767377658.npy,data/processed/arducam/pose_coco17/1767377658.json,
1767377659,2026-01-02T18:14:19Z,scene_009,val,true,17,180,240,data/raw/arducam/depth/1767377659.npy,data/raw/arducam/confidence/1767377659.npy,data/processed/arducam/pose_coco17/1767377659.json,
1767377660,2026-01-02T18:14:20Z,scene_009,val,true,17,180,240,data/raw/arducam/depth/1767377660.npy,data/raw/arducam/confidence/1767377660.npy,data/processed/arducam/pose_coco17/1767377660.json,
1767377661,2026-01-02T18:14:21Z,scene_009,val,true,17,180,240,data/raw/arducam/depth/1767377661.npy,data/raw/arducam/confidence/1767377661.npy,data/processed/arducam/pose_coco17/1767377661.json,
1767377662,2026-01-02T18:14:22Z,scene_009,val,true,17,180,240,data/raw/arducam/depth/1767377662.npy,data/raw/arducam/confidence/1767377662.npy,data/processed/arducam/pose_coco17/1767377662.json,
1767377663,2026-01-02T18:14:23Z,scene_009,val,true,17,180,240,data/raw/arducam/depth/1767377663.npy,data/raw/arducam/confidence/1767377663.npy,data/processed/arducam/pose_coco17/1767377663.json,
1767377664,2026-01-02T18:14:24Z,scene_009,val,true,17,180,240,data/raw/arducam/depth/1767377664.npy,data/raw/arducam/confidence/1767377664.npy,data/processed/arducam/pose_coco17/1767377664.json,
1767377665,2026-01-02T18:14:25Z,scene_009,val,true,17,180,240,data/raw/arducam/depth/1767377665.npy,data/raw/arducam/confidence/1767377665.npy,data/processed/arducam/pose_coco17/1767377665.json,
1767377666,2026-01-02T18:14:26Z,scene_009,val,true,17,180,240,data/raw/arducam/depth/1767377666.npy,data/raw/arducam/confidence/1767377666.npy,data/processed/arducam/pose_coco17/1767377666.json,
1767377667,2026-01-02T18:14:27Z,scene_009,val,true,17,180,240,data/raw/arducam/depth/1767377667.npy,data/raw/arducam/confidence/1767377667.npy,data/processed/arducam/pose_coco17/1767377667.json,
1767377668,2026-01-02T18:14:28Z,scene_009,val,true,17,180,240,data/raw/arducam/depth/1767377668.npy,data/raw/arducam/confidence/1767377668.npy,data/processed/arducam/pose_coco17/1767377668.json,
1767377669,2026-01-02T18:14:29Z,scene_009,val,true,17,180,240,data/raw/arducam/depth/1767377669.npy,data/raw/arducam/confidence/1767377669.npy,data/processed/arducam/pose_coco17/1767377669.json,
1767377670,2026-01-02T18:14:30Z,scene_009,val,true,17,180,240,data/raw/arducam/depth/1767377670.npy,data/raw/arducam/confidence/1767377670.npy,data/processed/arducam/pose_coco17/1767377670.json,
1767377671,2026-01-02T18:14:31Z,scene_009,val,true,17,180,240,data/raw/arducam/depth/1767377671.npy,data/raw/arducam/confidence/1767377671.npy,data/processed/arducam/pose_coco17/1767377671.json,
1767377672,2026-01-02T18:14:32Z,scene_009,val,true,17,180,240,data/raw/arducam/depth/1767377672.npy,data/raw/arducam/confidence/1767377672.npy,data/processed/arducam/pose_coco17/1767377672.json,
1767377673,2026-01-02T18:14:33Z,scene_009,val,true,17,180,240,data/raw/arducam/depth/1767377673.npy,data/raw/arducam/confidence/1767377673.npy,data/processed/arducam/pose_coco17/1767377673.json,
1767377674,2026-01-02T18:14:34Z,scene_009,val,true,17,180,240,data/raw/arducam/depth/1767377674.npy,data/raw/arducam/confidence/1767377674.npy,data/processed/arducam/pose_coco17/1767377674.json,
1767377675,2026-01-02T18:14:35Z,scene_009,val,true,17,180,240,data/raw/arducam/depth/1767377675.npy,data/raw/arducam/confidence/1767377675.npy,data/processed/arducam/pose_coco17/1767377675.json,
1767377676,2026-01-02T18:14:36Z,scene_009,val,true,17,180,240,data/raw/arducam/depth/1767377676.npy,data/raw/arducam/confidence/1767377676.npy,data/processed/arducam/pose_coco17/1767377676.json,
1767377677,2026-01-02T18:14:37Z,scene_009,val,true,17,180,240,data/raw/arducam/depth/1767377677.npy,data/raw/arducam/confidence/1767377677.npy,data/processed/arducam/pose_coco17/1767377677.json,
1767377678,2026-01-02T18:14:38Z,scene_009,val,true,17,180,240,data/raw/arducam/depth/1767377678.npy,data/raw/arducam/confidence/1767377678.npy,data/processed/arducam/pose_coco17/1767377678.json,
1767377679,2026-01-02T18:14:39Z,scene_009,val,true,17,180,240,data/raw/arducam/depth/1767377679.npy,data/raw/arducam/confidence/1767377679.npy,data/processed/arducam/pose_coco17/1767377679.json,
1767377680,2026-01-02T18:14:40Z,scene_009,val,true,17,180,240,data/raw/arducam/depth/1767377680.npy,data/raw/arducam/confidence/1767377680.npy,data/processed/arducam/pose_coco17/1767377680.json,
1767377681,2026-01-02T18:14:41Z,scene_009,val,true,17,180,240,data/raw/arducam/depth/1767377681.npy,data/raw/arducam/confidence/1767377681.npy,data/processed/arducam/pose_coco17/1767377681.json,
1767377682,2026-01-02T18:14:42Z,scene_009,val,true,17,180,240,data/raw/arducam/depth/1767377682.npy,data/raw/arducam/confidence/1767377682.npy,data/processed/arducam/pose_coco17/1767377682.json,
1767377683,2026-01-02T18:14:43Z,scene_009,val,true,17,180,240,data/raw/arducam/depth/1767377683.npy,data/raw/arducam/confidence/1767377683.npy,data/processed/arducam/pose_coco17/1767377683.json,
1767377684,2026-01-02T18:14:44Z,scene_009,val,true,17,180,240,data/raw/arducam/depth/1767377684.npy,data/raw/arducam/confidence/1767377684.npy,data/processed/arducam/pose_coco17/1767377684.json,
1767377685,2026-01-02T18:14:45Z,scene_009,val,true,17,180,240,data/raw/arducam/depth/1767377685.npy,data/raw/arducam/confidence/1767377685.npy,data/processed/arducam/pose_coco17/1767377685.json,
1767377686,2026-01-02T18:14:46Z,scene_009,val,true,17,180,240,data/raw/arducam/depth/1767377686.npy,data/raw/arducam/confidence/1767377686.npy,data/processed/arducam/pose_coco17/1767377686.json,
1767377687,2026-01-02T18:14:47Z,scene_009,val,true,17,180,240,data/raw/arducam/depth/1767377687.npy,data/raw/arducam/confidence/1767377687.npy,data/processed/arducam/pose_coco17/1767377687.json,
1767377688,2026-01-02T18:14:48Z,scene_009,val,true,17,180,240,data/raw/arducam/depth/1767377688.npy,data/raw/arducam/confidence/1767377688.npy,data/processed/arducam/pose_coco17/1767377688.json,
1767377689,2026-01-02T18:14:49Z,scene_009,val,true,17,180,240,data/raw/arducam/depth/1767377689.npy,data/raw/arducam/confidence/1767377689.npy,data/processed/arducam/pose_coco17/1767377689.json,
1767377690,2026-01-02T18:14:50Z,scene_009,val,true,17,180,240,data/raw/arducam/depth/1767377690.npy,data/raw/arducam/confidence/1767377690.npy,data/processed/arducam/pose_coco17/1767377690.json,
1767377691,2026-01-02T18:14:51Z,scene_009,val,true,17,180,240,data/raw/arducam/depth/1767377691.npy,data/raw/arducam/confidence/1767377691.npy,data/processed/arducam/pose_coco17/1767377691.json,
1767377692,2026-01-02T18:14:52Z,scene_009,val,true,17,180,240,data/raw/arducam/depth/1767377692.npy,data/raw/arducam/confidence/1767377692.npy,data/processed/arducam/pose_coco17/1767377692.json,
1767377693,2026-01-02T18:14:53Z,scene_009,val,true,17,180,240,data/raw/arducam/depth/1767377693.npy,data/raw/arducam/confidence/1767377693.npy,data/processed/arducam/pose_coco17/1767377693.json,
1767377694,2026-01-02T18:14:54Z,scene_009,val,true,17,180,240,data/raw/arducam/depth/1767377694.npy,data/raw/arducam/confidence/1767377694.npy,data/processed/arducam/pose_coco17/1767377694.json,
1767377695,2026-01-02T18:14:55Z,scene_009,val,true,17,180,240,data/raw/arducam/depth/1767377695.npy,data/raw/arducam/confidence/1767377695.npy,data/processed/arducam/pose_coco17/1767377695.json,
1767377696,2026-01-02T18:14:56Z,scene_009,val,true,17,180,240,data/raw/arducam/depth/1767377696.npy,data/raw/arducam/confidence/1767377696.npy,data/processed/arducam/pose_coco17/1767377696.json,
1767377697,2026-01-02T18:14:57Z,scene_009,val,true,17,180,240,data/raw/arducam/depth/1767377697.npy,data/raw/arducam/confidence/1767377697.npy,data/processed/arducam/pose_coco17/1767377697.json,
1767377698,2026-01-02T18:14:58Z,scene_009,val,true,17,180,240,data/raw/arducam/depth/1767377698.npy,data/raw/arducam/confidence/1767377698.npy,data/processed/arducam/pose_coco17/1767377698.json,
1767377699,2026-01-02T18:14:59Z,scene_009,val,true,17,180,240,data/raw/arducam/depth/1767377699.npy,data/raw/arducam/confidence/1767377699.npy,data/processed/arducam/pose_coco17/1767377699.json,
1767377700,2026-01-02T18:15:00Z,scene_009,val,true,17,180,240,data/raw/arducam/depth/1767377700.npy,data/raw/arducam/confidence/1767377700.npy,data/processed/arducam/pose_coco17/1767377700.json,
1767377701,2026-01-02T18:15:01Z,scene_009,val,true,17,180,240,data/raw/arducam/depth/1767377701.npy,data/raw/arducam/confidence/1767377701.npy,data/processed/arducam/pose_coco17/1767377701.json,
1767377702,2026-01-02T18:15:02Z,scene_009,val,true,17,180,240,data/raw/arducam/depth/1767377702.npy,data/raw/arducam/confidence/1767377702.npy,data/processed/arducam/pose_coco17/1767377702.json,
1767377703,2026-01-02T18:15:03Z,scene_009,val,true,17,180,240,data/raw/arducam/depth/1767377703.npy,data/raw/arducam/confidence/1767377703.npy,data/processed/arducam/pose_coco17/1767377703.json,
1767377704,2026-01-02T18:15:04Z,scene_009,val,true,17,180,240,data/raw/arducam/depth/1767377704.npy,data/raw/arducam/confidence/1767377704.npy,data/processed/arducam/pose_coco17/1767377704.json,
1767377705,2026-01-02T18:15:05Z,scene_009,val,true,17,180,240,data/raw/arducam/depth/1767377705.npy,data/raw/arducam/confidence/1767377705.npy,data/processed/arducam/pose_coco17/1767377705.json,
1767377706,2026-01-02T18:15:06Z,scene_009,val,true,17,180,240,data/raw/arducam/depth/1767377706.npy,data/raw/arducam/confidence/1767377706.npy,data/processed/arducam/pose_coco17/1767377706.json,
1767377707,2026-01-02T18:15:07Z,scene_009,val,true,17,180,240,data/raw/arducam/depth/1767377707.npy,data/raw/arducam/confidence/1767377707.npy,data/processed/arducam/pose_coco17/1767377707.json,
1767377708,2026-01-02T18:15:08Z,scene_009,val,true,17,180,240,data/raw/arducam/depth/1767377708.npy,data/raw/arducam/confidence/1767377708.npy,data/processed/arducam/pose_coco17/1767377708.json,
1767377709,2026-01-02T18:15:09Z,scene_009,val,true,17,180,240,data/raw/arducam/depth/1767377709.npy,data/raw/arducam/confidence/1767377709.npy,data/processed/arducam/pose_coco17/1767377709.json,
1767377710,2026-01-02T18:15:10Z,scene_009,val,true,17,180,240,data/raw/arducam/depth/1767377710.npy,data/raw/arducam/confidence/1767377710.npy,data/processed/arducam/pose_coco17/1767377710.json,
1767377711,2026-01-02T18:15:11Z,scene_009,val,true,17,180,240,data/raw/arducam/depth/1767377711.npy,data/raw/arducam/confidence/1767377711.npy,data/processed/arducam/pose_coco17/1767377711.json,
1767377712,2026-01-02T18:15:12Z,scene_009,val,true,17,180,240,data/raw/arducam/depth/1767377712.npy,data/raw/arducam/confidence/1767377712.npy,data/processed/arducam/pose_coco17/1767377712.json,
1767377713,2026-01-02T18:15:13Z,scene_009,val,true,17,180,240,data/raw/arducam/depth/1767377713.npy,data/raw/arducam/confidence/1767377713.npy,data/processed/arducam/pose_coco17/1767377713.json,
1767377714,2026-01-02T18:15:14Z,scene_009,val,true,17,180,240,data/raw/arducam/depth/1767377714.npy,data/raw/arducam/confidence/1767377714.npy,data/processed/arducam/pose_coco17/1767377714.json,
1767377715,2026-01-02T18:15:15Z,scene_009,val,true,17,180,240,data/raw/arducam/depth/1767377715.npy,data/raw/arducam/confidence/1767377715.npy,data/processed/arducam/pose_coco17/1767377715.json,
1767377716,2026-01-02T18:15:16Z,scene_009,val,true,17,180,240,data/raw/arducam/depth/1767377716.npy,data/raw/arducam/confidence/1767377716.npy,data/processed/arducam/pose_coco17/1767377716.json,
1767377717,2026-01-02T18:15:17Z,scene_009,val,true,17,180,240,data/raw/arducam/depth/1767377717.npy,data/raw/arducam/confidence/1767377717.npy,data/processed/arducam/pose_coco17/1767377717.json,
1767377718,2026-01-02T18:15:18Z,scene_009,val,true,17,180,240,data/raw/arducam/depth/1767377718.npy,data/raw/arducam/confidence/1767377718.npy,data/processed/arducam/pose_coco17/1767377718.json,
1767377719,2026-01-02T18:15:19Z,scene_009,val,true,17,180,240,data/raw/arducam/depth/1767377719.npy,data/raw/arducam/confidence/1767377719.npy,data/processed/arducam/pose_coco17/1767377719.json,
1767377720,2026-01-02T18:15:20Z,scene_009,val,true,17,180,240,data/raw/arducam/depth/1767377720.npy,data/raw/arducam/confidence/1767377720.npy,data/processed/arducam/pose_coco17/1767377720.json,
1767377721,2026-01-02T18:15:21Z,scene_009,val,true,14,180,240,data/raw/arducam/depth/1767377721.npy,data/raw/arducam/confidence/1767377721.npy,data/processed/arducam/pose_coco17/1767377721.json,
1767377722,2026-01-02T18:15:22Z,scene_009,val,true,13,180,240,data/raw/arducam/depth/1767377722.npy,data/raw/arducam/confidence/1767377722.npy,data/processed/arducam/pose_coco17/1767377722.json,
1767377723,2026-01-02T18:15:23Z,scene_009,val,true,17,180,240,data/raw/arducam/depth/1767377723.npy,data/raw/arducam/confidence/1767377723.npy,data/processed/arducam/pose_coco17/1767377723.json,
1767377724,2026-01-02T18:15:24Z,scene_009,val,true,17,180,240,data/raw/arducam/depth/1767377724.npy,data/raw/arducam/confidence/1767377724.npy,data/processed/arducam/pose_coco17/1767377724.json,
1767377725,2026-01-02T18:15:25Z,scene_009,val,true,17,180,240,data/raw/arducam/depth/1767377725.npy,data/raw/arducam/confidence/1767377725.npy,data/processed/arducam/pose_coco17/1767377725.json,
1767377726,2026-01-02T18:15:26Z,scene_009,val,true,17,180,240,data/raw/arducam/depth/1767377726.npy,data/raw/arducam/confidence/1767377726.npy,data/processed/arducam/pose_coco17/1767377726.json,
1767377727,2026-01-02T18:15:27Z,scene_009,val,true,17,180,240,data/raw/arducam/depth/1767377727.npy,data/raw/arducam/confidence/1767377727.npy,data/processed/arducam/pose_coco17/1767377727.json,
1767377728,2026-01-02T18:15:28Z,scene_009,val,true,17,180,240,data/raw/arducam/depth/1767377728.npy,data/raw/arducam/confidence/1767377728.npy,data/processed/arducam/pose_coco17/1767377728.json,
1767377729,2026-01-02T18:15:29Z,scene_009,val,true,17,180,240,data/raw/arducam/depth/1767377729.npy,data/raw/arducam/confidence/1767377729.npy,data/processed/arducam/pose_coco17/1767377729.json,
1767377730,2026-01-02T18:15:30Z,scene_009,val,true,17,180,240,data/raw/arducam/depth/1767377730.npy,data/raw/arducam/confidence/1767377730.npy,data/processed/arducam/pose_coco17/1767377730.json,
1767377731,2026-01-02T18:15:31Z,scene_009,val,true,17,180,240,data/raw/arducam/depth/1767377731.npy,data/raw/arducam/confidence/1767377731.npy,data/processed/arducam/pose_coco17/1767377731.json,
1767377732,2026-01-02T18:15:32Z,scene_009,val,true,17,180,240,data/raw/arducam/depth/1767377732.npy,data/raw/arducam/confidence/1767377732.npy,data/processed/arducam/pose_coco17/1767377732.json,
1767377733,2026-01-02T18:15:33Z,scene_009,val,true,17,180,240,data/raw/arducam/depth/1767377733.npy,data/raw/arducam/confidence/1767377733.npy,data/processed/arducam/pose_coco17/1767377733.json,
1767377734,2026-01-02T18:15:34Z,scene_009,val,true,17,180,240,data/raw/arducam/depth/1767377734.npy,data/raw/arducam/confidence/1767377734.npy,data/processed/arducam/pose_coco17/1767377734.json,
1767377735,2026-01-02T18:15:35Z,scene_009,val,true,17,180,240,data/raw/arducam/depth/1767377735.npy,data/raw/arducam/confidence/1767377735.npy,data/processed/arducam/pose_coco17/1767377735.json,
1767377736,2026-01-02T18:15:36Z,scene_009,val,true,17,180,240,data/raw/arducam/depth/1767377736.npy,data/raw/arducam/confidence/1767377736.npy,data/processed/arducam/pose_coco17/1767377736.json,
1767377737,2026-01-02T18:15:37Z,scene_009,val,true,14,180,240,data/raw/arducam/depth/1767377737.npy,data/raw/arducam/confidence/1767377737.npy,data/processed/arducam/pose_coco17/1767377737.json,
1767377738,2026-01-02T18:15:38Z,scene_009,val,true,15,180,240,data/raw/arducam/depth/1767377738.npy,data/raw/arducam/confidence/1767377738.npy,data/processed/arducam/pose_coco17/1767377738.json,
1767377739,2026-01-02T18:15:39Z,scene_009,val,false,8,180,240,data/raw/arducam/depth/1767377739.npy,data/raw/arducam/confidence/1767377739.npy,data/processed/arducam/pose_coco17/1767377739.json,fewer_than_12_valid_keypoints
1767377740,2026-01-02T18:15:40Z,scene_009,val,false,7,180,240,data/raw/arducam/depth/1767377740.npy,data/raw/arducam/confidence/1767377740.npy,data/processed/arducam/pose_coco17/1767377740.json,fewer_than_12_valid_keypoints
1767377741,2026-01-02T18:15:41Z,scene_009,val,false,7,180,240,data/raw/arducam/depth/1767377741.npy,data/raw/arducam/confidence/1767377741.npy,data/processed/arducam/pose_coco17/1767377741.json,fewer_than_12_valid_keypoints
1767377742,2026-01-02T18:15:42Z,scene_009,val,false,8,180,240,data/raw/arducam/depth/1767377742.npy,data/raw/arducam/confidence/1767377742.npy,data/processed/arducam/pose_coco17/1767377742.json,fewer_than_12_valid_keypoints
1767377743,2026-01-02T18:15:43Z,scene_009,val,true,13,180,240,data/raw/arducam/depth/1767377743.npy,data/raw/arducam/confidence/1767377743.npy,data/processed/arducam/pose_coco17/1767377743.json,
1767377744,2026-01-02T18:15:44Z,scene_009,val,true,12,180,240,data/raw/arducam/depth/1767377744.npy,data/raw/arducam/confidence/1767377744.npy,data/processed/arducam/pose_coco17/1767377744.json,
1767377745,2026-01-02T18:15:45Z,scene_009,val,true,17,180,240,data/raw/arducam/depth/1767377745.npy,data/raw/arducam/confidence/1767377745.npy,data/processed/arducam/pose_coco17/1767377745.json,
1767377746,2026-01-02T18:15:46Z,scene_009,val,true,17,180,240,data/raw/arducam/depth/1767377746.npy,data/raw/arducam/confidence/1767377746.npy,data/processed/arducam/pose_coco17/1767377746.json,
1767377747,2026-01-02T18:15:47Z,scene_009,val,true,17,180,240,data/raw/arducam/depth/1767377747.npy,data/raw/arducam/confidence/1767377747.npy,data/processed/arducam/pose_coco17/1767377747.json,
1767377748,2026-01-02T18:15:48Z,scene_009,val,true,17,180,240,data/raw/arducam/depth/1767377748.npy,data/raw/arducam/confidence/1767377748.npy,data/processed/arducam/pose_coco17/1767377748.json,
1767377749,2026-01-02T18:15:49Z,scene_009,val,true,16,180,240,data/raw/arducam/depth/1767377749.npy,data/raw/arducam/confidence/1767377749.npy,data/processed/arducam/pose_coco17/1767377749.json,
1767377750,2026-01-02T18:15:50Z,scene_009,val,true,17,180,240,data/raw/arducam/depth/1767377750.npy,data/raw/arducam/confidence/1767377750.npy,data/processed/arducam/pose_coco17/1767377750.json,
1767377751,2026-01-02T18:15:51Z,scene_009,val,true,14,180,240,data/raw/arducam/depth/1767377751.npy,data/raw/arducam/confidence/1767377751.npy,data/processed/arducam/pose_coco17/1767377751.json,
1767377752,2026-01-02T18:15:52Z,scene_009,val,true,12,180,240,data/raw/arducam/depth/1767377752.npy,data/raw/arducam/confidence/1767377752.npy,data/processed/arducam/pose_coco17/1767377752.json,
1767377753,2026-01-02T18:15:53Z,scene_009,val,false,10,180,240,data/raw/arducam/depth/1767377753.npy,data/raw/arducam/confidence/1767377753.npy,data/processed/arducam/pose_coco17/1767377753.json,fewer_than_12_valid_keypoints
1767377754,2026-01-02T18:15:54Z,scene_009,val,true,15,180,240,data/raw/arducam/depth/1767377754.npy,data/raw/arducam/confidence/1767377754.npy,data/processed/arducam/pose_coco17/1767377754.json,
1767377755,2026-01-02T18:15:55Z,scene_009,val,true,17,180,240,data/raw/arducam/depth/1767377755.npy,data/raw/arducam/confidence/1767377755.npy,data/processed/arducam/pose_coco17/1767377755.json,
1767377756,2026-01-02T18:15:56Z,scene_009,val,true,17,180,240,data/raw/arducam/depth/1767377756.npy,data/raw/arducam/confidence/1767377756.npy,data/processed/arducam/pose_coco17/1767377756.json,
1767377757,2026-01-02T18:15:57Z,scene_009,val,true,17,180,240,data/raw/arducam/depth/1767377757.npy,data/raw/arducam/confidence/1767377757.npy,data/processed/arducam/pose_coco17/1767377757.json,
1767377758,2026-01-02T18:15:58Z,scene_009,val,true,17,180,240,data/raw/arducam/depth/1767377758.npy,data/raw/arducam/confidence/1767377758.npy,data/processed/arducam/pose_coco17/1767377758.json,
1767377759,2026-01-02T18:15:59Z,scene_009,val,true,17,180,240,data/raw/arducam/depth/1767377759.npy,data/raw/arducam/confidence/1767377759.npy,data/processed/arducam/pose_coco17/1767377759.json,
1767377760,2026-01-02T18:16:00Z,scene_009,val,true,17,180,240,data/raw/arducam/depth/1767377760.npy,data/raw/arducam/confidence/1767377760.npy,data/processed/arducam/pose_coco17/1767377760.json,
1767377761,2026-01-02T18:16:01Z,scene_009,val,true,17,180,240,data/raw/arducam/depth/1767377761.npy,data/raw/arducam/confidence/1767377761.npy,data/processed/arducam/pose_coco17/1767377761.json,
1767377762,2026-01-02T18:16:02Z,scene_009,val,true,17,180,240,data/raw/arducam/depth/1767377762.npy,data/raw/arducam/confidence/1767377762.npy,data/processed/arducam/pose_coco17/1767377762.json,
1767377763,2026-01-02T18:16:03Z,scene_009,val,true,17,180,240,data/raw/arducam/depth/1767377763.npy,data/raw/arducam/confidence/1767377763.npy,data/processed/arducam/pose_coco17/1767377763.json,
1767377764,2026-01-02T18:16:04Z,scene_009,val,true,17,180,240,data/raw/arducam/depth/1767377764.npy,data/raw/arducam/confidence/1767377764.npy,data/processed/arducam/pose_coco17/1767377764.json,
1767377765,2026-01-02T18:16:05Z,scene_009,val,true,15,180,240,data/raw/arducam/depth/1767377765.npy,data/raw/arducam/confidence/1767377765.npy,data/processed/arducam/pose_coco17/1767377765.json,
1767377766,2026-01-02T18:16:06Z,scene_009,val,true,12,180,240,data/raw/arducam/depth/1767377766.npy,data/raw/arducam/confidence/1767377766.npy,data/processed/arducam/pose_coco17/1767377766.json,
1767377767,2026-01-02T18:16:07Z,scene_009,val,false,11,180,240,data/raw/arducam/depth/1767377767.npy,data/raw/arducam/confidence/1767377767.npy,data/processed/arducam/pose_coco17/1767377767.json,fewer_than_12_valid_keypoints
1767377768,2026-01-02T18:16:08Z,scene_009,val,true,17,180,240,data/raw/arducam/depth/1767377768.npy,data/raw/arducam/confidence/1767377768.npy,data/processed/arducam/pose_coco17/1767377768.json,
1767377769,2026-01-02T18:16:09Z,scene_009,val,true,17,180,240,data/raw/arducam/depth/1767377769.npy,data/raw/arducam/confidence/1767377769.npy,data/processed/arducam/pose_coco17/1767377769.json,
1767377770,2026-01-02T18:16:10Z,scene_009,val,true,17,180,240,data/raw/arducam/depth/1767377770.npy,data/raw/arducam/confidence/1767377770.npy,data/processed/arducam/pose_coco17/1767377770.json,
1767377771,2026-01-02T18:16:11Z,scene_009,val,true,17,180,240,data/raw/arducam/depth/1767377771.npy,data/raw/arducam/confidence/1767377771.npy,data/processed/arducam/pose_coco17/1767377771.json,
1767377772,2026-01-02T18:16:12Z,scene_009,val,true,17,180,240,data/raw/arducam/depth/1767377772.npy,data/raw/arducam/confidence/1767377772.npy,data/processed/arducam/pose_coco17/1767377772.json,
1767377773,2026-01-02T18:16:13Z,scene_009,val,true,17,180,240,data/raw/arducam/depth/1767377773.npy,data/raw/arducam/confidence/1767377773.npy,data/processed/arducam/pose_coco17/1767377773.json,
1767377774,2026-01-02T18:16:14Z,scene_009,val,true,17,180,240,data/raw/arducam/depth/1767377774.npy,data/raw/arducam/confidence/1767377774.npy,data/processed/arducam/pose_coco17/1767377774.json,
1767377775,2026-01-02T18:16:15Z,scene_009,val,true,16,180,240,data/raw/arducam/depth/1767377775.npy,data/raw/arducam/confidence/1767377775.npy,data/processed/arducam/pose_coco17/1767377775.json,
1767377776,2026-01-02T18:16:16Z,scene_009,val,true,17,180,240,data/raw/arducam/depth/1767377776.npy,data/raw/arducam/confidence/1767377776.npy,data/processed/arducam/pose_coco17/1767377776.json,
1767377777,2026-01-02T18:16:17Z,scene_009,val,true,12,180,240,data/raw/arducam/depth/1767377777.npy,data/raw/arducam/confidence/1767377777.npy,data/processed/arducam/pose_coco17/1767377777.json,
1767377778,2026-01-02T18:16:18Z,scene_009,val,true,12,180,240,data/raw/arducam/depth/1767377778.npy,data/raw/arducam/confidence/1767377778.npy,data/processed/arducam/pose_coco17/1767377778.json,
1767377779,2026-01-02T18:16:19Z,scene_009,val,true,13,180,240,data/raw/arducam/depth/1767377779.npy,data/raw/arducam/confidence/1767377779.npy,data/processed/arducam/pose_coco17/1767377779.json,
1767377780,2026-01-02T18:16:20Z,scene_009,val,true,13,180,240,data/raw/arducam/depth/1767377780.npy,data/raw/arducam/confidence/1767377780.npy,data/processed/arducam/pose_coco17/1767377780.json,
1767377781,2026-01-02T18:16:21Z,scene_009,val,true,15,180,240,data/raw/arducam/depth/1767377781.npy,data/raw/arducam/confidence/1767377781.npy,data/processed/arducam/pose_coco17/1767377781.json,
1767377782,2026-01-02T18:16:22Z,scene_009,val,true,17,180,240,data/raw/arducam/depth/1767377782.npy,data/raw/arducam/confidence/1767377782.npy,data/processed/arducam/pose_coco17/1767377782.json,
1767377786,2026-01-02T18:16:26Z,scene_009,val,true,17,180,240,data/raw/arducam/depth/1767377786.npy,data/raw/arducam/confidence/1767377786.npy,data/processed/arducam/pose_coco17/1767377786.json,
1767377787,2026-01-02T18:16:27Z,scene_009,val,true,17,180,240,data/raw/arducam/depth/1767377787.npy,data/raw/arducam/confidence/1767377787.npy,data/processed/arducam/pose_coco17/1767377787.json,
1767377788,2026-01-02T18:16:28Z,scene_009,val,true,17,180,240,data/raw/arducam/depth/1767377788.npy,data/raw/arducam/confidence/1767377788.npy,data/processed/arducam/pose_coco17/1767377788.json,
1767377789,2026-01-02T18:16:29Z,scene_009,val,true,17,180,240,data/raw/arducam/depth/1767377789.npy,data/raw/arducam/confidence/1767377789.npy,data/processed/arducam/pose_coco17/1767377789.json,
1767377790,2026-01-02T18:16:30Z,scene_009,val,true,13,180,240,data/raw/arducam/depth/1767377790.npy,data/raw/arducam/confidence/1767377790.npy,data/processed/arducam/pose_coco17/1767377790.json,
1767377791,2026-01-02T18:16:31Z,scene_009,val,true,17,180,240,data/raw/arducam/depth/1767377791.npy,data/raw/arducam/confidence/1767377791.npy,data/processed/arducam/pose_coco17/1767377791.json,
1767377792,2026-01-02T18:16:32Z,scene_009,val,true,16,180,240,data/raw/arducam/depth/1767377792.npy,data/raw/arducam/confidence/1767377792.npy,data/processed/arducam/pose_coco17/1767377792.json,
1767377793,2026-01-02T18:16:33Z,scene_009,val,true,17,180,240,data/raw/arducam/depth/1767377793.npy,data/raw/arducam/confidence/1767377793.npy,data/processed/arducam/pose_coco17/1767377793.json,
1767377794,2026-01-02T18:16:34Z,scene_009,val,true,17,180,240,data/raw/arducam/depth/1767377794.npy,data/raw/arducam/confidence/1767377794.npy,data/processed/arducam/pose_coco17/1767377794.json,
1767377795,2026-01-02T18:16:35Z,scene_009,val,true,15,180,240,data/raw/arducam/depth/1767377795.npy,data/raw/arducam/confidence/1767377795.npy,data/processed/arducam/pose_coco17/1767377795.json,
1767377796,2026-01-02T18:16:36Z,scene_009,val,true,12,180,240,data/raw/arducam/depth/1767377796.npy,data/raw/arducam/confidence/1767377796.npy,data/processed/arducam/pose_coco17/1767377796.json,
1767377797,2026-01-02T18:16:37Z,scene_009,val,true,14,180,240,data/raw/arducam/depth/1767377797.npy,data/raw/arducam/confidence/1767377797.npy,data/processed/arducam/pose_coco17/1767377797.json,
1767377798,2026-01-02T18:16:38Z,scene_009,val,true,13,180,240,data/raw/arducam/depth/1767377798.npy,data/raw/arducam/confidence/1767377798.npy,data/processed/arducam/pose_coco17/1767377798.json,
1767377799,2026-01-02T18:16:39Z,scene_009,val,true,17,180,240,data/raw/arducam/depth/1767377799.npy,data/raw/arducam/confidence/1767377799.npy,data/processed/arducam/pose_coco17/1767377799.json,
1767377800,2026-01-02T18:16:40Z,scene_009,val,true,17,180,240,data/raw/arducam/depth/1767377800.npy,data/raw/arducam/confidence/1767377800.npy,data/processed/arducam/pose_coco17/1767377800.json,
1767377801,2026-01-02T18:16:41Z,scene_009,val,true,17,180,240,data/raw/arducam/depth/1767377801.npy,data/raw/arducam/confidence/1767377801.npy,data/processed/arducam/pose_coco17/1767377801.json,
1767377802,2026-01-02T18:16:42Z,scene_009,val,true,17,180,240,data/raw/arducam/depth/1767377802.npy,data/raw/arducam/confidence/1767377802.npy,data/processed/arducam/pose_coco17/1767377802.json,
1767377803,2026-01-02T18:16:43Z,scene_009,val,true,17,180,240,data/raw/arducam/depth/1767377803.npy,data/raw/arducam/confidence/1767377803.npy,data/processed/arducam/pose_coco17/1767377803.json,
1767377804,2026-01-02T18:16:44Z,scene_009,val,true,17,180,240,data/raw/arducam/depth/1767377804.npy,data/raw/arducam/confidence/1767377804.npy,data/processed/arducam/pose_coco17/1767377804.json,
1767377805,2026-01-02T18:16:45Z,scene_009,val,true,17,180,240,data/raw/arducam/depth/1767377805.npy,data/raw/arducam/confidence/1767377805.npy,data/processed/arducam/pose_coco17/1767377805.json,
1767377806,2026-01-02T18:16:46Z,scene_009,val,true,17,180,240,data/raw/arducam/depth/1767377806.npy,data/raw/arducam/confidence/1767377806.npy,data/processed/arducam/pose_coco17/1767377806.json,
1767377807,2026-01-02T18:16:47Z,scene_009,val,true,17,180,240,data/raw/arducam/depth/1767377807.npy,data/raw/arducam/confidence/1767377807.npy,data/processed/arducam/pose_coco17/1767377807.json,
1767377808,2026-01-02T18:16:48Z,scene_009,val,true,14,180,240,data/raw/arducam/depth/1767377808.npy,data/raw/arducam/confidence/1767377808.npy,data/processed/arducam/pose_coco17/1767377808.json,
1767377809,2026-01-02T18:16:49Z,scene_009,val,false,11,180,240,data/raw/arducam/depth/1767377809.npy,data/raw/arducam/confidence/1767377809.npy,data/processed/arducam/pose_coco17/1767377809.json,fewer_than_12_valid_keypoints
1767377810,2026-01-02T18:16:50Z,scene_009,val,true,16,180,240,data/raw/arducam/depth/1767377810.npy,data/raw/arducam/confidence/1767377810.npy,data/processed/arducam/pose_coco17/1767377810.json,
1767377811,2026-01-02T18:16:51Z,scene_009,val,true,15,180,240,data/raw/arducam/depth/1767377811.npy,data/raw/arducam/confidence/1767377811.npy,data/processed/arducam/pose_coco17/1767377811.json,
1767377812,2026-01-02T18:16:52Z,scene_009,val,true,16,180,240,data/raw/arducam/depth/1767377812.npy,data/raw/arducam/confidence/1767377812.npy,data/processed/arducam/pose_coco17/1767377812.json,
1767377813,2026-01-02T18:16:53Z,scene_009,val,true,14,180,240,data/raw/arducam/depth/1767377813.npy,data/raw/arducam/confidence/1767377813.npy,data/processed/arducam/pose_coco17/1767377813.json,
1767377814,2026-01-02T18:16:54Z,scene_009,val,true,17,180,240,data/raw/arducam/depth/1767377814.npy,data/raw/arducam/confidence/1767377814.npy,data/processed/arducam/pose_coco17/1767377814.json,
1767377815,2026-01-02T18:16:55Z,scene_009,val,true,17,180,240,data/raw/arducam/depth/1767377815.npy,data/raw/arducam/confidence/1767377815.npy,data/processed/arducam/pose_coco17/1767377815.json,
1767377816,2026-01-02T18:16:56Z,scene_009,val,true,17,180,240,data/raw/arducam/depth/1767377816.npy,data/raw/arducam/confidence/1767377816.npy,data/processed/arducam/pose_coco17/1767377816.json,
1767377817,2026-01-02T18:16:57Z,scene_009,val,true,17,180,240,data/raw/arducam/depth/1767377817.npy,data/raw/arducam/confidence/1767377817.npy,data/processed/arducam/pose_coco17/1767377817.json,
1767377818,2026-01-02T18:16:58Z,scene_009,val,true,17,180,240,data/raw/arducam/depth/1767377818.npy,data/raw/arducam/confidence/1767377818.npy,data/processed/arducam/pose_coco17/1767377818.json,
1767377819,2026-01-02T18:16:59Z,scene_009,val,true,17,180,240,data/raw/arducam/depth/1767377819.npy,data/raw/arducam/confidence/1767377819.npy,data/processed/arducam/pose_coco17/1767377819.json,
1767377820,2026-01-02T18:17:00Z,scene_009,val,true,17,180,240,data/raw/arducam/depth/1767377820.npy,data/raw/arducam/confidence/1767377820.npy,data/processed/arducam/pose_coco17/1767377820.json,
1767377821,2026-01-02T18:17:01Z,scene_009,val,false,11,180,240,data/raw/arducam/depth/1767377821.npy,data/raw/arducam/confidence/1767377821.npy,data/processed/arducam/pose_coco17/1767377821.json,fewer_than_12_valid_keypoints
1767377822,2026-01-02T18:17:02Z,scene_009,val,false,7,180,240,data/raw/arducam/depth/1767377822.npy,data/raw/arducam/confidence/1767377822.npy,data/processed/arducam/pose_coco17/1767377822.json,fewer_than_12_valid_keypoints
1767377823,2026-01-02T18:17:03Z,scene_009,val,false,8,180,240,data/raw/arducam/depth/1767377823.npy,data/raw/arducam/confidence/1767377823.npy,data/processed/arducam/pose_coco17/1767377823.json,fewer_than_12_valid_keypoints
1767377824,2026-01-02T18:17:04Z,scene_009,val,true,15,180,240,data/raw/arducam/depth/1767377824.npy,data/raw/arducam/confidence/1767377824.npy,data/processed/arducam/pose_coco17/1767377824.json,
1767377825,2026-01-02T18:17:05Z,scene_009,val,true,17,180,240,data/raw/arducam/depth/1767377825.npy,data/raw/arducam/confidence/1767377825.npy,data/processed/arducam/pose_coco17/1767377825.json,
1767377826,2026-01-02T18:17:06Z,scene_009,val,true,17,180,240,data/raw/arducam/depth/1767377826.npy,data/raw/arducam/confidence/1767377826.npy,data/processed/arducam/pose_coco17/1767377826.json,
1767377827,2026-01-02T18:17:07Z,scene_009,val,true,17,180,240,data/raw/arducam/depth/1767377827.npy,data/raw/arducam/confidence/1767377827.npy,data/processed/arducam/pose_coco17/1767377827.json,
1767377828,2026-01-02T18:17:08Z,scene_009,val,true,17,180,240,data/raw/arducam/depth/1767377828.npy,data/raw/arducam/confidence/1767377828.npy,data/processed/arducam/pose_coco17/1767377828.json,
1767377829,2026-01-02T18:17:09Z,scene_009,val,true,17,180,240,data/raw/arducam/depth/1767377829.npy,data/raw/arducam/confidence/1767377829.npy,data/processed/arducam/pose_coco17/1767377829.json,
1767377830,2026-01-02T18:17:10Z,scene_009,val,true,17,180,240,data/raw/arducam/depth/1767377830.npy,data/raw/arducam/confidence/1767377830.npy,data/processed/arducam/pose_coco17/1767377830.json,
1767377831,2026-01-02T18:17:11Z,scene_009,val,true,17,180,240,data/raw/arducam/depth/1767377831.npy,data/raw/arducam/confidence/1767377831.npy,data/processed/arducam/pose_coco17/1767377831.json,
1767377832,2026-01-02T18:17:12Z,scene_009,val,true,17,180,240,data/raw/arducam/depth/1767377832.npy,data/raw/arducam/confidence/1767377832.npy,data/processed/arducam/pose_coco17/1767377832.json,
1767377833,2026-01-02T18:17:13Z,scene_009,val,true,17,180,240,data/raw/arducam/depth/1767377833.npy,data/raw/arducam/confidence/1767377833.npy,data/processed/arducam/pose_coco17/1767377833.json,
1767377834,2026-01-02T18:17:14Z,scene_009,val,true,17,180,240,data/raw/arducam/depth/1767377834.npy,data/raw/arducam/confidence/1767377834.npy,data/processed/arducam/pose_coco17/1767377834.json,
1767377835,2026-01-02T18:17:15Z,scene_009,val,true,17,180,240,data/raw/arducam/depth/1767377835.npy,data/raw/arducam/confidence/1767377835.npy,data/processed/arducam/pose_coco17/1767377835.json,
1767377836,2026-01-02T18:17:16Z,scene_009,val,true,17,180,240,data/raw/arducam/depth/1767377836.npy,data/raw/arducam/confidence/1767377836.npy,data/processed/arducam/pose_coco17/1767377836.json,
1767377837,2026-01-02T18:17:17Z,scene_009,val,true,17,180,240,data/raw/arducam/depth/1767377837.npy,data/raw/arducam/confidence/1767377837.npy,data/processed/arducam/pose_coco17/1767377837.json,
1767377838,2026-01-02T18:17:18Z,scene_009,val,true,17,180,240,data/raw/arducam/depth/1767377838.npy,data/raw/arducam/confidence/1767377838.npy,data/processed/arducam/pose_coco17/1767377838.json,
1767377839,2026-01-02T18:17:19Z,scene_009,val,true,17,180,240,data/raw/arducam/depth/1767377839.npy,data/raw/arducam/confidence/1767377839.npy,data/processed/arducam/pose_coco17/1767377839.json,
1767377840,2026-01-02T18:17:20Z,scene_009,val,true,16,180,240,data/raw/arducam/depth/1767377840.npy,data/raw/arducam/confidence/1767377840.npy,data/processed/arducam/pose_coco17/1767377840.json,
1767377841,2026-01-02T18:17:21Z,scene_009,val,true,16,180,240,data/raw/arducam/depth/1767377841.npy,data/raw/arducam/confidence/1767377841.npy,data/processed/arducam/pose_coco17/1767377841.json,
1767377842,2026-01-02T18:17:22Z,scene_009,val,false,11,180,240,data/raw/arducam/depth/1767377842.npy,data/raw/arducam/confidence/1767377842.npy,data/processed/arducam/pose_coco17/1767377842.json,fewer_than_12_valid_keypoints
1767377843,2026-01-02T18:17:23Z,scene_009,val,false,9,180,240,data/raw/arducam/depth/1767377843.npy,data/raw/arducam/confidence/1767377843.npy,data/processed/arducam/pose_coco17/1767377843.json,fewer_than_12_valid_keypoints
1767377844,2026-01-02T18:17:24Z,scene_009,val,true,15,180,240,data/raw/arducam/depth/1767377844.npy,data/raw/arducam/confidence/1767377844.npy,data/processed/arducam/pose_coco17/1767377844.json,
1767377845,2026-01-02T18:17:25Z,scene_009,val,true,17,180,240,data/raw/arducam/depth/1767377845.npy,data/raw/arducam/confidence/1767377845.npy,data/processed/arducam/pose_coco17/1767377845.json,
1767377846,2026-01-02T18:17:26Z,scene_009,val,true,17,180,240,data/raw/arducam/depth/1767377846.npy,data/raw/arducam/confidence/1767377846.npy,data/processed/arducam/pose_coco17/1767377846.json,
1767377847,2026-01-02T18:17:27Z,scene_009,val,true,17,180,240,data/raw/arducam/depth/1767377847.npy,data/raw/arducam/confidence/1767377847.npy,data/processed/arducam/pose_coco17/1767377847.json,
1767377848,2026-01-02T18:17:28Z,scene_009,val,true,17,180,240,data/raw/arducam/depth/1767377848.npy,data/raw/arducam/confidence/1767377848.npy,data/processed/arducam/pose_coco17/1767377848.json,
1767377849,2026-01-02T18:17:29Z,scene_009,val,true,17,180,240,data/raw/arducam/depth/1767377849.npy,data/raw/arducam/confidence/1767377849.npy,data/processed/arducam/pose_coco17/1767377849.json,
1767377850,2026-01-02T18:17:30Z,scene_009,val,true,17,180,240,data/raw/arducam/depth/1767377850.npy,data/raw/arducam/confidence/1767377850.npy,data/processed/arducam/pose_coco17/1767377850.json,
1767377851,2026-01-02T18:17:31Z,scene_009,val,true,17,180,240,data/raw/arducam/depth/1767377851.npy,data/raw/arducam/confidence/1767377851.npy,data/processed/arducam/pose_coco17/1767377851.json,
1767377852,2026-01-02T18:17:32Z,scene_009,val,true,17,180,240,data/raw/arducam/depth/1767377852.npy,data/raw/arducam/confidence/1767377852.npy,data/processed/arducam/pose_coco17/1767377852.json,
1767377853,2026-01-02T18:17:33Z,scene_009,val,true,17,180,240,data/raw/arducam/depth/1767377853.npy,data/raw/arducam/confidence/1767377853.npy,data/processed/arducam/pose_coco17/1767377853.json,
1767377854,2026-01-02T18:17:34Z,scene_009,val,true,17,180,240,data/raw/arducam/depth/1767377854.npy,data/raw/arducam/confidence/1767377854.npy,data/processed/arducam/pose_coco17/1767377854.json,
1767377855,2026-01-02T18:17:35Z,scene_009,val,true,17,180,240,data/raw/arducam/depth/1767377855.npy,data/raw/arducam/confidence/1767377855.npy,data/processed/arducam/pose_coco17/1767377855.json,
1767377856,2026-01-02T18:17:36Z,scene_009,val,true,17,180,240,data/raw/arducam/depth/1767377856.npy,data/raw/arducam/confidence/1767377856.npy,data/processed/arducam/pose_coco17/1767377856.json,
1767377857,2026-01-02T18:17:37Z,scene_009,val,true,17,180,240,data/raw/arducam/depth/1767377857.npy,data/raw/arducam/confidence/1767377857.npy,data/processed/arducam/pose_coco17/1767377857.json,
1767377858,2026-01-02T18:17:38Z,scene_009,val,true,17,180,240,data/raw/arducam/depth/1767377858.npy,data/raw/arducam/confidence/1767377858.npy,data/processed/arducam/pose_coco17/1767377858.json,
1767377859,2026-01-02T18:17:39Z,scene_009,val,true,17,180,240,data/raw/arducam/depth/1767377859.npy,data/raw/arducam/confidence/1767377859.npy,data/processed/arducam/pose_coco17/1767377859.json,
1767377860,2026-01-02T18:17:40Z,scene_009,val,true,17,180,240,data/raw/arducam/depth/1767377860.npy,data/raw/arducam/confidence/1767377860.npy,data/processed/arducam/pose_coco17/1767377860.json,
1767377861,2026-01-02T18:17:41Z,scene_009,val,true,17,180,240,data/raw/arducam/depth/1767377861.npy,data/raw/arducam/confidence/1767377861.npy,data/processed/arducam/pose_coco17/1767377861.json,
1767377862,2026-01-02T18:17:42Z,scene_009,val,true,17,180,240,data/raw/arducam/depth/1767377862.npy,data/raw/arducam/confidence/1767377862.npy,data/processed/arducam/pose_coco17/1767377862.json,
1767377863,2026-01-02T18:17:43Z,scene_009,val,true,17,180,240,data/raw/arducam/depth/1767377863.npy,data/raw/arducam/confidence/1767377863.npy,data/processed/arducam/pose_coco17/1767377863.json,
1767377864,2026-01-02T18:17:44Z,scene_009,val,true,17,180,240,data/raw/arducam/depth/1767377864.npy,data/raw/arducam/confidence/1767377864.npy,data/processed/arducam/pose_coco17/1767377864.json,
1767377865,2026-01-02T18:17:45Z,scene_009,val,true,17,180,240,data/raw/arducam/depth/1767377865.npy,data/raw/arducam/confidence/1767377865.npy,data/processed/arducam/pose_coco17/1767377865.json,
1767377866,2026-01-02T18:17:46Z,scene_009,val,true,17,180,240,data/raw/arducam/depth/1767377866.npy,data/raw/arducam/confidence/1767377866.npy,data/processed/arducam/pose_coco17/1767377866.json,
1767377867,2026-01-02T18:17:47Z,scene_009,val,true,17,180,240,data/raw/arducam/depth/1767377867.npy,data/raw/arducam/confidence/1767377867.npy,data/processed/arducam/pose_coco17/1767377867.json,
1767377868,2026-01-02T18:17:48Z,scene_009,val,true,17,180,240,data/raw/arducam/depth/1767377868.npy,data/raw/arducam/confidence/1767377868.npy,data/processed/arducam/pose_coco17/1767377868.json,
1767377869,2026-01-02T18:17:49Z,scene_009,val,true,17,180,240,data/raw/arducam/depth/1767377869.npy,data/raw/arducam/confidence/1767377869.npy,data/processed/arducam/pose_coco17/1767377869.json,
1767377870,2026-01-02T18:17:50Z,scene_009,val,true,17,180,240,data/raw/arducam/depth/1767377870.npy,data/raw/arducam/confidence/1767377870.npy,data/processed/arducam/pose_coco17/1767377870.json,
1767377871,2026-01-02T18:17:51Z,scene_009,val,true,17,180,240,data/raw/arducam/depth/1767377871.npy,data/raw/arducam/confidence/1767377871.npy,data/processed/arducam/pose_coco17/1767377871.json,
1767377872,2026-01-02T18:17:52Z,scene_009,val,true,17,180,240,data/raw/arducam/depth/1767377872.npy,data/raw/arducam/confidence/1767377872.npy,data/processed/arducam/pose_coco17/1767377872.json,
1767377873,2026-01-02T18:17:53Z,scene_009,val,true,17,180,240,data/raw/arducam/depth/1767377873.npy,data/raw/arducam/confidence/1767377873.npy,data/processed/arducam/pose_coco17/1767377873.json,
1767377874,2026-01-02T18:17:54Z,scene_009,val,true,17,180,240,data/raw/arducam/depth/1767377874.npy,data/raw/arducam/confidence/1767377874.npy,data/processed/arducam/pose_coco17/1767377874.json,
1767377875,2026-01-02T18:17:55Z,scene_009,val,true,12,180,240,data/raw/arducam/depth/1767377875.npy,data/raw/arducam/confidence/1767377875.npy,data/processed/arducam/pose_coco17/1767377875.json,
1767377876,2026-01-02T18:17:56Z,scene_009,val,true,17,180,240,data/raw/arducam/depth/1767377876.npy,data/raw/arducam/confidence/1767377876.npy,data/processed/arducam/pose_coco17/1767377876.json,
1767377877,2026-01-02T18:17:57Z,scene_009,val,true,17,180,240,data/raw/arducam/depth/1767377877.npy,data/raw/arducam/confidence/1767377877.npy,data/processed/arducam/pose_coco17/1767377877.json,
1767377878,2026-01-02T18:17:58Z,scene_009,val,true,13,180,240,data/raw/arducam/depth/1767377878.npy,data/raw/arducam/confidence/1767377878.npy,data/processed/arducam/pose_coco17/1767377878.json,
1767377882,2026-01-02T18:18:02Z,scene_009,val,true,17,180,240,data/raw/arducam/depth/1767377882.npy,data/raw/arducam/confidence/1767377882.npy,data/processed/arducam/pose_coco17/1767377882.json,
1767377883,2026-01-02T18:18:03Z,scene_009,val,true,17,180,240,data/raw/arducam/depth/1767377883.npy,data/raw/arducam/confidence/1767377883.npy,data/processed/arducam/pose_coco17/1767377883.json,
1767377884,2026-01-02T18:18:04Z,scene_009,val,true,17,180,240,data/raw/arducam/depth/1767377884.npy,data/raw/arducam/confidence/1767377884.npy,data/processed/arducam/pose_coco17/1767377884.json,
1767377885,2026-01-02T18:18:05Z,scene_009,val,true,17,180,240,data/raw/arducam/depth/1767377885.npy,data/raw/arducam/confidence/1767377885.npy,data/processed/arducam/pose_coco17/1767377885.json,
1767377886,2026-01-02T18:18:06Z,scene_009,val,true,17,180,240,data/raw/arducam/depth/1767377886.npy,data/raw/arducam/confidence/1767377886.npy,data/processed/arducam/pose_coco17/1767377886.json,
1767377887,2026-01-02T18:18:07Z,scene_009,val,true,17,180,240,data/raw/arducam/depth/1767377887.npy,data/raw/arducam/confidence/1767377887.npy,data/processed/arducam/pose_coco17/1767377887.json,
1767377888,2026-01-02T18:18:08Z,scene_009,val,true,17,180,240,data/raw/arducam/depth/1767377888.npy,data/raw/arducam/confidence/1767377888.npy,data/processed/arducam/pose_coco17/1767377888.json,
1767377889,2026-01-02T18:18:09Z,scene_009,val,true,17,180,240,data/raw/arducam/depth/1767377889.npy,data/raw/arducam/confidence/1767377889.npy,data/processed/arducam/pose_coco17/1767377889.json,
1767377890,2026-01-02T18:18:10Z,scene_009,val,true,17,180,240,data/raw/arducam/depth/1767377890.npy,data/raw/arducam/confidence/1767377890.npy,data/processed/arducam/pose_coco17/1767377890.json,
1767377891,2026-01-02T18:18:11Z,scene_009,val,true,12,180,240,data/raw/arducam/depth/1767377891.npy,data/raw/arducam/confidence/1767377891.npy,data/processed/arducam/pose_coco17/1767377891.json,
1767377892,2026-01-02T18:18:12Z,scene_009,val,true,14,180,240,data/raw/arducam/depth/1767377892.npy,data/raw/arducam/confidence/1767377892.npy,data/processed/arducam/pose_coco17/1767377892.json,
1767377893,2026-01-02T18:18:13Z,scene_009,val,true,17,180,240,data/raw/arducam/depth/1767377893.npy,data/raw/arducam/confidence/1767377893.npy,data/processed/arducam/pose_coco17/1767377893.json,
1767377894,2026-01-02T18:18:14Z,scene_009,val,true,17,180,240,data/raw/arducam/depth/1767377894.npy,data/raw/arducam/confidence/1767377894.npy,data/processed/arducam/pose_coco17/1767377894.json,
1767377895,2026-01-02T18:18:15Z,scene_009,val,true,17,180,240,data/raw/arducam/depth/1767377895.npy,data/raw/arducam/confidence/1767377895.npy,data/processed/arducam/pose_coco17/1767377895.json,
1767377896,2026-01-02T18:18:16Z,scene_009,val,true,17,180,240,data/raw/arducam/depth/1767377896.npy,data/raw/arducam/confidence/1767377896.npy,data/processed/arducam/pose_coco17/1767377896.json,
1767377897,2026-01-02T18:18:17Z,scene_009,val,true,17,180,240,data/raw/arducam/depth/1767377897.npy,data/raw/arducam/confidence/1767377897.npy,data/processed/arducam/pose_coco17/1767377897.json,
1767377898,2026-01-02T18:18:18Z,scene_009,val,true,17,180,240,data/raw/arducam/depth/1767377898.npy,data/raw/arducam/confidence/1767377898.npy,data/processed/arducam/pose_coco17/1767377898.json,
1767377899,2026-01-02T18:18:19Z,scene_009,val,true,17,180,240,data/raw/arducam/depth/1767377899.npy,data/raw/arducam/confidence/1767377899.npy,data/processed/arducam/pose_coco17/1767377899.json,
1767377900,2026-01-02T18:18:20Z,scene_009,val,true,13,180,240,data/raw/arducam/depth/1767377900.npy,data/raw/arducam/confidence/1767377900.npy,data/processed/arducam/pose_coco17/1767377900.json,
1767377901,2026-01-02T18:18:21Z,scene_009,val,false,11,180,240,data/raw/arducam/depth/1767377901.npy,data/raw/arducam/confidence/1767377901.npy,data/processed/arducam/pose_coco17/1767377901.json,fewer_than_12_valid_keypoints
